state_fips,county_fips,D_treat,Y_lead_pre_5,Y_lead_post_5,Y_lead_pre_4,Y_lead_post_4,Y_lead_pre_3,Y_lead_post_3,Y_lead_pre_2,Y_lead_post_2,Y_lead_pre_1,Y_lead_post_1,Y_lag_pre_base,Y_lag_post_0,Y_lag_post_1,Y_lag_post_2,Y_lag_post_3,Y_lag_post_4,Y_lag_post_5,Y_lag_post_6,Y_lag_post_7,Y_lag_post_8,X_total_est,X_fed_est,X_state_est,X_local_est,X_priv_est,X_business_est,X_construction_est,X_education_est,X_finance_est,X_goods_est,X_information_est,X_leisure_est,X_manufacturing_est,X_mining_est,X_other_est,X_service_est,X_trade_est,X_total_emp,X_fed_emp,X_state_emp,X_local_emp,X_priv_emp,X_business_emp,X_construction_emp,X_education_emp,X_finance_emp,X_goods_emp,X_information_emp,X_leisure_emp,X_manufacturing_emp,X_mining_emp,X_other_emp,X_service_emp,X_trade_emp,X_total_wage,X_fed_wage,X_state_wage,X_local_wage,X_priv_wage,X_business_wage,X_construction_wage,X_education_wage,X_finance_wage,X_goods_wage,X_information_wage,X_leisure_wage,X_manufacturing_wage,X_mining_wage,X_other_wage,X_service_wage,X_trade_wage,X_fed_ratio_e,X_fed_ratio_w,X_state_ratio_e,X_state_ratio_w,X_local_ratio_e,X_local_ratio_w,X_priv_ratio_e,X_priv_ratio_w,X_business_ratio_e,X_business_ratio_w,X_construction_ratio_e,X_construction_ratio_w,X_education_ratio_e,X_education_ratio_w,X_finance_ratio_e,X_finance_ratio_w,X_goods_ratio_e,X_goods_ratio_w,X_information_ratio_e,X_information_ratio_w,X_leisure_ratio_e,X_leisure_ratio_w,X_manufacturing_ratio_e,X_manufacturing_ratio_w,X_mining_ratio_e,X_mining_ratio_w,X_other_ratio_e,X_other_ratio_w,X_service_ratio_e,X_service_ratio_w,X_trade_ratio_e,X_trade_ratio_w,X_pop_1990,X_sfr,X_eqi,X_growth,Z1,Z2,Z3,Z4,Z5
1,1001,0,33,13,19,33,16,19,12,16,6,12,6,2,4,4,5,3,6,5,3,6,6.4248691,2.3978953,2.5649493,2.3978953,6.3664703,3.9512436,4.4886365,3.4965076,3.8286414,5.0039463,2.0794415,3.583519,3.713572,2.9957323,4.2195077,6.0707378,5.2522736,8.9709406,4.4426513,4.8040209,7.0057888,8.7888985,5.3798971,6.0450053,6.3099184,6.1420374,7.977282,4.5108595,6.3279366,7.7484598,5.1647859,5.4249501,8.2016602,7.3382382,9.8200512,10.04338,10.153818,9.7745743,9.8168945,9.5986595,9.6168051,9.6736965,9.7037554,10.060492,9.9204922,8.8913736,10.155879,9.4380331,9.1412048,9.5680151,9.6785927,.36000001,.34999999,.41999999,.54000002,1.4400001,1.38,1,1.01,.28999999,.2,1.12,.81999999,.70999998,.63999999,.94999999,.69999999,1.63,1.79,.44999999,.37,.81999999,.75,1.8,2.1199999,1.39,.98000002,.91000003,.69,.75999999,.63999999,.94,.91000003,10.44062399109192,.69314718,-7.8402677,0,10.440624,.69314718,1,-7.8402677,0
1,1003,0,498,498,361,498,352,361,276,352,103,276,103,76,66,99,102,92,93,104,103,111,7.7574787,2.4849067,2.9957323,3.4965076,7.7288556,5.4026775,5.5834961,4.9698133,5.2626901,6.1333981,2.9957323,5.4205351,4.89784,4.1271343,5.6240177,7.5021863,6.5930448,10.229548,5.3423343,6.8308744,8.3067188,10.022337,7.2056351,6.9939332,7.3839893,7.1685801,8.849514,5.9814143,8.4200211,8.5366039,6.6644092,6.6592941,9.6519442,8.62784,9.6297083,10.120693,9.724122,9.7874031,9.5881605,9.5937643,9.6407585,9.6739483,9.7680683,9.7622118,9.8916178,9.1101885,9.8238487,9.4683876,9.4073038,9.4991217,9.58459,.25,.31999999,.91000003,.91000003,1.5,1.76,.97000003,.94999999,.50999999,.41999999,.81999999,.75,.58999997,.63999999,.75,.70999998,1.11,1.09,.56,.54000002,1.89,2.5999999,1.12,1.15,1.76,1.55,.88,1.0599999,.92000002,.88,.97000003,1.03,11.49557582663511,5.4722705,-7.9222536,0,11.495576,5.4722705,1,-7.9222536,0
1,1005,0,12,5,7,12,9,7,4,9,2,4,2,2,1,2,4,0,0,0,1,3,6.3225651,2.1972246,2.8332133,2.9444389,6.2383246,3.583519,3.7841897,3.6109178,3.8286414,4.7095304,1.7917595,3.6375861,3.6375861,3.3672957,4.1271343,5.9939613,5.1761498,9.1437731,4.4067192,6.6489844,6.9285378,8.9201221,4.8121843,5.3706379,6.2363696,5.7899604,8.2728262,3.9512436,6.1923623,8.1297646,5.7268476,4.89784,8.1786385,7.5647569,9.7367239,10.051649,9.8455935,9.6452351,9.7326994,9.9668379,9.5640211,9.4942408,9.7791138,9.8362789,9.7199249,8.7723007,9.8402281,9.9519444,8.9738579,9.6049471,9.7361927,.30000001,.31999999,2.26,2.29,1.12,1.02,.95999998,.97000003,.14,.15000001,.47999999,.36000001,.56,.44999999,.56,.47999999,1.84,1.76,.22,.16,.60000002,.52999997,2.21,2.0699999,2.05,2.6300001,.44999999,.31,.63,.60000002,1,1.11,10.14317352046965,1.7917595,-8.1526775,0,10.143173,1.7917595,1,-8.1526775,0
1,1007,0,4,7,4,4,4,4,1,4,1,1,1,0,0,1,2,0,1,1,1,0,5.602119,2.0794415,2.3978953,2.3978953,5.4889379,0,3.3672957,2.7080503,2.9444389,4.4067192,0,2.4849067,3.2188759,3.3322046,2.8903718,5.0751739,4.356709,8.2746115,4.59512,3.9512436,6.5395861,8.0326853,0,5.220356,4.8121843,4.9698133,7.5021863,0,4.8202815,7.167038,5.8021183,5.1119876,7.145196,6.4551988,9.602788,9.9300318,10.175231,9.6434851,9.5673151,0,9.867238,9.5682249,9.6810312,9.5612087,0,8.8052254,9.4638195,9.7122669,9.3516665,9.5759554,9.6806564,.85000002,.92000002,.36000001,.58999997,1.8099999,1.89,.94,.92000002,0,0,.99000001,1.15,.31999999,.31999999,.58999997,.51999998,2.03,1.6799999,0,0,.36000001,.38,2.02,1.48,5.2600002,6.0799999,1.33,1.55,.52999997,.56,.77999997,.94,9.71571114505921,1.0986123,-7.9100628,0,9.7157116,1.0986123,1,-7.9100628,0
1,1009,0,34,26,20,34,39,20,21,39,5,21,5,2,3,7,5,7,2,9,9,1,6.3767271,2.0794415,2.4849067,2.9957323,6.3062754,3.583519,4.4543471,3.4339871,3.6109178,5.1416636,1.7917595,3.5553482,4.2341065,2.7725887,3.9512436,5.9322453,5.1984968,8.883502,4.5325994,4.934474,7.0228682,8.6757345,4.9972124,5.7807436,6.1290503,5.5984221,8.0430212,4.2341065,5.7333412,7.852828,5.3706379,4.8520303,7.9186287,7.2181768,9.5795565,10.073273,9.9977064,9.6975698,9.5320616,9.8400154,9.5517998,9.4603987,9.9522781,9.4809017,10.124869,8.858511,9.4183292,9.960104,9.6029902,9.5870628,9.5882292,.44,.55000001,.52999997,.73000002,1.6,1.8,.97000003,.94,.20999999,.23999999,.94,.81999999,.64999998,.60000002,.60000002,.72000003,1.9,1.48,.37,.47999999,.49000001,.56,2.1800001,1.5599999,1.86,2.8099999,.56,.85000002,.63,.68000001,.91000003,1.02,10.57765576649827,2.9957323,-7.978312,0,10.577656,2.9957323,1,-7.978312,0
1,1011,0,1,1,1,1,1,1,1,1,1,1,1,1,1,1,1,1,1,1,1,1,5.2470241,2.3025851,2.3025851,2.0794415,5.09375,0,0,2.3025851,2.6390574,3.6888795,0,2.3025851,0,3.1780539,3.0910425,4.8121843,4.0943446,7.9926066,3.9512436,5.5333896,6.3171649,7.6492162,0,0,4.356709,4.4773369,7.167809,0,4.7004805,0,5.9661469,4.2904596,6.6871085,6.0520892,9.615139,10.069299,9.9898491,9.5264645,9.5673857,0,0,9.4685421,9.6776533,9.5906248,0,8.8248253,0,9.5398598,9.0828476,9.5286484,9.6523304,.58999997,.73000002,2.3399999,3.0899999,1.92,1.76,.85000002,.81999999,0,0,0,0,.27000001,.23999999,.47999999,.41999999,1.9299999,1.62,0,0,.43000001,.44999999,0,0,8.2200003,7.8800001,.76999998,.68000001,.44999999,.44,.69,.80000001,9.30946146284399,.69314718,-8.1242733,0,9.3094616,.69314718,1,-8.1242733,0
1,1013,0,28,15,19,28,13,19,11,13,4,11,4,7,3,2,3,2,8,4,4,5,6.1506028,1.9459101,2.5649493,2.3978953,6.0844994,3.0910425,3.6888795,3.2580965,3.3672957,4.7361984,2.0794415,3.2958369,3.4339871,3.7841897,4.1743875,5.7838254,5.0039463,8.7121019,4.0775375,4.5643482,6.6783423,8.5420809,4.1896548,5.1059456,6.1675167,5.3033047,7.8628821,4.2484951,5.971262,7.6415644,5.857933,5.1179938,7.8347883,7.0509896,9.6593122,10.068281,10.015476,9.6944323,9.6397171,9.3937445,9.8151484,9.6053514,9.9177847,9.749404,9.8504028,8.7715254,9.7284794,9.8365459,9.0046682,9.5127382,9.5992022,.33000001,.38999999,.43000001,.56,1.35,1.39,1.01,1,.11,.07,.56999999,.60000002,.80000001,.79000002,.52999997,.56999999,1.88,1.78,.44999999,.41,.74000001,.70999998,2.0899999,1.89,3.5899999,4.4400001,.86000001,.67000002,.68000001,.63999999,.92000002,.95999998,9.993876552263808,2.5649493,-8.0249987,0,9.9938765,2.5649493,1,-8.0249987,0
1,1015,0,134,103,80,134,91,80,55,91,22,55,22,17,15,16,14,12,17,21,19,22,7.6755462,3.2580965,3.0445225,3.5263605,7.6377163,5.3518581,5.3659759,5.1416636,5.2522736,6.0038872,2.9444389,4.9416423,5.1179938,3.1780539,5.6383548,7.420579,6.4892049,10.721416,8.8116522,7.2130318,8.5358191,10.378261,7.8473721,7.2562971,7.6128311,7.2834482,9.4498301,6.4377518,8.0573778,9.2865601,6.20859,7.0273147,9.8754482,9.047821,9.8369207,10.238816,10.149175,9.7742329,9.721426,9.7626724,9.7014942,9.9835453,9.791997,9.7868414,10.017575,8.8993216,9.8036118,9.6438093,9.4460449,9.6762733,9.7384949,5,5.8200002,.81999999,1.02,1.16,1.09,.85000002,.76999998,.58999997,.47,.66000003,.50999999,.44999999,.55000001,.50999999,.41,1.23,1.01,.54000002,.47999999,.80000001,.73000002,1.45,1.1799999,.68000001,.57999998,.77999997,.79000002,.69999999,.64999998,.91000003,.91000003,11.66163853059035,4.3040652,-7.7670951,0,11.661638,4.3040652,1,-7.7670951,0
1,1017,0,32,32,14,32,19,14,7,19,3,7,3,3,4,3,3,7,4,1,4,5,6.3543701,2.0794415,2.4849067,2.6390574,6.2934194,3.6375861,4.0943446,3.8501475,3.5263605,4.8362818,2.1972246,3.6888795,3.6109178,3.3672957,4.2904596,6.0282784,5.1647859,9.5139208,4.2766662,4.8675346,7.1388669,9.3997202,6.7031879,5.5093884,6.7499313,5.6524892,8.7750864,4.6821313,6.3561077,8.709795,5.0814042,5.6347895,8.6330185,7.8998952,9.7587509,10.037974,10.025749,9.718482,9.7576523,9.8229818,9.4459658,9.8042746,9.7518501,9.7806416,9.9718933,8.873888,9.7961807,9.6149387,9.1932955,9.7305021,9.8250933,.18000001,.19,.25999999,.31,.95999998,.92000002,1.0700001,1.08,.63,.57999998,.38,.25,.63999999,.69999999,.34,.28,2.0999999,1.85,.31,.28999999,.49000001,.47,2.73,2.3900001,.74000001,.66000003,.64999998,.55000001,.68000001,.72000003,.95999998,1.14,10.51531621191848,2.4849067,-8.0982962,0,10.515316,2.4849067,1,-8.0982962,0
1,1019,0,19,17,14,19,13,14,4,13,7,4,7,1,3,2,1,4,2,3,5,3,5.8141303,2.0794415,2.3025851,2.3025851,5.7268476,2.7080503,3.4339871,3.0445225,3.0910425,4.3694477,1.7917595,3.2580965,3.0910425,3.2580965,3.0910425,5.4293456,4.7706847,8.3570242,4.0253515,3.9318256,6.5191474,8.1533499,3.4339871,4.5325994,5.4380794,6.1612072,7.3152184,4.4773369,5.3844953,6.9167151,5.9964519,3.9318256,7.5868034,6.779922,9.5960112,9.9738531,10.378603,9.6259537,9.5647926,9.3599663,9.6584177,9.6341696,9.5754004,9.5974379,10.127551,8.799963,9.6501427,9.4342041,9.4034367,9.5391407,9.5557013,.44,.5,.33000001,.64999998,1.64,1.6900001,.98000002,.95999998,.079999998,.050000001,.46000001,.43000001,.55000001,.58999997,1.78,1.45,1.55,1.34,.81,1.02,.58999997,.62,1.45,1.28,5.8899999,5.1700001,.38,.46000001,.75999999,.77999997,1,1.0599999,9.880372445030076,2.1972246,-7.8579311,0,9.880372,2.1972246,1,-7.8579311,0
1,1021,0,49,42,57,49,43,57,37,43,7,37,7,7,3,3,11,11,10,10,8,18,6.3969297,2.0794415,2.7080503,2.6390574,6.3332796,3.4657359,4.4659081,3.4657359,3.6888795,5.1474943,1.9459101,3.5553482,3.9702919,3.4657359,4.0430512,5.9687076,5.2364421,8.738575,4.2766662,4.8520303,6.9285378,8.520587,4.6051702,5.9375362,5.9814143,5.5093884,7.6815605,3.7841897,6.1590953,7.3827462,5.1984968,5.2040067,7.9550743,7.2499256,9.6183357,10.108019,10.089303,9.73985,9.5662651,9.5970984,9.780076,9.526391,9.890605,9.6556673,10.135829,8.7599821,9.6262178,9.6365881,9.1247826,9.4924316,9.571784,.38999999,.5,.56,.81999999,1.6799999,1.9,.95999998,.93000001,.17,.14,1.27,1.34,.64999998,.61000001,.63,.69,1.53,1.37,.28,.34,.87,.86000001,1.5700001,1.33,1.8099999,1.91,.92000002,.82999998,.75,.72000003,1.09,1.16,10.38770222487583,3.5553482,-8.0408459,0,10.387702,3.5553482,1,-8.0408459,0
1,1023,0,19,17,14,19,18,14,11,18,2,11,2,3,1,3,0,3,0,3,1,7,5.8493247,1.9459101,2.1972246,2.7080503,5.7589016,0,3.3672957,3.0445225,2.7080503,4.5108595,0,2.5649493,2.4849067,3.9120231,3.583519,5.4205351,4.7361984,8.6150455,3.7841897,4.0604429,6.4614682,8.470521,0,5.4116459,5.572154,4.4543471,8.0786886,0,5.09375,7.9189925,5.529429,4.3307333,7.3440728,6.590301,10.160066,9.9715662,10.153545,9.5268288,10.222705,0,9.8144379,9.5479546,9.6917162,10.441471,0,8.9063931,10.530041,9.5348845,9.1152601,9.509778,9.5298119,.27000001,.18000001,.28999999,.25999999,1.1900001,.63,1.03,1.12,0,0,.85000002,.54000002,.47999999,.27000001,.25,.13,2.5699999,2.9400001,0,0,.34,.23,3.04,3.71,2.8499999,1.58,.43000001,.23,.46000001,.25999999,.63999999,.38,9.681468368883628,2.6390574,-7.9078856,0,9.681468,2.6390574,1,-7.9078856,0
1,1025,0,31,22,13,31,15,13,8,15,5,8,5,2,1,2,2,0,3,5,3,5,6.4876842,2.1972246,2.6390574,2.8332133,6.4248691,3.7376697,3.8918202,3.6635616,3.6888795,4.9836068,2.1972246,3.4965076,3.4339871,4.2046928,4.6249728,6.1548581,5.3375382,9.0569563,4.3820267,6.1737862,7.0148144,8.8400011,5.5093884,6.0161572,6.09131,6.0038872,8.161375,4.5108595,6.089045,7.8872085,6.0661082,5.4249501,8.1318245,7.345365,9.7709846,10.106918,10.034647,9.6616068,9.7620392,9.7082634,9.9443893,9.5231781,9.8005686,9.9389029,9.9135866,8.7587271,9.9721737,9.6977539,9.2335682,9.5398598,9.6021795,.31,.34,1.53,1.8099999,1.33,1.2,.95999998,.97000003,.30000001,.23999999,1,1.0700001,.51999998,.43000001,.75999999,.63999999,1.79,1.83,.41999999,.34999999,.58999997,.5,1.89,1.95,3.1300001,3.01,.82999998,.73000002,.64999998,.56,.87,.81999999,10.21244176026345,3.1780539,-7.955246,0,10.212441,3.1780539,1,-7.955246,0
1,1027,0,3,6,4,3,5,4,3,5,3,3,3,0,0,2,2,2,2,2,2,1,5.484797,2.1972246,2.1972246,2.5649493,5.3518581,0,3.0445225,2.7080503,2.7080503,4.1108737,0,2.0794415,2.8903718,3.0910425,3.2580965,5.0106354,4.2766662,8.4107208,3.9702919,3.6888795,6.4967752,8.2265739,0,4.4886365,5.0304379,4.5432949,7.9738445,0,3.6109178,7.877018,5.187386,3.9889841,6.7274318,6.0776424,9.5921955,10.01753,10.237313,9.6342344,9.5671053,0,9.7348318,9.626152,9.7183619,9.5751915,0,8.5512085,9.5659847,9.6231785,9.098403,9.5384207,9.5245667,.40000001,.47999999,.23999999,.41999999,1.52,1.58,.99000001,.98000002,0,0,.41999999,.43000001,.34999999,.37,.33000001,.31999999,2.8399999,2.4100001,0,0,.090000004,.079999998,3.5799999,2.9400001,2.48,2.6400001,.38,.34,.31,.31,.47,.49000001,9.491903763419787,0,-8.4022369,0,9.4919033,0,1,-8.4022369,0
1,1029,0,9,7,13,9,13,13,8,13,2,8,2,1,1,1,1,1,2,4,1,3,5.2470241,2.3025851,2.4849067,2.3025851,5.0689044,0,3.0445225,2.0794415,1.7917595,4.0430512,0,2.5649493,2.9444389,2.8332133,2.7725887,4.6249728,3.871201,7.8446326,4.3307333,4.2626801,6.1903152,7.558517,0,5.2311087,3.2188759,4.1108737,7.2384968,0,4.4067192,7.003974,4.6443911,3.3322046,6.2633982,5.6489744,9.641408,10.061303,10.091874,9.6093845,9.6071014,0,10.084767,10.06951,9.8455935,9.653615,0,8.7053308,9.5469551,9.7496948,9.4648275,9.4721661,9.4566536,1.01,1.1900001,.75999999,1.08,1.97,1.9,.89999998,.88,0,0,1.54,2.1400001,.1,.16,.38,.38999999,2.4000001,2.0999999,0,0,.37,.34,2.6300001,2.02,2.54,2.9400001,.34,.43000001,.34,.31,.54000002,.5,9.451716691551452,1.3862944,-8.5375767,0,9.4517164,1.3862944,1,-8.5375767,0
1,1031,0,52,56,65,52,53,65,44,53,11,44,11,9,5,17,11,12,14,17,11,14,6.7274318,2.1972246,2.7080503,3.2188759,6.6669569,4.3820267,4.356709,4.0943446,4.2766662,4.9126549,2.3978953,3.8066626,3.8501475,2.3978953,4.6443911,6.4769726,5.6312118,9.4383516,4.9767337,5.9427996,7.46451,9.2389278,6.0282784,5.8833222,6.7557688,6.1737862,8.5077486,5.3659759,6.5998707,8.4004345,4.9767337,6.0185933,8.5822315,7.7066131,9.6213894,10.124629,10.146198,9.6734457,9.5765791,9.7262726,9.5883656,9.8813438,9.6939383,9.6130018,9.7114191,8.7676401,9.5915813,10.149175,9.2660589,9.541585,9.5161324,.38999999,.5,.82999998,1.27,1.4299999,1.5,.98000002,.94999999,.34,.33000001,.60000002,.51999998,.69999999,.94,.61000001,.54000002,1.73,1.48,.67000002,.54000002,.67000002,.66000003,2.1600001,1.77,.72000003,1.26,1.03,1.08,.69999999,.69999999,.85000002,.85000002,10.60261680477362,3.7376697,-7.7164183,0,10.602617,3.7376697,1,-7.7164183,0
1,1033,0,61,92,48,61,62,48,30,62,9,30,9,6,11,11,7,5,17,21,19,18,7.1090622,2.4849067,2.7725887,3.2188759,7.0656133,4.6913481,4.6821313,4.5217886,4.4886365,5.4467373,2.4849067,4.4067192,4.7184987,2.4849067,5.0814042,6.8448153,5.9788857,10.029679,7.7935867,6.1180973,7.8268423,9.7586927,6.7322106,7.4753394,7.1428275,6.498282,9.0309744,5.572154,7.166266,8.7814016,4.4067192,6.5012898,9.0989618,8.2824831,10.048713,10.464046,10.173324,9.8305941,10.000297,9.6114626,10.039809,10.082721,9.9037371,10.265941,10.020114,8.9049015,10.323086,9.8836422,9.4184923,9.6658649,9.6495628,3.6099999,4.2600002,.55000001,.56,1.14,.91000003,.91000003,.88,.38,.22,1.63,1.45,.56999999,.61000001,.47,.34,1.62,1.74,.44999999,.33000001,.66000003,.49000001,1.75,1.9400001,.23,.2,.92000002,.73000002,.64999998,.47999999,.83999997,.63,10.85255520392422,4.0604429,-7.8926754,0,10.852555,4.0604429,1,-7.8926754,0
1,1035,0,4,2,2,4,4,2,1,4,1,1,1,1,1,1,1,1,1,1,1,1,5.6629605,2.1972246,2.5649493,2.1972246,5.5529594,2.4849067,2.5649493,2.9957323,2.8903718,4.1588831,1.6094379,2.6390574,2.8903718,3.5263605,3.583519,5.267858,4.4886365,8.2715483,3.9318256,5.3423343,6.4167323,8.0196133,3.8501475,4.2766662,5.2626901,4.5325994,7.2420826,3.583519,5.4026775,7.0228682,5.3132062,4.6821313,7.4036703,6.8490663,9.6603327,10.163503,10.222268,9.554143,9.6170044,9.4002991,9.5814209,9.4410553,9.7288361,9.6019773,9.5987949,8.7390556,9.5703201,9.7668085,9.0760088,9.6295767,9.8313465,.44,.56,1.46,2.3299999,1.61,1.45,.93000001,.89999998,.13,.079999998,.38999999,.31999999,.5,.41999999,.38,.34,1.5700001,1.28,.36000001,.25,.64999998,.60000002,1.75,1.35,3.24,3.73,.87,.72000003,.69,.73000002,1.16,1.54,9.550662331752143,0,-8.1784458,0,9.550662,0,1,-8.1784458,0
1,1037,0,1,3,4,1,6,4,3,6,2,3,2,0,0,1,1,1,2,2,1,3,4.9558272,1.7917595,2.1972246,2.1972246,4.7791233,2.1972246,0,1.9459101,2.0794415,3.6888795,0,0,2.3978953,0,0,4.3820267,3.6635616,7.6838641,3.4339871,3.6375861,5.9814143,7.4436636,4.3307333,0,4.2766662,2.8332133,7.2108183,0,0,7.130899,0,0,5.872118,5.0238805,9.6833391,9.9942875,10.17892,9.5358963,9.6943703,8.9896936,0,9.243001,9.6107264,9.7552776,0,0,9.759964,0,0,9.4210873,9.5566921,.47999999,.50999999,.47999999,.69999999,1.87,1.62,.94,.95999998,.36000001,.16,0,0,.34,.23,.13,.1,2.74,2.54,0,0,0,0,3.51,3.1900001,0,0,0,0,.27000001,.22,.34,.33000001,9.311361486034912,1.3862944,-5.4687543,0,9.3113613,1.3862944,1,-5.4687543,0
1,1039,0,45,48,29,45,41,29,42,41,18,42,18,13,2,4,3,8,10,6,4,8,6.7202201,2.1972246,2.7080503,3.1780539,6.6605749,4.1588831,4.5217886,3.9702919,4.0604429,5.1704841,2.7080503,3.8286414,3.871201,3.583519,4.3944492,6.4068799,5.6629605,9.5045757,5.0369525,5.7203116,7.2682228,9.3526211,6.3818159,6.3750248,6.7262335,6.0867748,8.6121397,5.3278761,6.2265368,8.4514809,5.433722,5.5412636,8.704834,8.0709057,9.6438742,10.032496,10.148001,9.7055855,9.6117973,9.4696226,9.7058287,9.7453117,9.921917,9.5943775,9.7966814,8.8346281,9.5783806,9.6177368,9.2270994,9.6273384,9.6743259,.38999999,.44,.62,.93000001,1.1,1.17,1.03,1.01,.46000001,.33000001,.92000002,.87,.63,.73000002,.51999998,.56999999,1.8,1.48,.60000002,.51999998,.43000001,.44999999,2.1300001,1.6799999,1.0599999,1.0700001,.60000002,.58999997,.74000001,.79000002,1.15,1.3200001,10.50446461812394,3.583519,-7.9889278,0,10.504464,3.583519,1,-7.9889278,0
1,1041,0,3,6,4,3,9,4,8,9,3,8,3,0,3,0,2,2,0,1,1,2,5.6276212,1.9459101,2.3025851,2.9444389,5.4889379,2.5649493,2.8903718,2.4849067,2.7725887,4.356709,0,2.4849067,2.9444389,3.7376697,3.1780539,5.09375,4.4308167,8.2187872,4.0430512,3.9889841,6.4846354,7.9875245,3.0910425,4.5432949,5.2257466,4.4659081,7.3944931,0,4.9558272,7.167809,5.4595857,3.8918202,7.1831117,6.7165947,9.5298843,9.8783236,10.151284,9.6298399,9.4814358,9.6349545,9.480444,9.3676863,9.7984047,9.4023647,0,8.5648403,9.3514929,9.6184025,9.1084185,9.5711565,9.7018604,.51999998,.56999999,.40000001,.68000001,1.8200001,2,.94999999,.92000002,.059999999,.059999999,.52999997,.44999999,.50999999,.44999999,.38,.41,1.9299999,1.47,0,0,.44,.38999999,2.1300001,1.5,3.95,4.46,.41,.41,.57999998,.66000003,1.08,1.42,9.520395295279689,1.9459101,-8.4161291,0,9.5203953,1.9459101,1,-8.4161291,0
1,1043,0,127,138,100,127,78,100,51,78,18,51,18,18,13,13,12,14,13,21,22,16,7.1793079,2.4849067,2.8332133,3.0910425,7.1396604,4.6913481,5.1119876,4.4543471,4.4998097,5.7807436,2.6390574,4.2626801,4.7957907,3.6109178,4.6443911,6.8426833,6.1398845,9.9244661,5.220356,6.2186003,7.8192344,9.7555676,6.5806394,6.8648477,7.1553965,6.5117455,8.940629,5.3033047,7.284821,8.6970119,6.5410299,5.7899604,9.1710796,8.5079508,9.7454882,10.172445,9.9610958,9.7416153,9.7332926,9.5340891,9.6858292,9.6878157,9.7006979,9.8390026,9.868844,9.0176048,9.8324213,10.064671,9.4511671,9.640563,9.763938,.31,.36000001,.67000002,.75999999,1.25,1.25,1.01,1.01,.37,.25999999,.98000002,.82999998,.63999999,.63,.52999997,.41999999,1.64,1.5599999,.38999999,.31999999,.81999999,.92000002,1.79,1.64,2.1199999,3.01,.5,.56,.76999998,.75999999,1.17,1.33,11.12155555123461,4.2046928,-7.9853554,0,11.121555,4.2046928,1,-7.9853554,0
1,1045,0,9,8,9,9,6,9,5,6,3,5,3,0,1,0,0,1,1,2,0,1,6.6267176,2.8903718,2.7080503,3.1780539,6.5482192,4.2195077,4.356709,4.0604429,4.1743875,4.919981,2.5649493,4.0604429,3.8286414,2.6390574,4.4308167,6.329721,5.3706379,9.8110981,8.3387842,6.590301,7.4922032,9.3527079,6.1862087,6.1003189,7.0967212,6.2728772,8.5945244,4.9836068,6.9265771,8.4896164,4.5217886,5.8888779,8.720624,7.7740149,9.9302759,10.056166,9.9940596,9.6583538,9.9143782,9.8741617,9.6317444,10.12811,9.628458,10.148236,9.7231045,8.8664408,10.192231,9.5906248,9.6850824,9.6501427,9.5050974,7.75,6.8400002,1.09,1.0599999,1.01,.76999998,.75999999,.75,.28,.23,.50999999,.34,.67000002,.85000002,.47,.28999999,1.3,1.4,.31,.19,.63999999,.51999998,1.63,1.78,.31,.23,.62,.73000002,.55000001,.44999999,.63,.46000001,10.81241121406472,2.1972246,-8.4785528,0,10.812411,2.1972246,1,-8.4785528,0
1,1047,0,32,43,35,32,22,35,20,22,8,20,8,7,3,8,7,7,4,6,4,6,6.9874902,2.5649493,2.8332133,2.1972246,6.9517722,4.4659081,4.4067192,4.4659081,4.5217886,5.2933049,2.5649493,4.0943446,4.1896548,3.9512436,5.3082676,6.7393365,5.7235851,9.7328176,4.9904327,6.4441314,7.6801758,9.5411539,6.0088134,6.4785094,7.5202346,6.4052286,8.7343988,5.3981628,6.6656837,8.5332632,6.1758671,6.555357,8.9500141,8.0526152,9.6938152,10.173514,10.047154,9.6374369,9.6765242,9.6605234,9.7881889,9.7903748,9.8551369,9.762557,9.9553204,8.8708038,9.75249,9.8308096,9.1089716,9.6013012,9.6023149,.28999999,.37,1.02,1.3200001,1.3200001,1.25,.99000001,.98000002,.25,.20999999,.81,.80000001,1.11,1.27,.56999999,.56,1.62,1.5,.50999999,.49000001,.54000002,.55000001,1.84,1.64,1.78,2.1099999,1.3099999,1.09,.75,.74000001,.89999998,.91000003,10.78166096229715,3.3322046,-7.3199143,0,10.781661,3.3322046,1,-7.3199143,0
1,1049,0,23,20,27,23,22,27,16,22,5,16,5,10,8,8,5,18,11,10,7,3,6.9363427,2.3025851,2.5649493,3.4657359,6.8814111,4.1896548,4.4773369,4.2195077,4.2904596,5.7620516,2.9444389,4.1743875,5.3278761,3.1780539,4.3040652,6.4861608,5.6733232,9.8414526,5.0562458,5.3423343,7.5579948,9.7120247,5.6276212,6.0958247,6.9837899,6.2422233,9.2857265,5.4380794,6.9363427,9.2193003,5.5134287,5.3936276,8.65382,7.7756958,9.6646595,10.005818,9.9349861,9.6703568,9.6561794,10.015566,9.7746878,9.6877537,9.8471813,9.6873817,9.9716129,9.0099363,9.683589,9.6775904,9.3810949,9.594718,9.5922642,.28,.31,.30000001,.36000001,1.05,1.05,1.05,1.0599999,.15000001,.19,.5,.5,.57999998,.62,.44,.44,2.52,2.23,.47999999,.47999999,.63,.75999999,3.28,2.8099999,.81999999,.86000001,.37,.41,.5,.50999999,.61000001,.63,10.90872279169894,2.3978953,-8.3302345,0,10.908723,2.3978953,1,-8.3302345,0
1,1051,0,71,89,54,71,36,54,24,36,13,24,13,10,17,15,15,13,14,13,19,21,6.5778613,2.1972246,2.7725887,2.7725887,6.5206213,3.9889841,4.59512,4.0604429,3.7612002,5.1590552,2.3025851,3.4965076,3.9318256,3.1780539,4.3174882,6.2245584,5.4510384,9.180706,4.6347289,7.1647205,7.3304052,8.8224697,5.4971681,6.1268692,6.7262335,5.749393,7.8747392,4.4188404,6.2633982,7.6197243,4.89784,5.46806,8.3320675,7.5590382,9.758173,10.089967,10.068027,9.6843357,9.6972008,9.7086887,9.6935072,9.6390657,9.7530718,9.8510361,10.179527,9.0934696,9.8920221,9.7028999,9.1318378,9.5858955,9.6312847,.36000001,.38999999,3.6400001,4.5100002,1.62,1.5,.83999997,.80000001,.25999999,.22,.99000001,.82999998,.87,.81,.51999998,.43000001,1.1900001,1.13,.33000001,.38,.62,.74000001,1.28,1.23,.86000001,.83999997,.76999998,.61000001,.69999999,.63999999,.94999999,.93000001,10.80385213386002,3.583519,-7.9212317,0,10.803852,3.583519,1,-7.9212317,0
1,1053,0,13,5,6,13,9,6,4,9,1,4,1,0,0,0,1,1,1,0,0,1,6.7141705,2.3978953,2.6390574,3.0445225,6.6567264,4.1431346,4.2626801,3.8918202,4.0943446,5.1059456,2.4849067,3.8501475,3.8286414,3.8918202,4.6913481,6.418365,5.6094718,9.4131184,4.4067192,6.5596151,7.4983158,9.1753349,5.5373344,6.2225761,6.4264884,6.2480431,8.4629478,5.4026775,6.7080841,8.2144651,6.2878585,5.5947113,8.5010633,7.7057128,9.765317,10.158905,10.101396,9.6410837,9.7538271,9.5170155,9.8483973,9.623311,9.8353691,9.9432373,10.006315,8.7635841,9.9228487,10.144746,9.2785597,9.5296669,9.5820417,.23,.25999999,1.58,2,1.52,1.34,.94,.94999999,.22,.15000001,.86000001,.83999997,.50999999,.46000001,.68000001,.60000002,1.7,1.75,.70999998,.67000002,.76999998,.66000003,1.84,1.8099999,2.74,4.1399999,.69,.63,.66000003,.56999999,.88,.81,10.47779488921454,1.6094379,-7.9603,0,10.477795,1.6094379,1,-7.9603,0
1,1055,0,93,107,45,93,62,45,39,62,16,39,16,8,11,17,12,14,15,15,17,14,7.5153446,2.7725887,2.9957323,3.4657359,7.4781699,5.1416636,5.1119876,5.2574954,5.0106354,5.7868972,2.9444389,4.8362818,5.0039463,2.4849067,5.2040067,7.2744794,6.401917,10.425135,5.9889612,6.7765069,8.1599464,10.272427,7.0246491,7.2427979,8.3010254,7.1553965,9.3779716,6.2633982,7.8724551,9.2418394,4.6728287,6.8297939,9.7467756,8.7936125,9.9013348,10.203815,10.084808,9.7903185,9.9030876,9.8977213,9.8416653,9.9934196,9.9757156,10.116823,10.074579,8.8751469,10.148001,10.201219,9.3601389,9.7229843,9.6806564,.40000001,.41999999,.70999998,.77999997,1.0700001,.94999999,1.03,1.04,.34999999,.30000001,.87,.73000002,1.22,1.38,.61000001,.54000002,1.54,1.65,.61000001,.54000002,.89999998,.75,1.87,2.01,.2,.28,.86000001,.75,.82999998,.75999999,.94999999,.83999997,11.51132418360326,4.2626801,-7.8804088,0,11.511324,4.2626801,1,-7.8804088,0
1,1057,0,6,6,7,6,5,7,3,5,2,3,2,1,1,1,2,1,1,2,3,2,5.8833222,1.7917595,2.4849067,2.5649493,5.7930136,3.2188759,3.3322046,2.9444389,3.0445225,4.5538769,2.1972246,2.8332133,3.4965076,3.5263605,3.4011974,5.4510384,4.7273879,8.6724863,3.871201,5.1761498,6.6995006,8.4772043,4.4773369,4.8751974,4.7957907,4.8283138,8.0808563,4.5747108,5.3132062,7.8248458,6.3952618,4.3438053,7.3601041,6.7580943,9.8401747,10.020471,10.060192,9.683526,9.8535614,9.6785927,9.9024372,9.7122669,9.7926121,9.980587,10.165545,8.829812,9.8011227,10.512981,9.0285788,9.5271196,9.4897127,.28,.25999999,.82999998,.94,1.4299999,1.22,.98000002,1.01,.16,.12,.47,.44999999,.20999999,.19,.34,.27000001,2.4300001,2.4200001,.64999998,.67000002,.40000001,.34,2.6099999,2.1199999,6.4000001,12.96,.41,.28,.44,.34999999,.70999998,.56,9.796013694230895,1.3862944,-7.923377,0,9.7960138,1.3862944,1,-7.923377,0
1,1059,0,11,12,12,11,6,12,8,6,2,8,2,0,3,1,0,1,2,3,4,0,6.3403592,2.3978953,2.6390574,3.1354942,6.251904,3.4965076,3.6888795,3.7612002,3.7612002,4.8520303,2.3025851,3.4339871,4.1588831,3.1780539,4.0253515,5.9687076,5.1704841,9.0387211,4.4773369,5.9427996,6.9097533,8.8466406,5.4161005,5.2364421,6.6372581,5.7745514,8.1205883,4.1588831,5.9914646,8.0046997,5.1929569,5.1298985,8.1853504,7.4061036,9.6497555,10.090175,9.993145,9.7839155,9.5982523,9.7189035,9.6477566,9.6637697,9.6316786,9.6718702,9.6546412,8.6813507,9.6672592,9.7681255,9.4244833,9.5240555,9.5452404,.34999999,.43000001,1.24,1.59,1.22,1.4,.99000001,.94999999,.28,.25999999,.47,.41999999,.92000002,.97000003,.61000001,.5,1.75,1.55,.30000001,.22,.55000001,.47999999,2.1700001,1.86,1.33,1.55,.63,.75,.69999999,.67000002,.94,.94,10.23329477003856,1.3862944,-5.7162833,0,10.233294,1.3862944,1,-5.7162833,0
1,1061,0,36,21,29,36,21,29,29,21,3,29,3,5,7,4,8,7,6,2,3,10,6.0038872,2.1972246,2.0794415,2.9444389,5.9107966,3.3322046,3.3322046,3.1780539,3.3322046,4.3174882,0,2.8903718,3.4011974,2.8332133,0,5.6869755,4.9836068,8.7303677,4.3438053,4.3040652,6.6933236,8.5623579,4.5538769,4.3944492,5.7930136,5.1929569,7.9157133,0,5.0689044,7.8426714,4.7184987,0,7.8204393,7.3783836,9.5582466,10.055092,10.141007,9.6210585,9.5271931,9.3887377,9.3766174,9.5135517,9.779171,9.4912243,0,8.8350649,9.5067348,9.1659708,0,9.5653543,9.620594,.41999999,.52999997,.33000001,.52999997,1.34,1.4299999,1.01,.99000001,.16,.12,.27000001,.20999999,.54000002,.54000002,.47,.47999999,1.95,1.5700001,0,0,.30000001,.33000001,2.51,2.01,1.13,.79000002,0,0,.66000003,.72000003,1.25,1.48,10.07099153597966,2.9444389,-7.2361426,0,10.070992,2.9444389,1,-7.2361426,0
1,1063,0,10,10,5,10,8,5,5,8,1,5,1,1,2,2,1,0,2,1,1,1,5.3132062,2.1972246,2.3025851,2.7725887,5.1298985,1.9459101,2.7080503,2.1972246,2.3025851,3.713572,0,2.9444389,2.0794415,2.8903718,0,4.8520303,4.0253515,7.8324108,3.6375861,3.9512436,6.5806394,7.4442487,2.6390574,4.6051702,4.6151204,3.8918202,6.2766433,0,5.9506426,5.855072,4.4188404,0,7.0715733,6.2690964,9.6470461,10.030517,10.195598,9.4673052,9.6829653,9.0434589,10.11876,9.6920252,9.7111158,9.7540007,0,9.0584707,9.6731939,9.5254431,0,9.6491756,9.9709597,.50999999,.58999997,.56,.88999999,2.9400001,2.46,.81,.85000002,.059999999,.029999999,.82999998,1.1900001,.41,.44,.31,.27000001,.93000001,.88999999,0,0,1.75,2.26,.83999997,.73000002,2.05,1.88,0,0,.76999998,.82999998,1.01,1.55,9.225524507301223,1.7917595,-8.0867462,0,9.2255249,1.7917595,1,-8.0867462,0
1,1065,0,22,16,10,22,5,10,10,5,2,10,2,3,0,3,1,3,0,5,0,1,5.556828,2.1972246,2.5649493,2.5649493,5.4116459,3.0445225,2.8903718,2.5649493,2.5649493,4.0604429,0,2.1972246,2.9444389,3.0445225,0,5.1119876,4.3820267,8.0624332,4.0073333,4.5538769,6.5132303,7.761745,4.6821313,3.4011974,5.556828,4.4426513,7.1631722,0,4.0604429,6.9527287,5.3706379,0,6.9641356,6.1548581,9.5326414,10.027473,10.186107,9.6005564,9.4574347,9.7956238,9.5737324,9.2338619,9.8756027,9.4026127,0,8.8470726,9.3003635,9.7717257,0,9.5205421,9.5852776,.58999997,.74000001,.81999999,1.4299999,2.1800001,2.3399999,.88,.82999998,.34999999,.40000001,.2,.18000001,.82999998,.63999999,.43000001,.5,1.79,1.36,0,0,.20999999,.25,2.01,1.34,4.23,5.5599999,0,0,.55000001,.58999997,.72000003,.83999997,9.648466262323895,2.0794415,-7.8591881,0,9.6484661,2.0794415,1,-7.8591881,0
1,1067,0,16,10,15,16,11,15,12,11,2,12,2,2,1,2,1,5,2,4,8,1,5.7651911,1.9459101,2.3025851,2.4849067,5.6733232,3.0445225,3.3672957,2.8903718,3.1354942,4.356709,0,2.7080503,3.2188759,3.1354942,0,5.3612924,4.6913481,8.4546795,3.9318256,4.1431346,6.4085288,8.2877798,4.0604429,5.0434251,4.9767337,5.0814042,7.8013911,0,5.0172796,7.6207051,5.5174527,0,7.3336763,6.7990561,9.6442633,10.100657,10.209059,9.5987272,9.6314821,9.3821068,9.4987469,9.3632336,9.7392025,9.6919641,0,8.8464966,9.7155905,9.6016388,0,9.5266829,9.5783806,.37,.44999999,.37,.58999997,1.33,1.27,1.01,1.01,.13,.090000004,.69,.54000002,.31,.25,.55000001,.5,2.29,2.0699999,0,0,.37,.38999999,2.6500001,2.4000001,3.3099999,3.27,0,0,.54000002,.51999998,.92000002,.95999998,9.640433049909078,2.1972246,-7.6154485,0,9.6404333,2.1972246,1,-7.6154485,0
1,1069,0,28,20,22,28,28,22,13,28,2,13,2,4,6,5,5,4,3,6,2,7,7.7625961,2.8903718,2.9957323,3.2580965,7.7349963,5.4930615,5.433722,5.2983174,5.3518581,5.9454207,2.7725887,4.9698133,4.9698133,2.1972246,5.6419072,7.5522375,6.6957989,10.625514,5.971262,6.2205901,8.5145903,10.471383,7.6333694,7.8248458,8.2000141,7.4354382,9.3682842,6.81564,8.0608559,9.1189928,4.4067192,6.8276291,10.068154,9.3213453,9.8505087,10.274223,10.107978,9.877862,9.8364391,9.5687141,9.9498463,10.222777,9.8667717,9.837348,10.046462,8.9421997,9.8070316,9.4600868,9.4785337,9.8359575,9.8923759,.31999999,.38,.33000001,.38999999,1.25,1.28,1.02,1.03,.51999998,.34,1.27,1.26,.89999998,1.36,.66000003,.55000001,1.25,1.0700001,.87,.77999997,.88999999,.82999998,1.35,1.09,.12,.090000004,.69999999,.73000002,.94,1.01,1.3099999,1.52,11.30628252667112,3.1780539,-8.0093937,0,11.306283,3.1780539,1,-8.0093937,0
1,1071,0,38,28,19,38,23,19,23,23,8,23,8,9,2,3,4,7,6,5,3,5,6.7165947,2.5649493,2.6390574,3.4339871,6.6437898,4.2484951,4.356709,4.1896548,3.9512436,5.1647859,2.5649493,3.9318256,4.356709,2.9444389,4.2195077,6.3868794,5.6094718,9.6630707,7.0850644,5.572154,7.757051,9.3868113,5.5012584,5.7990928,6.2065759,6.0935698,8.9038153,5.0106354,6.43294,8.8392763,4.8751974,5.3659759,8.427268,7.7832241,9.8245525,10.364325,10.124309,9.7324028,9.7604256,9.6048794,9.6275368,9.7604256,9.7661772,9.8810377,9.925396,8.9024553,9.8955059,9.6496267,9.2810783,9.5293026,9.5280666,2.5599999,3.4300001,.46000001,.56,1.53,1.39,.91000003,.86000001,.16,.11,.44,.31999999,.31999999,.31,.44999999,.34999999,2.0599999,1.88,.37,.31,.46000001,.41999999,2.6800001,2.4200001,.51999998,.44999999,.43000001,.37,.47999999,.38999999,.74000001,.61000001,10.77469723296965,3.2188759,-7.8317986,0,10.774697,3.2188759,1,-7.8317986,0
1,1073,0,1376,1302,944,1376,859,944,644,859,259,644,259,207,185,195,279,234,239,227,260,292,9.6787176,3.7612002,3.4965076,4.4886365,9.668335,7.6787891,7.3323693,7.1300983,7.3336763,7.8497138,5.09375,6.7238326,6.8844867,4.0775375,7.7467327,9.4912996,8.5157919,12.740347,9.0934696,9.7226849,10.199026,12.573406,10.45077,9.8538771,10.508077,10.221177,11.027767,9.5298843,10.021937,10.611253,7.5694118,9.3465309,12.333661,11.299943,10.049404,10.310185,10.100821,9.9467382,10.046245,10.075717,10.074074,10.118559,10.121458,10.137809,10.523204,9.0838699,10.138836,10.598583,9.6274042,10.019937,10.016102,.88,.88999999,1.34,1.28,.81,.73000002,1.01,1.02,1.05,.94,1.17,1.0700001,1.09,1.21,1.29,1.15,.79000002,.75,1.58,1.88,.75999999,.67000002,.73000002,.67000002,.34999999,.63,1.05,1.04,1.09,1.15,1.14,1.23,13.38707104779623,7.0570369,-7.5156708,0,13.387071,7.0570369,1,-7.5156708,0
1,1075,0,29,17,11,29,9,11,12,9,3,12,3,2,3,1,0,3,2,6,11,0,5.7333412,1.9459101,2.1972246,2.7080503,5.6276212,2.9957323,3.3322046,2.3978953,2.9957323,4.356709,1.7917595,2.7725887,3.2188759,3.2580965,3.1780539,5.2983174,4.6539602,8.6611204,3.871201,3.7612002,6.2971091,8.5448084,4.5325994,5.0238805,5.6204009,5.0238805,8.1519098,3.2958369,4.356709,8.0196133,5.6312118,4.1743875,7.420579,6.8865318,9.7100239,9.9758549,10.307518,9.676712,9.7038164,9.5924006,9.9299831,9.3628902,9.843154,9.746541,9.5701103,8.6459379,9.7409687,9.6968327,9.0610275,9.6087141,9.7042437,.28,.28,.2,.34,.97000003,.93000001,1.0599999,1.0700001,.17,.13,.55000001,.61000001,.49000001,.36000001,.41999999,.40000001,2.6400001,2.3699999,.18000001,.12,.16,.12,3.21,2.79,3.01,3.0699999,.34999999,.28,.47,.47,.81999999,.89999998,9.662370949231669,2.3025851,-7.8063455,0,9.6623707,2.3025851,1,-7.8063455,0
1,1077,0,140,134,101,140,81,101,57,81,26,57,26,24,21,22,19,31,24,42,31,26,7.4389715,2.7725887,2.6390574,3.1780539,7.4067106,5.2040067,5.0172796,5.0304379,5.0172796,5.659482,2.8332133,4.7095304,4.6821313,3.2958369,5.3082676,7.21524,6.300786,10.190544,5.5759492,6.6267176,8.3296585,9.9752035,6.9966817,7.2696166,7.5326238,7.0457764,9.0238905,5.8200831,7.6515956,8.8156672,4.8283138,6.8046145,9.4869871,8.6545172,9.70082,10.254215,10.15339,9.7886381,9.6528444,9.7239418,9.7757683,9.8950014,9.936245,9.7579994,9.7829571,8.9146261,9.7570152,9.5925369,9.3756008,9.5804548,9.5386362,.33000001,.44999999,.77999997,1.11,1.6,1.75,.95999998,.93000001,.43000001,.38,1.13,1.09,.70999998,.89999998,.69,.72000003,1.37,1.25,.49000001,.40000001,.91000003,.95999998,1.54,1.37,.28999999,.27000001,1.0599999,1.15,.81,.77999997,1.04,.98000002,11.28553541000859,4.4659081,-8.037118,0,11.285536,4.4659081,1,-8.037118,0
1,1079,0,26,38,20,26,27,20,17,27,3,17,3,5,3,5,2,4,2,8,8,3,5.9558372,2.4849067,2.1972246,2.7725887,5.857933,3.1354942,3.9702919,3.0910425,2.8332133,4.7184987,0,3.0445225,3.7376697,2.8332133,0,5.4722705,4.8202815,8.8913736,4.9126549,5.4638319,7.1082439,8.6438255,3.9120231,7.3808789,5.433722,4.8598123,8.3327894,0,5.4071717,7.7288556,5.6347895,0,7.3244901,6.6306834,10.048281,10.166659,9.8429937,9.7140808,10.112086,9.4235954,10.010547,9.6167383,9.5783806,10.27374,0,8.8290796,10.449091,10.013328,0,9.4563408,9.4877453,.63,.55000001,.88999999,.66000003,1.73,1.24,.93000001,1.01,.07,.029999999,4.6300001,3.99,.31999999,.22,.28,.15000001,2.51,2.72,0,0,.34999999,.23999999,1.91,2.4000001,2.4000001,2.4000001,0,0,.34,.20999999,.5,.31999999,10.35815543808986,3.0445225,-8.0291271,0,10.358155,3.0445225,1,-8.0291271,0
1,1081,0,23,21,23,23,13,23,8,13,5,8,5,1,6,6,2,2,3,7,6,7,7.3581939,2.8332133,2.8332133,2.7725887,7.3258076,5.1532917,5.3518581,4.6151204,4.9052749,5.768321,2.7725887,4.9126549,4.3944492,3.3322046,5.2933049,7.0892429,6.089045,10.425728,5.811141,8.5035,8.3270006,10.09889,7.4442487,7.3408356,7.1959372,7.057898,9.2622681,5.8777356,7.972466,9.079092,5.3981628,6.6808548,9.5311909,8.6168575,9.8736982,10.280176,10.155918,9.7965145,9.8113718,9.4947672,9.6048794,10.050009,9.7801895,10.057067,9.9349861,8.7987566,10.127271,9.6314821,9.2780924,9.5721321,9.6834021,.33000001,.38999999,4,4.8200002,1.26,1.17,.86000001,.81999999,.52999997,.31,.95999998,.66000003,.40000001,.5,.55000001,.41999999,1.37,1.42,.41,.33000001,.99000001,.77999997,1.59,1.72,.41,.33000001,.74000001,.61000001,.67000002,.54000002,.79000002,.73000002,11.3753401520176,2.3025851,-6.8233185,0,11.37534,2.3025851,1,-6.8233185,0
1,1083,0,77,80,47,77,51,47,52,51,16,52,16,14,18,14,12,15,19,34,26,23,6.8221974,2.5649493,2.7725887,2.6390574,6.7742238,4.3438053,4.7874918,4.0775375,4.1743875,5.31812,2.3978953,4.1896548,4.2341065,2.7080503,4.5643482,6.508769,5.6903596,9.9436693,8.2247,7.113142,7.6093664,9.5354624,6.8079348,6.669498,6.4876842,5.6698809,8.9739847,4.9272537,7.1777825,8.8181858,5.8607864,5.5909872,8.6906424,7.7744355,10.233115,10.795075,9.9617567,9.8169489,10.090838,10.51724,9.7150469,9.7237625,9.774972,10.297251,10.073062,8.8444805,10.368824,9.7225056,9.3597946,9.7280025,9.5908298,6.0500002,8.2700005,1.61,1.12,1,.66000003,.79000002,.69999999,.44999999,.51999998,.79000002,.41999999,.31999999,.2,.22,.12,1.67,1.54,.25999999,.16,.72000003,.41999999,1.98,1.91,1.05,.64999998,.40000001,.25,.47,.31,.55000001,.31999999,10.899236205745,3.7376697,-8.0558405,0,10.899237,3.7376697,1,-8.0558405,0
1,1085,0,13,7,4,13,10,4,2,10,3,2,3,2,4,2,3,4,3,1,2,3,5.2311087,1.9459101,2.1972246,2.3025851,5.0875964,2.3025851,3.1780539,2.0794415,2.5649493,4.0073333,0,0,2.3978953,3.0445225,2.7080503,4.6728287,4.0073333,7.9380889,3.583519,4.2766662,6.4504704,7.6304612,3.2580965,5.8348107,4.5747108,4.2626801,7.2100797,0,0,6.7511015,5.0498562,4.2341065,6.5624442,6.0354815,9.8400688,9.9023371,10.053931,9.4254513,9.9306164,10.079455,9.9773417,9.4788399,9.7067423,10.10078,0,0,10.217531,9.5468836,9.1537704,9.4928093,9.4087811,.43000001,.36000001,.69999999,.79000002,2.3199999,1.53,.88,.98000002,.1,.11,2.5599999,2.6300001,.34999999,.25999999,.41,.28999999,2.1199999,2.3800001,0,0,0,0,1.86,2.29,3.47,2.6700001,.76999998,.57999998,.41,.31999999,.72000003,.51999998,9.44604470533525,1.0986123,-8.0569572,0,9.4460449,1.0986123,1,-8.0569572,0
1,1087,0,14,16,9,14,8,9,6,8,2,6,2,3,3,4,5,3,6,2,2,5,5.7300997,2.5649493,2.3025851,2.4849067,5.6094718,3.2580965,2.9957323,3.1354942,3.0910425,3.8918202,1.7917595,3.3672957,0,0,3.5553482,5.4116459,4.4308167,8.8520927,7.2626286,4.7535901,7.0535855,8.364275,4.4998097,5.0039463,7.374629,5.0498562,6.1355648,3.7841897,7.0387836,0,0,4.9272537,8.2500982,6.4997869,9.7714977,10.325809,10.032936,9.6939383,9.5047998,9.8372946,9.6369801,9.7482948,9.6157389,9.4813595,9.8203773,9.0721121,0,0,9.2155266,9.5076265,9.4035196,6.8899999,9.3400002,.44999999,.52999997,1.7,1.5700001,.73000002,.56999999,.13,.12,.44999999,.34999999,2.3199999,2.3599999,.36000001,.25,.28999999,.19,.25,.19,1.88,2.1600001,0,0,0,0,.62,.52999997,.89999998,.75,.46000001,.34999999,10.12374694867047,2.9957323,-7.4212227,0,10.123747,2.9957323,1,-7.4212227,0
1,1089,0,620,654,493,620,485,493,344,485,150,344,150,117,94,108,140,116,132,202,187,191,8.62533,3.6375861,3.0445225,3.2958369,8.6099548,6.7765069,6.3835068,6.2304816,6.2166061,6.8895912,4.2626801,5.9162021,5.8998976,3.2188759,6.4457197,8.4127216,7.3434262,11.805446,9.7194443,7.8697839,9.3616009,11.543377,10.209942,8.5336571,8.7820158,8.3859453,10.349422,7.8192344,9.1414185,10.161303,5.6167712,7.9164429,11.182378,9.8635502,10.14851,10.468773,10.322428,9.9252005,10.104426,10.385296,9.840601,10.139429,9.9058847,10.221287,10.293974,9.0207529,10.285138,9.7875156,9.5456696,10.049015,9.7818851,4.1900001,4.5,.52999997,.57999998,.88999999,.70999998,.92000002,.88999999,2.1099999,2.3199999,.80000001,.51999998,.49000001,.50999999,.51999998,.34,1.02,.94999999,.73000002,.62,.80000001,.60000002,1.1799999,1.14,.13,.090000004,.63999999,.52999997,.88,.87,.69,.52999997,12.38385056227426,6.0980744,-7.5884156,0,12.38385,6.0980744,1,-7.5884156,0
1,1091,0,18,20,12,18,16,12,16,16,5,16,5,1,2,2,1,4,0,2,5,4,6.2166061,2.3025851,2.6390574,3.0445225,6.1224928,3.2958369,3.8066626,3.1354942,3.5553482,4.6443911,2.0794415,3.4011974,3.3672957,3.4011974,4.1108737,5.8636312,5.1357985,8.8617754,4.1271343,4.7361984,7.1098795,8.6406488,4.3944492,5.4971681,5.7235851,5.6489744,7.9803658,4.356709,5.7960577,7.7931743,5.5412636,5.0039463,7.9135208,7.3185396,9.7450781,10.022426,10.182218,9.6992273,9.7402039,9.5689936,10.056337,9.5569048,9.8797579,9.8246069,9.8262281,8.840435,9.8082428,9.7244806,9.1721191,9.6412783,9.7510939,.30000001,.31,.44,.62,1.78,1.7,.95999998,.97000003,.12,.090000004,.72000003,.88999999,.44,.38,.63999999,.61000001,1.8200001,1.7,.43000001,.34999999,.54000002,.5,2.0999999,1.88,2.25,2.28,.66000003,.56,.63999999,.62,1.03,1.15,10.04689501583086,2.8903718,-7.9908204,0,10.046895,2.8903718,1,-7.9908204,0
1,1093,0,18,14,10,18,10,10,5,10,5,5,5,1,3,1,1,4,1,2,3,3,6.3438807,2.0794415,2.4849067,3.1780539,6.2653012,3.6375861,3.6375861,3.6375861,3.6109178,4.89784,1.9459101,3.4339871,4.1743875,3.4657359,3.6109178,5.971262,5.31812,9.2524414,4.2195077,5.4467373,6.8956828,9.1207438,5.1590552,4.9904327,6.5482192,5.8021183,8.6980133,4.2195077,5.7651911,8.644002,5.1298985,4.5538769,8.0557928,7.2902927,9.7324619,10.058867,10.080462,9.7689266,9.7149267,9.4985228,9.7571316,9.481741,9.659503,9.7967367,9.9823446,8.71276,9.7980719,9.7871227,9.1077538,9.5380602,9.6521378,.22,.23999999,.61000001,.77999997,.97000003,1.01,1.05,1.04,.17,.12,.30000001,.27000001,.68000001,.55000001,.50999999,.38999999,2.52,2.3299999,.25999999,.23999999,.34999999,.28999999,3.3199999,2.99,1.01,1.1,.28999999,.23,.5,.44,.68000001,.69999999,10.30326987750879,1.9459101,-7.7751365,0,10.30327,1.9459101,1,-7.7751365,0
1,1095,0,89,75,58,89,45,58,29,45,15,29,15,5,12,5,12,13,24,23,21,23,7.4048877,2.7080503,2.5649493,3.4965076,7.3664451,4.8751974,4.7957907,4.7449322,4.8675346,5.659482,2.8332133,4.7791233,5.0172796,2.7725887,4.89784,7.166266,6.4785094,10.319266,5.7203116,6.0473723,8.1556492,10.169729,6.6515718,6.5323343,6.944087,6.7945867,9.5758858,5.7589016,7.4713631,9.4886541,6.2480431,6.2045579,9.3662319,8.7665501,9.6995955,10.178578,9.8993788,9.7734356,9.6783419,9.6258879,9.7433777,9.5970984,9.7353058,9.783577,10.097532,8.9028635,9.7806416,9.9028378,9.3479261,9.5312634,9.5787268,.34,.43000001,.38,.41999999,1.1799999,1.27,1.03,1.02,.27000001,.20999999,.47999999,.44,.34999999,.33000001,.47,.40000001,2.0899999,1.96,.41,.44999999,.67000002,.69999999,2.6600001,2.4300001,1.0599999,1.35,.50999999,.54000002,.63,.57999998,1.02,1.01,11.16806615497192,4.1588831,-8.0331926,0,11.168066,4.1588831,1,-8.0331926,0
1,1097,0,925,876,703,925,659,703,427,659,170,427,170,114,72,79,89,108,110,151,115,124,9.0060186,3.4965076,3.5263605,3.8286414,8.9921846,6.9508147,6.7833252,6.4101748,6.590301,7.2889276,4.4886365,6.1224928,6.1944056,4.5217886,7.0800266,8.7911816,7.8091354,11.880544,8.0057011,8.9976425,9.4244032,11.703223,9.3622885,9.1446276,9.5784492,8.8674278,10.395711,7.7638712,9.2888746,9.9858046,7.4024515,8.6201105,11.387827,10.500702,9.9441977,10.361957,9.9831762,9.894598,9.9335804,9.9831305,9.9728737,10.02167,9.9477434,10.197947,10.188215,9.1255445,10.2958,9.961709,9.5243483,9.8145466,9.7933941,.69999999,.82999998,1.53,1.45,.88,.83999997,1,1.01,.83999997,.75999999,1.36,1.25,1.02,1.14,.79000002,.64999998,1,1.11,.63999999,.60000002,.86000001,.88,.92000002,1.1,.70999998,.75,1.2,1.1900001,1,.95999998,1.22,1.16,12.84434908764192,6.4815769,-7.830842,0,12.844349,6.4815769,1,-7.830842,0
1,1099,0,6,2,5,6,7,5,1,7,2,1,2,2,0,1,2,2,1,1,3,2,6.1800165,2.3025851,2.5649493,2.8332133,6.0958247,0,3.6109178,3.2188759,3.583519,4.6539602,1.6094379,3.2188759,3.2580965,3.7376697,3.7612002,5.8260002,5.1357985,9.2353258,4.1588831,4.9972124,7.0867381,9.0877209,0,7.0066953,5.676754,5.4116459,8.1533499,5.2832036,5.9322453,7.410347,6.5764694,4.5432949,8.588769,7.6563373,9.9451571,9.9874153,10.14851,9.6816559,9.9720802,0,10.281821,9.6529083,9.7147455,10.2987,9.9185734,8.9152975,10.384647,10.099218,9.1986723,9.6844606,9.5960112,.20999999,.17,.40000001,.44,1.2,.92000002,1.03,1.0700001,0,0,2.26,2.8299999,.28999999,.22,.34999999,.23,1.49,1.83,.75,.54000002,.41999999,.34999999,.98000002,1.29,4.3699999,5.27,.28999999,.20999999,.86000001,.72000003,1,.77999997,10.08447488631695,1.0986123,-7.9162135,0,10.084475,1.0986123,1,-7.9162135,0
1,1101,0,628,636,365,628,302,365,229,302,116,229,116,84,92,116,99,129,115,102,83,83,8.6063023,3.9512436,4.7535901,2.8332133,8.5718708,6.5624442,6.2934194,6.2045579,6.2614918,6.7141705,4.3694477,5.6131282,5.4971681,3.6635616,6.7615728,8.4022312,7.3225102,11.640773,8.8532372,9.5443096,8.9711943,11.348074,9.0363445,8.7166996,9.3873148,8.9187841,9.8782206,7.6133251,9.0236492,9.4555588,6.4264884,8.3375883,11.086762,10.042858,9.9120016,10.138362,10.120653,9.8329039,9.85849,9.9852514,9.9105129,9.983407,10.074959,9.9194098,10.085768,9.0268984,9.9396267,9.5129604,9.5866508,9.8395891,9.8324747,2.0799999,2.03,3.3599999,3.76,.70999998,.66000003,.88999999,.86000001,.76999998,.72000003,1.13,1.01,1.0700001,1.1900001,1.05,1.03,.75,.66000003,.69999999,.62,.83999997,.80000001,.69,.58999997,.34,.23999999,1.15,1.25,.94,.94999999,.98000002,1,12.2504961468321,5.8493247,-7.704628,0,12.250496,5.8493247,1,-7.704628,0
1,1103,0,138,128,111,138,101,111,73,101,29,73,29,22,10,14,10,15,29,32,33,28,7.7288556,2.7080503,3.0445225,3.2958369,7.700748,5.3798971,5.529429,5.31812,5.3082676,6.1841488,2.8332133,5.0434251,5.3890719,2.7080503,5.3798971,7.4529824,6.5694814,10.637513,5.7037826,7.2181768,8.4487,10.472657,7.6260829,8.1599464,7.7371802,7.5496092,9.7496367,6.3767271,7.9423623,9.5026369,5.5412636,7.0121155,9.8085175,8.9136848,9.889946,10.266845,9.9642534,9.8323135,9.8904533,9.6876297,9.9120512,9.9549885,9.8331184,10.073947,10.18893,8.9548025,10.117187,9.7574787,9.5473843,9.6799068,9.6989813,.23999999,.28,.89999998,.88,1.15,1.09,1.01,1.03,.50999999,.36000001,1.76,1.61,.56,.62,.73000002,.56999999,1.8099999,1.88,.55000001,.55000001,.77999997,.70999998,1.96,2.0699999,.38,.34999999,.83999997,.88999999,.72000003,.63,.86000001,.79000002,11.51335537254672,4.6634393,-7.7063861,0,11.513355,4.6634393,1,-7.7063861,0
1,1105,0,5,9,5,5,1,5,4,1,2,4,2,0,1,1,0,1,1,1,1,3,5.2729998,2.0794415,2.0794415,2.1972246,5.1298985,2.0794415,2.7080503,2.7080503,2.7725887,3.6375861,0,2.6390574,2.1972246,2.7080503,0,4.8751974,4.0775375,7.9800234,3.8501475,4.0943446,6.2915692,7.730175,2.9444389,4.5108595,5.9989367,4.5108595,7.1507015,0,4.6821313,6.9246125,5.1239638,0,6.9077554,5.857933,9.5098524,10.039067,10.019937,9.6332521,9.444622,9.816349,9.2952328,9.6215887,9.7237024,9.4239988,0,8.7730751,9.4289131,9.4591513,0,9.4703169,9.3349447,.54000002,.72000003,.56,.85000002,1.9,2.1500001,.93000001,.88,.07,.079999998,.64999998,.47,1.4,1.63,.5,.50999999,1.92,1.52,0,0,.43000001,.47,2.1199999,1.65,3.5899999,3.52,0,0,.56,.58999997,.57999998,.54000002,9.453992183921743,.69314718,-8.1974564,0,9.4539919,.69314718,1,-8.1974564,0
1,1107,0,17,9,3,17,6,3,6,6,2,6,2,1,1,1,1,1,1,2,2,2,5.9454207,2.1972246,2.1972246,3.0445225,5.8377304,0,3.2958369,3.2188759,2.8332133,4.5849676,0,2.7725887,3.3322046,3.7612002,3.713572,5.5012584,4.7706847,8.4351149,4.0775375,4.8362818,6.6267176,8.206584,0,4.8520303,6.0330863,4.9558272,7.5288692,0,4.4659081,7.1396604,6.1569791,4.6539602,7.4983158,6.8112445,9.5941048,10.063052,10.28254,9.5791416,9.5525103,0,9.344696,9.4800625,9.7097816,9.5614195,0,8.773385,9.5573988,9.6229801,9.1709757,9.5432348,9.6282606,.43000001,.54000002,.75,1.36,1.6900001,1.66,.94999999,.93000001,0,0,.57999998,.41,.92000002,.85000002,.49000001,.46000001,1.78,1.48,0,0,.22,.22,1.67,1.36,6.3899999,6.8000002,.72000003,.69999999,.63999999,.66000003,.94999999,1.09,9.937840668907791,1.3862944,-8.2285242,0,9.9378405,1.3862944,1,-8.2285242,0
1,1109,0,15,5,11,15,14,11,11,14,3,11,3,1,3,1,2,1,4,4,2,2,6.4150968,2.0794415,2.6390574,2.4849067,6.3561077,3.713572,4.1271343,3.6375861,4.1108737,4.7706847,2.0794415,3.6888795,3.5263605,3.0910425,4.2626801,6.1268692,5.3033047,9.2571287,4.3944492,6.8511848,7.3218498,8.9796686,5.7071104,6.1114674,6.1675167,6.0473723,8.1034946,4.4188404,6.6346335,7.9312849,4.2766662,5.5254531,8.4411755,7.7574787,9.7068644,10.083055,10.017619,9.6207266,9.6740112,9.8601103,9.7310963,9.634038,9.9038877,9.7686987,9.8800144,8.7163715,9.7846479,9.2676659,9.2293587,9.6005564,9.6991653,.25999999,.28999999,2.47,3.0599999,1.48,1.36,.91000003,.88999999,.30000001,.30000001,.89999998,.82999998,.46000001,.44999999,.64999998,.64999998,1.39,1.27,.31,.27000001,.83999997,.72000003,1.62,1.48,.43000001,.28,.75,.69999999,.73000002,.70999998,1.08,1.1900001,10.2253898758736,1.7917595,-7.9878459,0,10.225389,1.7917595,1,-7.9878459,0
1,1111,0,6,3,9,6,6,9,3,6,6,3,6,1,2,2,1,4,6,2,0,1,5.8260002,2.0794415,2.4849067,2.4849067,5.7300997,2.8903718,3.2580965,3.1780539,3.3672957,4.3694477,1.3862944,2.8903718,3.5263605,2.9444389,3.5263605,5.433722,4.6347289,8.5827932,4.0943446,5.6276212,6.7322106,8.3339911,4.0604429,4.3174882,5.433722,5.3278761,7.84659,3.9318256,5.1704841,7.7902822,4.1896548,4.3694477,7.3808789,6.6920838,9.6661816,10.018867,9.8483973,9.6728783,9.6451054,10.093364,9.5614901,9.5869942,10.015163,9.6717443,9.7070465,8.8343372,9.6738224,9.7126904,9.2499456,9.6011658,9.5661249,.38,.41999999,1.42,1.55,1.62,1.63,.93000001,.93000001,.11,.15000001,.28999999,.23999999,.44,.41999999,.62,.73000002,2.0999999,1.83,.37,.28999999,.38,.38,2.76,2.3399999,.76999998,.82999998,.46000001,.46000001,.49000001,.5,.73000002,.73000002,9.897519780756337,1.6094379,-7.9486294,0,9.8975201,1.6094379,1,-7.9486294,0
1,1113,0,30,33,33,30,28,33,22,28,8,22,8,3,6,6,5,5,5,10,3,8,6.7357802,1.7917595,2.5649493,2.3025851,6.7007313,4.1743875,4.94876,4.1271343,4.2484951,5.2832036,2.1972246,4.0775375,3.6888795,2.7725887,4.6634393,6.4232469,5.5053315,9.4149942,4.5849676,5.6094718,7.7155695,9.1753349,5.9427996,6.9246125,6.7031879,6.1484685,8.4237614,5.0498562,6.7546039,8.1312361,4.9272537,5.8607864,8.5373878,7.6367521,9.7834082,10.069976,10.032672,9.7006369,9.7904873,9.4385109,9.8982239,9.3772945,9.6643419,10.074243,9.9982977,8.849227,10.131897,9.756958,9.3337078,9.4439096,9.5556307,.27000001,.28,.61000001,.70999998,1.88,1.73,.94,.95999998,.31999999,.2,1.74,1.74,.68000001,.47,.61000001,.44999999,1.63,1.88,.5,.46000001,.81,.73000002,1.6900001,2.02,.69999999,.70999998,.89999998,.86000001,.68000001,.52999997,.81999999,.72000003,10.75491971206179,3.7612002,-7.8806605,0,10.75492,3.7612002,1,-7.8806605,0
1,1115,0,121,102,96,121,94,96,75,94,22,75,22,18,12,18,22,18,22,16,23,22,6.6187391,2.0794415,2.4849067,3.2580965,6.5567784,4.0073333,4.6634393,3.8286414,3.7376697,5.3278761,2.3025851,4.0775375,4.356709,3.0910425,3.6635616,6.2105999,5.5134287,9.1749201,4.5538769,5.8998976,7.4048877,8.9291706,5.6276212,6.5294189,6.1737862,5.9454207,8.0793085,5.8230457,6.6106958,7.7702231,5.1590552,4.6443911,8.3712425,7.5994015,9.7335882,10.009738,10.07538,9.7114792,9.7144432,9.5354624,9.7769604,9.4308405,9.9184256,9.8196707,10.512791,8.8901348,9.8474464,9.5713663,9.3442593,9.6279316,9.584177,.33000001,.34,1.03,1.3200001,1.75,1.71,.93000001,.93000001,.30000001,.20999999,1.49,1.39,.50999999,.38999999,.63,.63,1.47,1.38,1.37,2.22,.88999999,.88,1.5,1.41,1.12,.99000001,.34,.34,.74000001,.72000003,1,.95999998,10.81995826821223,3.9702919,-7.8864326,0,10.819959,3.9702919,1,-7.8864326,0
1,1117,0,494,414,393,494,422,393,286,422,119,286,119,109,76,92,121,119,130,131,130,134,7.6260829,2.1972246,2.7725887,3.5263605,7.5968943,5.4205351,5.8021183,4.8441873,4.8675346,6.2304816,3.2188759,4.6347289,4.9416423,3.6375861,5.1474943,7.3024964,6.5525079,10.258992,5.2522736,6.6267176,8.0643215,10.102912,7.7454357,7.7052627,7.2499256,7.1057863,9.1908522,6.50279,7.6211953,8.8443365,6.4815769,6.5652652,9.5892563,8.7403364,9.9688072,10.039896,10.015699,9.8426752,9.9820681,10.0284,9.9487953,9.8122492,10.046505,10.02007,10.224701,9.0211153,10.024199,10.194028,9.5007687,9.9557476,10.130185,.23,.19,.72000003,.69,1.15,1.01,1.02,1.05,.83999997,.77999997,1.63,1.4299999,.5,.44999999,.68000001,.61000001,1.51,1.37,.91000003,.88,.81999999,.74000001,1.48,1.3200001,1.4299999,1.85,.77999997,.73000002,.83999997,.89999998,1.0599999,1.38,11.50648476814024,5.1704841,-7.5229764,1,11.506485,5.1704841,1,-7.5229764,1
1,1119,0,23,22,7,23,4,7,8,4,2,8,2,2,2,0,0,1,1,3,1,2,5.6419072,1.9459101,2.4849067,2.7080503,5.5174527,2.9957323,2.8903718,2.5649493,2.8903718,4.0253515,1.6094379,2.7080503,3.2958369,2.3978953,3.2188759,5.2626901,4.5849676,8.4885883,3.8501475,6.0137153,6.6567264,8.1956091,6.3438807,4.4998097,5.521461,4.59512,7.3505163,4.0430512,5.1817837,7.2232957,4.5747108,4.2484951,7.6338534,6.7381525,9.7027779,9.9658051,10.026324,9.6160059,9.673131,10.148471,9.6868849,9.2750034,9.9036379,9.6525869,9.5865135,8.6290922,9.6507225,9.6465931,9.2089396,9.6882505,9.5301752,.33000001,.33000001,2.3,2.8900001,1.65,1.51,.88999999,.88,1.22,1.65,.38999999,.34,.51999998,.34999999,.33000001,.33000001,1.41,1.16,.46000001,.31,.41999999,.33000001,1.72,1.38,1.25,1.21,.44999999,.41,.69999999,.75,.83999997,.77999997,9.691160293655768,2.6390574,-8.0531569,0,9.6911602,2.6390574,1,-8.0531569,0
1,1121,0,72,70,55,72,61,55,32,61,13,32,13,13,9,7,7,12,10,16,12,9,7.0732698,2.4849067,2.9444389,3.0910425,7.0273147,4.4998097,4.7957907,4.2904596,4.6443911,5.4510384,2.7080503,4.4543471,4.4886365,3.1354942,5.0106354,6.7957058,5.9322453,10.051993,6.2614918,7.2420826,8.0827112,9.8005133,6.059123,6.7592554,7.1372786,6.6871085,9.1746092,5.5174527,7.2218356,9.003685,6.4831076,6.3225651,9.0352726,8.2241631,9.8650064,10.244983,9.7964029,9.7018604,9.8835907,9.5294485,9.8805771,9.8916178,9.7906551,10.081173,9.820323,8.9474163,10.102093,10.057796,9.3215237,9.5943775,9.6310225,.75999999,.87,1.65,1.4,1.4299999,1.22,.93000001,.95999998,.19,.12,.77999997,.70999998,.55000001,.58999997,.55000001,.43000001,1.83,1.96,.41999999,.30000001,.68000001,.63,2.1400001,2.28,1.76,2.2,.75,.66000003,.58999997,.49000001,.77999997,.68000001,11.21326527375903,3.9512436,-7.8775039,0,11.213265,3.9512436,1,-7.8775039,0
1,1123,0,25,24,14,25,19,14,16,19,5,16,5,2,2,3,5,4,4,3,5,2,6.5567784,2.1972246,2.7725887,2.8903718,6.4937539,4.1108737,4.4426513,4.0253515,3.8501475,4.9972124,2.1972246,3.6109178,3.6888795,3.0910425,4.2766662,6.2422233,5.4510384,9.7418509,4.6443911,5.9914646,7.1459846,9.6318102,6.5366917,6.2045579,7.1777825,6.1923623,9.2050266,4.4543471,6.4504704,9.1410971,4.7874918,5.4930615,8.5745182,7.5196924,9.7467165,10.04055,9.9684792,9.7277641,9.7393789,9.6752062,9.7732077,9.7116003,9.9145756,9.8246069,9.9561749,8.9081535,9.8301105,9.5778961,9.2948656,9.556551,9.4407377,.20999999,.22,.63999999,.73000002,.76999998,.75,1.0700001,1.08,.41999999,.34,.61000001,.56,.77999997,.79000002,.46000001,.44999999,2.5699999,2.4000001,.2,.18000001,.43000001,.43000001,3.3499999,3.0599999,.44,.38999999,.44999999,.43000001,.50999999,.46000001,.51999998,.43000001,10.56684540428532,2.3025851,-7.8685026,0,10.566845,2.3025851,1,-7.8685026,0
1,1125,0,412,408,276,412,221,276,168,221,63,168,63,54,41,60,55,56,70,63,69,71,8.0326853,3.1780539,3.3672957,3.0445225,8.0083656,5.768321,5.9738097,5.4595857,5.5174527,6.4815769,3.3322046,5.4071717,5.0875964,4.5849676,6.025866,7.7634463,6.7844572,11.037387,7.5277939,8.9303617,8.92665,10.719029,7.9624157,8.3509026,8.2071295,7.7389235,9.7314529,6.8297939,8.5131855,9.1175671,8.1579437,7.6893711,10.253053,9.345396,9.9539433,10.102257,10.11553,9.9238291,9.922555,9.8507719,9.9204426,10.037494,9.8796043,10.228646,10.032145,8.9275799,10.218882,10.526507,9.4099283,9.683526,9.701004,1.01,.91000003,3.3299999,3.55,1.25,1.21,.87,.85000002,.47999999,.38,1.4299999,1.24,.60000002,.68000001,.58999997,.44999999,1.1900001,1.35,.57999998,.47,.92000002,.76999998,.88999999,.98000002,3.5,6.4200001,1.1,.95999998,.75,.62,.88999999,.76999998,11.92186453188989,5.3132062,-7.5774546,0,11.921865,5.3132062,1,-7.5774546,0
1,1127,0,89,86,70,89,51,70,36,51,10,36,10,7,8,17,10,9,12,14,9,10,7.1981835,2.5649493,2.7080503,3.6109178,7.1483459,4.6151204,4.6821313,4.5538769,4.4659081,5.5254531,2.5649493,4.4067192,4.4543471,4.0604429,4.9272537,6.9295168,6.2265368,9.8365459,5.31812,5.9864521,7.6666903,9.6782789,6.3099184,6.5132303,7.635304,6.6567264,8.710125,5.2311087,6.9782138,7.9466176,7.8493237,6.3062754,9.200593,8.4546795,9.9258852,10.192231,10.145061,9.741086,9.9383717,9.8683786,9.7585192,9.9232903,9.9233885,10.16712,10.076895,8.8990488,9.830863,10.505807,9.3634901,9.7671518,9.8082428,.37,.37,.57999998,.66000003,1.17,.98000002,1.02,1.05,.31,.25,.75999999,.56999999,1.13,1.17,.67000002,.55000001,1.42,1.5700001,.38999999,.34,.66000003,.55000001,.92000002,.70999998,8.5500002,15.78,.92000002,.77999997,.87,.81,1.21,1.2,11.12239822922627,4.2046928,-7.9215884,0,11.122398,4.2046928,1,-7.9215884,0
1,1129,0,8,13,6,8,17,6,6,17,0,6,0,0,1,1,1,4,3,1,1,1,5.5984221,2.0794415,1.9459101,2.6390574,5.4889379,2.7725887,3.3322046,2.4849067,2.3025851,4.5538769,0,2.0794415,2.5649493,3.9889841,0,4.9904327,4.3307333,8.5596781,3.871201,3.8918202,6.616065,8.3832045,4.4188404,6.7968235,4.9972124,4.5108595,8.1226683,0,4.2341065,7.6572828,5.8833222,0,6.9107509,6.2690964,10.178123,9.8889322,10.218991,9.555418,10.256395,10.107652,10.2102,9.2526331,9.7603102,10.360121,0,8.9411526,10.489912,9.7258549,0,9.7987375,9.9303732,.31,.18000001,.25999999,.23999999,1.47,.79000002,1,1.1,.17,.13,3.5999999,3.3299999,.28999999,.12,.28,.15000001,2.8399999,2.9400001,0,0,.15000001,.1,2.48,2.8499999,4.29,2.8199999,0,0,.31999999,.23,.49000001,.41999999,9.722804652410682,2.0794415,-7.7812576,0,9.722805,2.0794415,1,-7.7812576,0
1,1131,0,6,5,5,6,3,5,6,3,1,6,1,1,2,1,1,3,1,1,2,1,5.6383548,2.1972246,2.4849067,2.3025851,5.521461,0,3.1780539,2.7725887,2.8903718,4.1743875,0,2.7725887,2.4849067,3.4011974,3.4011974,5.220356,4.4886365,8.2970448,4.0604429,4.7535901,6.4599047,8.0705938,0,5.8998976,5.3844953,4.6347289,7.6708946,0,4.7273879,7.3336763,5.5174527,4.7095304,6.9603477,6.1003189,9.9388065,9.8787851,10.09613,9.5504484,9.996295,0,10.152689,9.5265369,9.5852776,10.176412,0,8.8333168,10.249238,9.6140041,9.4161339,9.4828072,9.5377722,.49000001,.36000001,.79000002,.83999997,1.64,1.11,.94999999,1.02,0,0,1.91,2.1199999,.55000001,.38,.41,.23999999,2.3499999,2.5699999,0,0,.31999999,.25,2.3299999,2.6700001,3.8699999,2.8900001,.87,.76999998,.43000001,.30000001,.54000002,.40000001,9.515469358031684,1.3862944,-7.7326283,0,9.5154696,1.3862944,1,-7.7326283,0
1,1133,0,35,27,32,35,27,32,21,27,6,21,6,4,7,3,3,3,7,6,6,5,6.1569791,2.3025851,2.3025851,2.6390574,6.0822191,2.9444389,3.3672957,3.0445225,3.4657359,4.9416423,1.7917595,3.5553482,4.4067192,3.4011974,3.2580965,5.6970935,5.0751739,9.0442858,4.7706847,4.3438053,6.8793559,8.8961773,4.5108595,5.4380794,5.7899604,5.4071717,8.4815664,4.3820267,5.7462034,8.3886776,5.2933049,4.6821313,7.8156104,7.1981835,9.6333179,10.006315,10.267332,9.6631346,9.6124668,9.4092731,9.7470093,9.3119936,9.6610975,9.6418629,9.6026525,8.7246952,9.6341038,9.6829033,9.2772512,9.5527239,9.7271681,.47,.52999997,.25,.41999999,1.1799999,1.22,1.03,1.02,.11,.079999998,.56999999,.56999999,.38999999,.30000001,.41999999,.36000001,2.5,2.1800001,.37,.25999999,.43000001,.40000001,3.1700001,2.6700001,1.47,1.59,.40000001,.41999999,.47999999,.47999999,.75999999,.93000001,10.0012039260422,3.1354942,-8.0667343,0,10.001204,3.1354942,1,-8.0667343,0
8,8001,0,648,530,749,648,928,749,1063,928,1156,1063,1156,1348,1677,2137,2514,2582,2764,2709,2820,3233,8.5855989,3.4011974,3.1354942,3.9120231,8.5663643,6.3902407,6.3279366,5.9610052,6.1268692,6.9527287,3.9120231,6.1779442,5.9839363,4.4886365,6.2383246,8.3442669,7.4483337,11.446102,8.2024822,7.1914291,9.2119389,11.271389,8.9868221,8.5163927,8.7059937,8.1086235,9.8205948,7.5878172,9.0246134,9.4096012,7.0967212,7.9703951,11.004331,10.294752,10.020737,10.277325,9.9586859,10.084434,9.9995699,9.9585915,10.089428,9.8542452,9.7860546,10.224701,10.408768,8.9598255,10.28524,10.111436,9.7313938,9.9191151,10.070526,1.3200001,1.33,.38999999,.33000001,1.1,1.17,1,1,.88999999,.73000002,1.12,1.0700001,.66000003,.57999998,.56999999,.37,.86000001,.92000002,.82999998,.89999998,1.02,.81999999,.80000001,.87,.81,.91000003,.97000003,1.09,1.0599999,1.04,1.53,1.78,12.48762849091452,4.6728287,-7.2782216,0,12.487629,4.6728287,1,-7.2782216,0
8,8003,0,7,3,2,7,3,2,3,3,4,3,4,8,7,5,11,7,7,6,5,9,6.1202974,2.8332133,0,2.6390574,6.0497336,3.9120231,3.5553482,3.6635616,3.4965076,4.2484951,2.1972246,3.9889841,2.6390574,3.0910425,3.583519,5.866468,4.89784,8.5714922,5.3278761,0,6.7105231,8.283494,5.3471074,5.2832036,6.605298,5.1590552,6.6267176,4.6821313,6.5381398,4.5747108,6.1333981,4.8751974,8.072155,7.0475173,9.639327,10.154052,0,9.7258549,9.5252237,9.6912222,9.9302273,9.7510939,9.6860151,9.6788425,9.5661945,8.6383486,9.698061,9.5442381,9.1665974,9.4853172,9.5766487,1.3200001,1.71,0,0,1.6,1.74,.89999998,.81,.41,.38,.77999997,.93000001,1.42,1.65,.52999997,.46000001,.63,.56,.80000001,.55000001,1.51,1.29,.11,.1,5.4499998,5.1199999,.77999997,.73000002,1,.93000001,1.05,1.1,9.519074291124575,0,-7.157414,0,9.5190744,0,1,-7.157414,0
8,8005,0,1233,1073,1437,1233,1709,1437,1980,1709,2063,1980,2063,2776,3342,3913,4645,4796,4820,4503,4715,4829,9.3622026,3.2958369,2.9957323,4.0775375,9.353054,7.6948481,6.8200164,6.9707303,7.3297496,7.379632,5.5134287,6.6933236,6.2878585,5.0039463,6.9650803,9.203517,8.0123501,12.056342,7.3714895,7.3231707,9.7502785,11.931136,10.269865,8.932477,9.5593061,9.8338699,9.9164038,9.3073759,9.7061949,9.2713413,7.629004,8.6392336,11.788009,10.515316,10.143803,10.305413,9.6750803,10.11876,10.14851,10.365963,10.162886,10.033024,10.199063,10.288546,10.48721,9.207737,10.231711,10.830976,9.686326,10.12511,10.098231,.31,.28999999,.23999999,.14,1.02,1,1.05,1.08,1.74,1.89,.92000002,.83999997,.83999997,.77999997,1.73,1.52,.51999998,.51999998,2.5,2.6199999,1.1,1,.38,.34999999,.75,1.53,1.03,.98000002,1.26,1.34,1.03,1.1,12.87776889108086,5.4930615,-7.1686664,0,12.877769,5.4930615,1,-7.1686664,0
8,8007,0,4,1,3,4,2,3,3,2,4,3,4,5,6,10,7,11,13,7,8,6,5.4026775,1.9459101,1.9459101,2.3025851,5.2882671,3.2580965,3.2188759,2.0794415,2.9444389,3.6109178,1.7917595,3.583519,1.6094379,1.9459101,2.0794415,5.0875964,4.0604429,7.3498735,3.9318256,3.3322046,5.6970935,7.072422,4.4998097,4.0604429,3.6635616,4.4543471,4.7004805,3.6109178,6.2383246,2.5649493,3.6635616,3.7376697,6.9754138,5.572154,9.5613489,9.9703979,10.127471,9.7251377,9.4730892,9.315691,9.4621878,9.1333513,9.5963507,9.7331734,9.8049927,9.2275906,9.8253641,10.009377,9.3075581,9.4421663,9.7502193,1.11,1.29,.49000001,.77999997,1.97,2.3199999,.91000003,.83999997,.60000002,.41,.77999997,.63,.25,.17,.88,.75999999,.31,.31999999,.93000001,.87,3.79,6.29,.050000001,.050000001,1.5599999,2.55,.85000002,.99000001,1.13,1.09,.81999999,1.1,8.583916823459145,0,-7.7661681,0,8.5839167,0,1,-7.7661681,0
8,8009,0,6,6,6,6,3,6,10,3,4,10,4,5,14,10,17,13,19,18,10,17,4.9836068,2.3025851,0,0,4.7273879,0,0,1.6094379,2.3978953,2.8332133,0,2.5649493,0,0,2.0794415,4.5643482,3.8286414,6.9236288,3.9120231,0,0,6.1882639,0,0,2.7725887,3.6888795,4.1108737,0,4.1896548,0,0,3.3672957,6.0567842,5.4161005,9.4897127,9.8351021,0,0,9.4380331,0,0,8.7674847,9.6579065,9.5160589,0,8.4459124,0,0,9.2263117,9.4264193,9.5632486,1.66,1.8200001,0,0,0,0,.56999999,.55000001,0,0,0,0,.16,.079999998,.63,.61000001,.25999999,.23,0,0,.75,.61000001,0,0,0,0,.89999998,1.04,.69,.69999999,1.0700001,1.28,8.424200324567073,1.0986123,-7.3124371,0,8.4242001,1.0986123,1,-7.3124371,0
8,8011,0,1,2,1,1,3,1,1,3,1,1,1,1,2,1,2,1,3,2,1,2,4.5432949,2.3025851,1.7917595,2.4849067,4.1896548,0,0,0,2.0794415,2.4849067,0,2.1972246,0,0,0,4.0073333,3.1780539,7.2115569,6.498282,2.8332133,5.8493247,5.7899604,0,0,0,3.6375861,4.4426513,0,3.4339871,0,0,0,5.4889379,4.8598123,9.8731833,10.150152,10.157626,9.5386362,9.4218969,0,0,0,9.8936396,9.5116291,0,8.0876408,0,0,0,9.3885698,9.4640522,16.549999,17.01,.34,.41,2.6300001,1.88,.28999999,.19,0,0,0,0,0,0,.44999999,.38,.28,.17,0,0,.25999999,.1,0,0,0,0,0,0,.28999999,.2,.46000001,.34,8.52674740422105,0,-7.4150229,0,8.5267477,0,1,-7.4150229,0
8,8013,0,1015,856,1188,1015,1508,1188,1620,1508,1752,1620,1752,2032,2417,2891,3116,3037,3445,3090,3357,3325,8.8622007,3.6375861,0,0,8.8479347,7.1966867,6.4504704,6.5132303,6.4769726,7.1838708,5.2364421,6.3902407,6.4361506,4.1108737,6.3508859,8.6381712,7.3870902,11.678135,7.894691,0,0,11.46159,9.5909662,8.2380085,9.052165,9.1324873,10.249097,7.7553387,9.3658905,10.076221,6.555357,8.1031914,11.108544,9.7396145,10.053329,10.545815,0,0,10.072048,10.176068,10.028004,9.948843,10.274499,10.369201,10.261162,8.9466352,10.424333,9.9205418,9.5074034,9.9136858,9.8315077,.76999998,.98000002,0,0,0,0,.95999998,1,1.29,1.27,.67000002,.58999997,.74000001,.69,1.26,1.3,1.05,1.25,.76999998,.70999998,1.14,.87,1.23,1.5,.37,.34,.88,.75999999,.93000001,.88,.69999999,.62,12.32536121396978,5.2470241,-6.8213563,0,12.325361,5.2470241,1,-6.8213563,0
8,8014,0,11,15,13,11,21,13,29,21,30,29,30,22,37,47,52,65,72,102,96,110,8.8622007,3.6375861,0,0,8.8479347,7.1966867,6.4504704,6.5132303,6.4769726,7.1838708,5.2364421,6.3902407,6.4361506,4.1108737,6.3508859,8.6381712,7.3870902,11.678135,7.894691,0,0,11.46159,9.5909662,8.2380085,9.052165,9.1324873,10.249097,7.7553387,9.3658905,10.076221,6.555357,8.1031914,11.108544,9.7396145,10.053329,10.545815,0,0,10.072048,10.176068,10.028004,9.948843,10.274499,10.369201,10.261162,8.9466352,10.424333,9.9205418,9.5074034,9.9136858,9.8315077,.76999998,.98000002,0,0,0,0,.95999998,1,1.29,1.27,.67000002,.58999997,.74000001,.69,1.26,1.3,1.05,1.25,.76999998,.70999998,1.14,.87,1.23,1.5,.37,.34,.88,.75999999,.93000001,.88,.69999999,.62,12.32536121396978,1.0986123,-6.3762808,0,12.325361,1.0986123,1,-6.3762808,0
8,8015,0,69,67,84,69,102,84,107,102,136,107,136,163,182,200,216,236,246,219,206,204,6.1484685,2.3025851,3.0445225,2.7080503,6.0473723,3.713572,3.713572,3.583519,3.4657359,4.2626801,2.1972246,4.5325994,3.0445225,2.1972246,3.4011974,5.8636312,4.7095304,8.3390226,4.4308167,6.300786,6.5820251,7.9494443,4.882802,5.0304379,5.6835799,5.1761498,5.9788857,4.2766662,6.7878451,5.187386,4.1431346,4.6443911,7.7993436,6.6489844,9.6393919,10.12859,10.294144,9.6044073,9.4314022,9.6408234,9.6239061,9.5370512,9.6101227,9.5586004,9.5223007,8.9135504,9.6533585,8.9644394,9.1732616,9.4091911,9.6860771,.68000001,.86000001,3.5599999,6.23,1.77,1.71,.81,.67000002,.33000001,.28,.76999998,.67000002,.70999998,.67000002,.68000001,.54000002,.41,.33000001,.67000002,.44999999,2.4400001,2.74,.25999999,.22,.94,.49000001,.77999997,.73000002,.95999998,.82999998,.88999999,1.04,9.448096635658239,2.3978953,-7.2315507,0,9.4480963,2.3978953,1,-7.2315507,0
8,8017,0,6,3,5,6,4,5,5,4,5,5,5,9,13,5,11,16,12,11,5,5,4.5108595,1.9459101,0,0,4.2484951,0,0,0,1.3862944,2.8903718,0,1.9459101,0,2.4849067,0,3.9702919,3.4339871,6.5117455,2.9957323,0,0,5.9532433,0,0,0,3.5553482,4.7535901,0,3.713572,0,4.2341065,0,5.5909872,5.0304379,9.8106041,9.8776054,0,0,9.9405909,0,0,0,10.060192,10.333287,0,8.7340775,0,10.103608,0,9.7068644,9.8390026,1,.85000002,0,0,0,0,.68000001,.79000002,0,0,0,0,0,0,.82999998,.88999999,.75999999,1.11,0,0,.69999999,.55000001,0,0,6.3899999,8.8999996,0,0,.64999998,.63999999,1.1,1.25,7.781973234434385,0,0,0,7.7819734,0,0,0,0
8,8019,0,15,20,23,15,32,23,27,32,25,27,25,30,24,53,57,47,50,39,52,45,5.3798971,1.9459101,1.9459101,2.0794415,5.2729998,2.8903718,2.1972246,2.3025851,2.8332133,3.1780539,0,3.9702919,0,0,2.4849067,5.1474943,4.0604429,7.7685332,3.6888795,4.882802,6.0473723,7.4792995,3.6109178,2.8332133,3.7841897,4.0775375,6.4441314,0,6.4264884,0,0,3.1354942,7.0405364,5.8522024,9.9279366,9.9369707,10.36895,9.818964,9.9110584,9.924221,10.023623,9.6579065,9.5746365,10.482205,0,9.0200272,0,0,9.1625147,9.3592777,9.6214561,.56999999,.44,1.53,2.1500001,1.84,1.65,.89999998,.88999999,.16,.14,.15000001,.15000001,.19,.15000001,.40000001,.23,1.17,1.76,0,0,3.01,2.8099999,0,0,0,0,.31,.20999999,.79000002,.49000001,.70999998,.57999998,8.93840040647301,1.3862944,-7.6761131,0,8.9384003,1.3862944,1,-7.6761131,0
8,8021,0,6,7,4,6,8,4,15,8,8,15,8,12,6,19,22,21,30,21,25,26,4.8202815,2.4849067,0,0,4.4773369,1.3862944,1.7917595,2.1972246,0,2.9957323,0,2.6390574,1.6094379,2.1972246,0,4.2195077,3.3672957,7.1459846,4.0253515,0,0,6.5496507,2.1972246,2.4849067,5.0434251,0,5.6058021,0,3.583519,4.3694477,5.1984968,0,6.059123,5.1532917,9.5569048,9.8807821,0,0,9.420763,8.8217325,9.2827539,9.5334377,0,9.4585276,0,8.6462898,9.2735033,9.5397158,0,9.3959894,9.2955084,1.49,1.6,0,0,0,0,.66000003,.57999998,.07,.029999999,.2,.14,1.24,1.26,0,0,.94,.74000001,0,0,.33000001,.31,.38,.23999999,8.8999996,9.0200005,0,0,.55000001,.50999999,.66000003,.56,8.916371914881694,.69314718,-7.4835749,0,8.9163723,.69314718,1,-7.4835749,0
8,8023,0,4,3,5,4,7,5,4,7,6,4,6,7,6,10,20,10,13,11,9,18,4.1271343,1.9459101,0,0,3.6375861,0,0,0,0,2.7725887,0,1.7917595,0,2.3978953,0,3.0910425,2.4849067,6.5764694,2.9444389,0,0,5.8318825,0,0,0,0,5.3082676,0,3.583519,0,5.1532917,0,4.9416423,4.0775375,9.6422529,9.8125772,0,0,9.8006792,0,0,0,0,9.9361486,0,8.8034239,0,9.9343081,0,9.5651436,9.2892437,.88999999,.81,0,0,0,0,.56999999,.68000001,0,0,0,0,0,0,0,0,1.24,1.4299999,0,0,.57999998,.57999998,0,0,15.03,20.83,0,0,.31999999,.31999999,.40000001,.31,8.06777619577889,0,-7.4360805,0,8.0677757,0,1,-7.4360805,0
8,8025,0,1,1,2,1,1,2,2,1,6,2,6,3,5,5,9,10,8,2,6,8,4.0073333,1.6094379,0,0,3.6109178,0,0,0,0,2.1972246,0,0,0,0,0,3.3322046,2.6390574,6.6644092,2.9957323,0,0,5.6733232,0,0,0,0,4.3694477,0,0,0,0,0,5.3565865,4.5108595,9.8873577,9.8838968,0,0,9.3796616,0,0,0,0,9.7216663,0,0,0,0,0,9.2144318,9.1398106,.86000001,.66000003,0,0,0,0,.44,.27000001,0,0,0,0,0,0,0,0,.44,.31999999,0,0,0,0,0,0,0,0,0,0,.44,.25,.56,.28999999,8.28045768658256,0,0,0,8.2804575,0,0,0,0
8,8027,0,31,28,27,31,27,27,23,27,38,23,38,28,41,49,78,50,66,49,50,59,4.2904596,1.6094379,0,0,4.0604429,0,2.3978953,0,2.3025851,2.7725887,0,2.1972246,0,0,0,3.7376697,2.7725887,5.7838254,2.3978953,0,0,5.3033047,0,3.713572,0,3.3322046,4.0253515,0,3.8918202,0,0,0,4.9836068,3.9889841,9.3861408,9.947361,0,0,9.2090397,0,9.605957,0,9.3240261,9.4435139,0,8.9270487,0,0,0,9.1025324,9.1286964,1.14,1.51,0,0,0,0,.74000001,.63,0,0,2.6400001,2.95,0,0,1.38,1.0599999,.75999999,.69,0,0,1.74,2.55,0,0,0,0,0,0,.74000001,.60000002,.80000001,.69,7.563200592358071,1.9459101,-7.7265134,0,7.5632005,1.9459101,1,-7.7265134,0
8,8029,0,77,73,101,77,85,101,128,85,124,128,124,131,182,228,272,291,332,309,216,257,6.3171649,3.0910425,2.5649493,2.8903718,6.2166061,3.7612002,3.9120231,3.8066626,3.7376697,4.8202815,2.3025851,3.8918202,3.6375861,3.6109178,3.6375861,5.9322453,5.0106354,8.5151911,5.2470241,4.8121843,7.0604763,8.1639414,5.209486,5.3327188,6.4676986,5.46806,6.7990561,4.6051702,6.0426331,5.811141,5.8749309,4.4659081,7.8690195,6.8501263,9.5851402,10.199063,10.193355,9.7233438,9.4523449,9.6238394,9.5761633,9.1152601,9.6858292,9.6878157,9.8331184,8.5326729,9.7544069,9.6843987,9.1988745,9.3568621,9.5298119,1.29,1.85,.67000002,1.13,2.4000001,2.76,.83999997,.75,.38,.34,.87,.76999998,1.3099999,.85000002,.75999999,.69999999,.79000002,.75999999,.77999997,.74000001,.97000003,.79000002,.41,.41,4.4499998,5.0799999,.55000001,.56,.86000001,.74000001,.91000003,.95999998,9.951324881950288,2.7725887,-7.4115701,0,9.9513245,2.7725887,1,-7.4115701,0
8,8031,0,2574,2163,2983,2574,3543,2983,3958,3543,3745,3958,3745,4617,5619,7022,7915,7889,8239,7867,8246,8808,9.9005327,4.4426513,4.6821313,3.5263605,9.8890839,8.2776661,7.0326242,7.4838066,7.8563194,7.9327211,6.0402546,7.2786288,7.0934048,6.1092477,7.5422134,9.7366657,8.4873524,12.862955,9.7985163,9.7567844,10.128988,12.69286,10.984869,9.3361797,10.546735,10.415442,10.746928,9.9708195,10.559452,10.290314,8.648221,9.4505377,12.538713,11.235695,10.196082,10.367222,10.24814,10.195,10.182898,10.174582,10.242421,10.111883,10.278047,10.287116,10.472827,9.750802,10.162384,10.813398,9.8282785,10.164428,10.243454,1.58,1.46,1.23,1.17,.67000002,.67000002,1.01,1.01,1.59,1.35,.62,.57999998,1,.95999998,1.38,1.24,.52999997,.5,2.1700001,2.1300001,1.15,1.71,.47,.38,.92000002,1.77,1.03,1.0700001,1.1900001,1.25,.94999999,1.1,13.05538989415121,5.9989367,-6.9001713,1,13.05539,5.9989367,1,-6.9001713,1
8,8033,0,3,1,4,3,3,4,5,3,7,5,7,3,5,7,8,17,12,12,11,10,3.9702919,1.6094379,0,0,3.6635616,0,0,0,0,2.0794415,0,1.7917595,0,1.3862944,0,3.4339871,2.8903718,5.9814143,2.3978953,0,0,5.4161005,0,0,0,0,4.0604429,0,3.1780539,0,3.3322046,0,5.1239638,4.7535901,9.6815929,9.8155298,0,0,9.7809248,0,0,0,0,10.232863,0,8.3111525,0,10.078071,0,9.5613489,9.7064381,.94,.85000002,0,0,0,0,.68000001,.75999999,0,0,0,0,0,0,0,0,.63999999,.95999998,0,0,.69999999,.41,0,0,4.4099998,6.71,0,0,.69999999,.67000002,1.42,1.61,7.315883504509785,0,-7.6382031,0,7.3158836,0,1,-7.6382031,0
8,8035,0,812,645,886,812,1212,886,1500,1212,1768,1500,1768,2174,2763,3303,3951,3938,4093,3863,4019,3907,7.2063775,2.3978953,1.7917595,2.8332133,7.1808314,5.2983174,5.4293456,4.5432949,4.7621741,5.7930136,3.2188759,4.6151204,4.3438053,3.1354942,4.7449322,6.8936563,5.7990928,9.4916773,4.5432949,4.3307333,7.8240461,9.2666264,7.0121155,7.385231,6.5525079,6.368187,7.8296304,5.4205351,7.4877338,6.6908422,4.5747108,6.0822191,8.9952888,8.0765152,9.9379854,10.210052,10.228321,9.9759474,9.9235353,10.141126,10.227562,9.761405,10.005186,10.160878,9.8967648,9.1038685,10.06352,9.6855803,9.5657749,9.8363857,9.998661,.23999999,.23999999,.16,.19,1.9400001,2.01,.94999999,.94999999,.87,.93000001,2.55,3.05,.54000002,.47,.69999999,.62,.82999998,.89999998,.67000002,.47999999,1.55,1.5599999,.37,.34999999,.46000001,.36000001,1.04,1.0700001,1,.98000002,1.17,1.38,11.0085953661978,4.4773369,-7.4753571,0,11.008595,4.4773369,1,-7.4753571,0
8,8037,0,388,311,468,388,500,468,468,500,490,468,490,513,552,766,830,888,900,765,641,623,7.2048926,2.7080503,2.1972246,2.9957323,7.1724248,5.1761498,5.5759492,3.9512436,4.9836068,5.7430034,3.2580965,5.2364421,3.7841897,1.3862944,4.4773369,6.8977051,5.7430034,9.5931511,4.7535901,4.3694477,7.1196356,9.490469,6.6106958,7.4312997,6.2728772,6.9265771,7.6053925,5.5333896,8.6971788,5.7170277,2.8903718,6.3561077,9.3258095,7.6558642,9.8223314,10.115691,10.20559,10.003061,9.7977381,10.026192,10.143331,10.09324,9.9407349,10.12559,9.9716129,9.5596581,10.038106,9.8130703,9.6308908,9.7257357,9.7987938,.27000001,.28,.15000001,.2,.87,1.04,1.08,1.0700001,.52999997,.56,2.4100001,2.98,.37,.5,1.11,1.04,.60000002,.69999999,.67000002,.57999998,4.6999998,8.3800001,.13,.13,.079999998,.079999998,1.23,1.52,1.26,1.24,.69999999,.75999999,9.995519637982621,3.7841897,-7.4706283,0,9.9955196,3.7841897,1,-7.4706283,0
8,8039,0,74,66,82,74,91,82,109,91,135,109,135,167,192,221,312,239,247,247,254,240,5.0172796,2.3025851,0,0,4.8362818,2.8332133,3.2958369,1.6094379,1.3862944,3.8286414,1.6094379,2.3025851,2.3978953,2.0794415,1.7917595,4.3944492,3.4965076,7.0396605,3.5263605,0,0,6.4085288,3.6888795,4.9628448,3.8501475,3.583519,5.5134287,2.9957323,3.9318256,4.2904596,3.4657359,2.5649493,5.8833222,5.0304379,9.630497,9.9012852,0,0,9.5819731,9.9298372,9.837348,9.1291304,9.6718702,9.7044878,9.9950638,8.8032742,9.5383482,9.3616867,9.2154274,9.487669,9.4877453,1.01,1.04,0,0,0,0,.63999999,.61000001,.36000001,.43000001,2.6300001,2.9000001,.41999999,.25999999,.5,.43000001,.94999999,.88999999,.69,.72000003,.50999999,.52999997,.38999999,.30000001,1.75,1.38,.36000001,.34,.51999998,.49000001,.64999998,.62,9.174298600628918,1.9459101,-7.2848721,0,9.1742983,1.9459101,1,-7.2848721,0
8,8041,0,1489,1230,1662,1489,2071,1662,2278,2071,2424,2278,2424,2975,3629,4659,5404,5312,5663,5061,5095,5697,9.1466551,4.0604429,3.3322046,4.3040652,9.1295643,7.3158836,6.8731637,6.9450512,6.9285378,7.3085427,5.0304379,6.8243737,6.1984787,3.5553482,6.8710914,8.9529934,7.6596432,11.936839,9.1843042,7.8477626,9.7588081,11.721426,9.7469511,8.7566824,9.5380602,9.1195402,10.203925,8.5195904,9.851984,9.9226532,5.5984221,8.7738485,11.473904,10.14937,9.9542284,10.107449,9.8669271,10.075506,9.9243193,10.121096,10.022203,9.9930086,9.9508009,10.193728,10.098684,9.0683155,10.245516,9.8311319,9.5797634,9.8334408,9.866045,2.1500001,1.96,.46000001,.38,1.16,1.3099999,.95999998,.94999999,1.16,1.1900001,.87,.83999997,.92000002,1,.95999998,.79000002,.77999997,.85000002,1.28,1.1,1.4299999,1.37,.81,.92000002,.11,.1,1.33,1.37,1.03,.99000001,.81,.81999999,12.89172682353118,5.4026775,-6.9993262,1,12.891726,5.4026775,1,-6.9993262,1
8,8043,0,46,48,60,46,99,60,85,99,94,85,94,103,125,159,199,182,236,218,185,168,6.5012898,2.7080503,0,0,6.4101748,4.2195077,4.1588831,4.2046928,3.8066626,4.8283138,2.1972246,4.3820267,3.8501475,2.6390574,3.8286414,6.182085,5.1239638,9.0522823,5.0498562,0,0,8.6346207,5.3565865,5.3565865,7.1538339,5.5645204,7.1569562,4.8675346,6.8741984,6.8001699,5.1590552,5.1357985,8.3756294,7.1869011,9.7818279,10.226947,0,0,9.5480261,9.4826546,9.6132689,9.5548515,9.7614632,9.8824167,9.6083784,8.7992096,9.8446922,10.274326,9.1987734,9.4230299,9.5361128,.62,.75,0,0,0,0,.79000002,.63,.25999999,.17,.51999998,.38999999,1.52,1.26,.49000001,.40000001,.66000003,.63,.60000002,.37,1.3,1.13,.63999999,.57999998,1.27,2.1400001,.62,.51999998,.82999998,.63,.75,.64999998,10.3819862463277,1.7917595,-7.2534695,0,10.381987,1.7917595,1,-7.2534695,0
8,8045,0,232,201,254,232,307,254,329,307,368,329,368,379,428,543,627,773,840,737,564,666,7.1082439,3.0445225,2.8332133,3.4011974,7.0518556,5.0875964,5.3132062,4.4426513,4.5217886,5.5759492,3.0445225,4.934474,3.6109178,3.2188759,4.6347289,6.7923446,5.659482,9.389657,5.6058021,5.7557421,7.4616404,9.1732616,6.6476884,7.0210838,6.944087,6.1548581,7.730175,5.2149358,7.4324837,5.4071717,6.8384051,6.2166061,8.9038153,7.9032269,9.8990278,10.223939,10.116904,9.8896418,9.881753,9.9175873,10.14714,9.9778986,9.9639235,10.287354,9.9008846,8.9820585,9.8382025,10.505232,9.6733828,9.7137184,9.7977934,.76999998,.82999998,.72000003,.81999999,1.5,1.48,.95999998,.95999998,.67000002,.58999997,1.96,2.25,.88,.99000001,.63,.56,.83999997,1.0700001,.60000002,.44999999,1.63,1.51,.11,.090000004,4.8600001,9.2200003,1.3099999,1.5700001,1.01,.91000003,1.09,1.1,10.30808561820494,3.6375861,-7.5606084,0,10.308085,3.6375861,1,-7.5606084,0
8,8047,0,15,6,13,15,10,13,17,10,15,17,15,19,16,26,37,32,34,38,67,53,4.356709,1.7917595,0,0,4.1743875,1.6094379,1.6094379,0,0,2.0794415,0,2.9444389,0,0,1.6094379,4.0253515,3.0910425,5.971262,2.0794415,0,0,5.5254531,2.1972246,2.4849067,0,0,3.4657359,0,4.7449322,0,0,2.7725887,5.3890719,4.0430512,9.5274115,10.075253,0,0,9.394577,9.9643946,9.5349569,0,0,9.7861109,0,9.1478262,0,0,9.5308285,9.3223286,9.3221502,.69,.95999998,0,0,0,0,.76999998,.68000001,.23999999,.31,.63999999,.60000002,0,0,0,0,.36000001,.40000001,0,0,3.3800001,5.3600001,0,0,0,0,1.28,1.92,.92000002,.81,.69999999,.63,8.029432840581244,1.3862944,-7.4841609,0,8.0294333,1.3862944,1,-7.4841609,0
8,8049,0,65,56,83,65,82,83,113,82,108,113,108,118,128,163,191,212,175,135,129,103,6.20859,2.8903718,2.1972246,3.2188759,6.1003189,3.8066626,3.9318256,2.8332133,3.8501475,4.2766662,2.3025851,4.7957907,2.6390574,1.9459101,3.2958369,5.9242558,4.6347289,8.3421249,5.0172796,4.0775375,6.4150968,8.1244469,4.6821313,4.8441873,4.5538769,5.9839363,5.7104268,3.9702919,7.3975616,4.882802,3.7376697,5.3471074,8.030735,6.3508859,9.5907612,10.029768,10.231855,9.8453817,9.493412,9.7700129,9.7885818,9.8246069,9.5953302,9.8906555,9.6807814,9.3048325,10.018021,9.7488785,9.4103384,9.4443846,9.5380602,1.22,1.47,.38,.66000003,1.5,1.9299999,.95999998,.88999999,.27000001,.28,.63,.69,.23,.30000001,1.51,1.26,.31999999,.37,.49000001,.40000001,4.48,7.8000002,.19,.25,.62,.75999999,1.5700001,1.96,1.2,1.13,.66000003,.69,8.982937763741589,2.7080503,-7.4124594,0,8.9829378,2.7080503,1,-7.4124594,0
8,8051,0,73,88,106,73,138,106,185,138,150,185,150,151,192,277,325,336,300,264,207,189,6.2897158,2.3025851,2.0794415,2.7725887,6.2245584,3.9318256,4.1743875,3.3672957,3.8286414,4.5849676,2.3025851,4.6913481,2.8332133,2.7080503,3.6109178,6.0112672,4.8362818,8.477828,4.8121843,5.6489744,6.43294,8.2369499,4.89784,5.6204009,5.0498562,5.6240177,6.2728772,4.0253515,7.4650826,4.3174882,5.187386,5.09375,8.0861025,6.5750756,9.5916491,10.058395,10.336471,9.7674961,9.4475451,9.5909662,9.8577576,9.3800831,9.7275257,10.111315,9.6156054,8.9811783,9.491375,10.541915,9.2250319,9.2807055,9.5461693,.86000001,1.0700001,1.62,3.0899999,1.33,1.59,.94,.82999998,.28999999,.25,1.2,1.4,.33000001,.28,.92000002,.87,.47999999,.69999999,.46000001,.34999999,4.1799998,5.27,.1,.07,2.3199999,6.2199998,1.0599999,1.1,1.11,.88,.72000003,.75999999,9.237274373216264,2.5649493,-7.4515524,0,9.2372742,2.5649493,1,-7.4515524,0
8,8053,0,7,7,7,7,10,7,12,10,9,12,9,2,10,13,9,7,23,18,19,11,3.9120231,1.6094379,0,0,3.6635616,0,0,0,1.6094379,0,0,2.5649493,0,0,0,0,0,5.0369525,1.7917595,0,0,4.5432949,0,0,0,2.5649493,0,0,3.3322046,0,0,0,0,0,9.4073868,9.7821102,0,0,9.3621168,0,0,0,9.6646595,0,0,8.9374809,0,0,0,0,0,1.3200001,1.41,0,0,0,0,.73000002,.70999998,0,0,0,0,0,0,1.35,1.48,0,0,0,0,2.0899999,3,0,0,0,0,0,0,0,0,0,0,6.146329257668897,.69314718,-7.3099461,0,6.1463294,.69314718,1,-7.3099461,0
8,8055,0,17,26,14,17,30,14,22,30,32,22,32,34,33,34,56,62,47,42,40,34,5.2149358,1.7917595,1.9459101,2.8903718,5.0304379,2.3978953,2.7725887,2.5649493,2.4849067,3.2580965,0,3.4339871,1.7917595,1.3862944,0,4.8520303,3.8918202,7.1412449,3.1780539,4.0943446,5.9738097,6.6669569,2.8903718,3.2188759,5.0498562,3.6109178,4.9904327,0,5.220356,4.3307333,3.8066626,0,6.4599047,5.3375382,9.5304651,9.9625578,10.199361,9.6390009,9.3722887,9.1030893,9.2903519,9.2848911,9.554781,9.8228197,0,8.7285881,9.3203602,10.460443,0,9.2321997,9.4431963,.63999999,.75999999,1.3,2.3099999,3.2,3.5599999,.74000001,.63999999,.15000001,.090000004,.41,.30000001,1.26,1.02,.47,.40000001,.50999999,.58999997,0,0,1.6900001,1.76,.37,.25,2.22,5.8800001,0,0,.82999998,.67000002,.80000001,.81,8.701013624333928,0,-6.8134432,0,8.7010136,0,1,-6.8134432,0
8,8057,0,13,8,1,13,7,1,6,7,6,6,6,13,15,22,9,10,18,15,10,13,4.1896548,1.9459101,0,0,3.9318256,0,0,1.0986123,0,2.7725887,0,2.0794415,0,2.0794415,0,3.5553482,2.7725887,6.1312265,3.4657359,0,0,5.6937323,0,0,2.7080503,0,5.0434251,0,3.6888795,0,3.6635616,0,4.9558272,4.1743875,9.8259039,9.9387579,0,0,9.8833361,0,0,8.1420631,0,10.120533,0,8.4346809,0,9.6469812,0,9.5389242,9.9465952,2.3499999,2.0599999,0,0,0,0,.76999998,.82999998,0,0,0,0,.33000001,.059999999,0,0,1.48,1.71,0,0,1,.56999999,0,0,5.29,4.5900002,0,0,.50999999,.41,.68000001,.86000001,7.380879035564116,.69314718,-5.6058989,0,7.3808789,.69314718,1,-5.6058989,0
8,8059,0,1423,1175,1601,1423,1974,1601,2146,1974,2340,2146,2340,2800,3329,4035,4401,4177,4533,4176,4424,4558,9.2850771,4.0073333,3.2188759,3.9512436,9.2728453,7.5448608,7.1115122,6.9057531,7.0596175,7.5390272,5.1357985,6.7889719,6.2499752,4.919981,6.8511848,9.0785217,7.8995247,11.999688,9.2566509,7.9898992,9.5804548,11.811555,10.175002,8.8866854,9.4897127,9.0610275,10.372396,8.0378666,9.7599058,10.074201,6.9157233,8.5426664,11.540891,10.281307,10.147492,10.438489,10.12527,10.078238,10.128749,10.395222,10.098272,9.9988432,10.054834,10.491663,10.272565,8.9811783,10.584258,10.541227,9.5473843,9.9825764,9.8921232,2.1700001,2.27,.5,.44,.91000003,.85000002,.99000001,.99000001,1.6799999,1.86,.93000001,.79000002,.82999998,.74000001,.85000002,.63999999,.86000001,1.05,.74000001,.63,1.23,.88999999,.88999999,1.16,.38999999,.58999997,.99000001,.81,1.04,.95999998,.87,.75,12.99095544293161,5.7004437,-7.0931621,0,12.990955,5.7004437,1,-7.0931621,0
8,8061,0,2,2,1,2,1,1,1,1,1,1,1,1,3,1,1,0,2,0,3,3,4.2195077,1.9459101,0,0,3.9120231,0,0,0,0,0,0,0,0,0,0,0,3.0910425,6.0088134,3.0445225,0,0,5.1761498,0,0,0,0,0,0,0,0,0,0,0,4.4188404,9.5313368,9.7553358,0,0,9.4889565,0,0,0,0,0,0,0,0,0,0,0,9.584796,1.74,1.72,0,0,0,0,.51999998,.50999999,0,0,0,0,0,0,0,0,0,0,0,0,0,0,0,0,0,0,0,0,0,0,.99000001,1.15,7.431299675155903,1.9459101,-7.0132742,0,7.4312997,1.9459101,1,-7.0132742,0
8,8063,0,26,13,19,26,33,19,27,33,29,27,29,31,34,31,32,36,41,25,34,32,5.6347895,2.3978953,2.3025851,2.9444389,5.480639,2.8332133,2.5649493,2.7725887,3.2580965,3.6635616,1.9459101,3.2958369,2.0794415,2.8903718,2.8332133,5.2983174,4.5108595,7.8131871,4.0775375,3.2958369,6.4536252,7.4685135,4.0430512,4.2484951,4.8121843,4.59512,5.8464389,3.4965076,5.7990928,4.4773369,5.2311087,3.5263605,7.2492151,6.5944133,9.5801783,10.009018,10.361671,9.5366182,9.5587416,9.7230444,9.7905989,8.8943958,9.8330116,9.9328032,9.7180614,8.6793118,9.9666033,9.9658985,9.3289232,9.4405785,9.6320066,.81,.97000003,.30000001,.60000002,2.6400001,2.52,.85000002,.83999997,.23999999,.23999999,.58999997,.66000003,.50999999,.27000001,.63999999,.69,.61000001,.75,.51999998,.44,1.54,1.45,.22,.27000001,4.7199998,7.1700001,.43000001,.5,.93000001,.88,1.4299999,1.67,8.87346805533363,2.8332133,-7.4854417,0,8.8734684,2.8332133,1,-7.4854417,0
8,8065,0,26,11,27,26,21,27,25,21,31,25,31,37,47,51,62,73,84,63,60,70,5.209486,1.6094379,2.1972246,2.0794415,5.0814042,2.3978953,3.0445225,2.0794415,2.9444389,3.4657359,0,3.583519,0,0,0,4.8598123,3.7612002,7.5283318,4.0604429,2.9957323,6.2186003,7.1538339,2.8903718,4.2341065,4.89784,4.1108737,6.1268692,0,5.6312118,0,0,0,6.7105231,5.676754,9.8479223,10.244592,10.135432,9.7525482,9.8562908,9.3812637,9.6579704,9.5030098,9.4517956,10.237636,0,8.8535223,0,0,0,9.5562677,10.001929,1.05,1.22,.28999999,.36000001,2.77,2.52,.81999999,.83999997,.1,.050000001,.77999997,.56999999,.73000002,.54000002,.51999998,.28999999,1.08,1.38,0,0,1.73,1.48,0,0,0,0,0,0,.72000003,.58999997,.75999999,.98000002,8.700680734850161,0,-8.4811201,0,8.7006807,0,1,-8.4811201,0
8,8067,0,43,31,41,43,59,41,56,59,59,56,59,77,133,134,152,135,147,143,124,132,7.1608458,3.1354942,2.9444389,3.1354942,7.1090622,5.0625949,5.1239638,4.6913481,4.7361984,5.5012584,3.2580965,5.0689044,3.9512436,3.2188759,4.5325994,6.8855095,5.7589016,9.4930353,6.0185933,6.4567695,7.5277939,9.2456112,6.7615728,6.7707896,7.1098795,6.8012829,7.3158836,5.4889379,7.8879595,6.075346,5.2781148,6.0637851,9.08885,7.8347883,9.7296696,10.178578,10.306817,9.771327,9.6484013,9.9515152,9.8541927,9.9097681,9.683713,9.883234,9.7868977,9.0087137,9.7742901,10.188252,9.4531298,9.6023827,9.722805,1.05,1.28,1.3099999,2.1199999,1.4400001,1.5,.93000001,.87,.68000001,.73000002,1.38,1.4,.94,1.17,1.08,.86000001,.5,.5,.70999998,.56,2.3099999,2.6099999,.2,.18000001,.92000002,1.51,1.02,1.16,1.1,1.05,.92000002,1.01,10.38232703044426,1.7917595,-7.8063922,0,10.382327,1.7917595,1,-7.8063922,0
8,8069,0,761,595,851,761,1106,851,1217,1106,1310,1217,1310,1672,1891,2523,2823,2844,3112,2833,2879,3014,8.566555,3.7612002,3.0910425,4.3040652,8.5399323,6.6333184,6.3801227,6.2672005,6.1944056,6.9057531,4.4659081,6.2766433,5.8141303,4.2904596,6.059123,8.3228798,7.1608458,11.220526,7.5673456,8.6450586,9.1348619,10.964017,8.777401,8.272315,8.4790754,8.0443058,9.821681,7.5315523,9.0736036,9.5303202,6.6133842,7.4419069,10.579718,9.4424829,9.9663687,10.371019,10.219211,10.054663,9.9046869,9.8777084,10.021315,9.8936396,9.8286028,10.305848,9.931735,8.8631916,10.391822,9.8608932,9.4974728,9.6416035,9.6861401,.88,1.02,2.0799999,2.4300001,1.28,1.39,.92000002,.88,.89999998,.72000003,1.1,1.04,.66000003,.63,.67000002,.47999999,1.08,1.3200001,.98000002,.69999999,1.35,1.04,1.13,1.45,.62,.57999998,.72000003,.67000002,.87,.68000001,.81999999,.68000001,12.13423286830713,4.89784,-7.2657614,0,12.134233,4.89784,1,-7.2657614,0
8,8071,0,39,32,37,39,43,37,45,43,56,45,56,43,72,78,89,91,79,94,71,77,5.9162021,2.7080503,2.8332133,2.8332133,5.7745514,3.3672957,3.2188759,3.5553482,3.2580965,3.8286414,1.9459101,3.8918202,2.1972246,2.4849067,3.4965076,5.6204009,4.5849676,8.1353474,4.3694477,6.1984787,6.5916739,7.6558642,4.4188404,3.6635616,5.7300997,4.7874918,5.7037826,4.0073333,6.1246834,4.0943446,5.3033047,4.7535901,7.502738,6.5117455,9.6064959,10.124228,9.714262,9.759964,9.4910736,9.3702459,9.3087368,9.5297394,9.7175798,10.163272,9.5705986,8.6781206,9.2769709,10.414693,9.1183348,9.3182077,9.4377146,.77999997,1.02,3.95,3.99,2.2,2.5599999,.74000001,.67000002,.25,.17,.23999999,.16,.92000002,.88,.56,.51999998,.38999999,.57999998,.63,.44999999,1.54,1.41,.11,.059999999,3.6700001,8.54,1.0700001,.98000002,.87,.70999998,.94999999,.88999999,9.529884417576708,1.3862944,-7.742981,0,9.5298843,1.3862944,1,-7.742981,0
8,8073,0,3,0,7,3,3,7,6,3,7,6,7,10,7,6,4,5,9,10,6,13,5.0875964,2.4849067,2.3978953,2.7080503,4.8202815,2.0794415,2.1972246,1.6094379,2.4849067,2.8332133,1.7917595,3.0445225,0,0,2.0794415,4.6728287,3.8501475,7.3125534,3.7376697,4.4188404,5.9687076,6.8906093,3.2958369,3.4339871,4.1588831,4.1271343,4.4773369,3.5263605,5.5333896,0,0,3.0445225,6.7968235,6.0707378,9.58459,10.008073,10.307551,9.5495234,9.4809017,10.045985,9.6823416,9.490469,9.9136858,9.6972628,9.973527,8.8655939,0,0,9.4052486,9.45681,9.5295935,.94999999,1.12,1.52,2.8399999,2.6800001,2.5899999,.77999997,.72000003,.19,.25,.43000001,.43000001,.43000001,.41,.66000003,.75999999,.25999999,.25,.88999999,.95999998,1.9400001,2.2,0,0,0,0,.44,.54000002,.98000002,.94,1.4,1.47,8.418256443556213,0,-7.2616987,0,8.4182568,0,1,-7.2616987,0
8,8075,0,54,40,27,54,47,27,43,47,46,43,46,55,73,105,113,85,116,91,88,87,6.418365,2.6390574,2.7725887,2.9444389,6.3368258,3.9120231,3.9120231,3.9702919,3.8918202,4.7791233,2.3025851,3.9889841,3.5553482,3.5263605,4.0253515,6.1003189,5.1647859,8.79179,4.6634393,4.5643482,7.0414119,8.5629311,5.2522736,5.4249501,6.7141705,5.5606818,7.1082439,4.2626801,6.526495,6.6039438,5.5490761,5.3375382,8.2970448,7.4815559,9.700882,10.085976,10.296914,9.7503948,9.6646595,9.5747747,9.9293013,9.6583538,9.8293562,9.8735952,9.7746878,8.7555799,9.7671518,10.088347,9.5371227,9.5912399,9.727705,.54000002,.62,.40000001,.66000003,1.79,1.88,.94999999,.93000001,.30000001,.23,.72000003,.81,1.27,1.27,.63,.58999997,.81999999,.83999997,.41999999,.34,1.2,1.08,.68000001,.62,2.4400001,3.71,.99000001,1.26,1,.97000003,1.3,1.49,9.773777421013383,2.7080503,-7.3583698,0,9.773777,2.7080503,1,-7.3583698,0
8,8077,0,421,328,429,421,508,429,516,508,579,516,579,774,948,1279,1460,1644,1776,1587,1302,1400,7.846981,3.713572,3.4011974,3.583519,7.8046594,5.7203116,5.5984221,5.5012584,5.484797,6.2025356,3.3672957,5.31812,4.9904327,4.3438053,5.4638319,7.579679,6.5467854,10.439308,7.1180162,7.2682228,8.103797,10.247149,7.9686656,7.3901815,8.3663702,7.4163785,8.687273,6.7310181,8.2313757,8.1098261,6.8885727,6.9726062,10.01122,8.9562216,9.8477106,10.263014,10.173476,9.9797077,9.7872906,9.9587803,10.13456,9.8939419,9.8372946,9.9837761,10.038849,8.8769636,9.9177351,9.9305677,9.4362803,9.7277641,9.7770166,1.22,1.4400001,1.15,1.4400001,.99000001,1.13,.99000001,.94,.88,.85000002,.99000001,1.1900001,1.28,1.39,.77999997,.63999999,.75999999,.75,.95999998,.86000001,1.27,1.11,.58999997,.54000002,1.79,2.01,.98000002,.97000003,1.0700001,1.03,1.1,1.13,11.44191269772381,4.1431346,-7.2719774,0,11.441913,4.1431346,1,-7.2719774,0
8,8079,0,6,10,4,6,6,4,12,6,12,12,12,8,14,11,14,14,29,20,10,14,3.9512436,1.0986123,0,0,3.7841897,0,0,0,0,1.7917595,0,3.0445225,0,0,0,3.6375861,2.3025851,5.5909872,2.9444389,0,0,5.2522736,0,0,0,0,2.8903718,0,4.8362818,0,0,0,5.1532917,3.1354942,9.5030098,9.905735,0,0,9.3578978,0,0,0,0,9.7121458,0,9.3234015,0,0,0,9.3128071,9.0673933,2.3900001,2.79,0,0,0,0,.85000002,.75,0,0,0,0,0,0,0,0,.30000001,.31,0,0,5.4200001,10.53,0,0,0,0,0,0,1.0599999,.94999999,.41,.30000001,6.324358962381311,0,-7.5917864,0,6.3243589,0,1,-7.5917864,0
8,8081,0,31,19,22,31,27,22,37,27,34,37,34,47,44,94,86,97,105,108,64,93,5.8260002,2.9444389,2.3025851,2.1972246,5.7104268,3.1354942,3.5553482,3.2580965,3.1354942,4.1743875,1.3862944,3.6109178,2.3025851,2.9957323,3.2958369,5.46806,4.5747108,8.3516111,5.2470241,4.7095304,6.5957804,8.072155,4.3820267,4.7874918,5.6664267,4.8441873,7.0246491,3.7612002,5.9480348,3.9120231,6.8596148,4.356709,7.640604,6.985642,10.071963,10.176106,10.390656,9.8838968,10.091377,9.6289186,9.9084749,9.5736628,9.6428366,10.526346,9.8196163,8.8046255,9.9875526,10.603288,9.4275465,9.7428493,9.9997063,1.51,1.3099999,.72000003,.89999998,1.78,1.47,.89999998,.94,.2,.11,.58999997,.44999999,.69,.44,.47999999,.25999999,1.17,1.59,.40000001,.23,1.04,.68000001,.07,.059999999,14.03,24.690001,.57999998,.46000001,.81,.63,1.23,1.27,9.337589572891646,0,0,0,9.3375893,0,0,0,0
8,8083,0,55,52,70,55,63,70,78,63,92,78,92,92,120,148,214,228,181,182,165,171,6.3526292,3.0910425,2.3025851,3.0445225,6.2576675,3.7612002,4.2046928,3.583519,3.6888795,4.8675346,2.5649493,4.2341065,3.4965076,3.4011974,3.6635616,5.9687076,5.0238805,8.7632713,5.9506426,4.0430512,7.3658128,8.3834333,5.771441,6.3473892,5.6131282,5.433722,7.0817084,4.6634393,6.652863,5.5909872,5.8607864,5.2470241,8.0655794,7.161622,9.7592125,10.171337,10.234265,9.7187233,9.7202253,9.9484606,10.16358,9.6427717,9.7746305,10.087641,9.7933378,8.8264408,9.6637068,10.214422,9.4424038,9.5387087,9.6335802,2.03,2.3800001,.23999999,.34999999,2.54,2.4400001,.81999999,.80000001,.51999998,.55000001,1.87,2.51,.44,.40000001,.56999999,.47999999,.81999999,.98000002,.64999998,.5,1.4,1.27,.25999999,.2,3.4200001,5.5799999,.93000001,1.02,.81999999,.70999998,.97000003,.94999999,9.834780354526337,1.9459101,-7.459691,0,9.8347807,1.9459101,1,-7.459691,0
8,8085,0,95,83,114,95,124,114,170,124,168,170,168,183,240,317,360,364,336,266,234,227,6.7238326,3.0445225,2.9444389,3.1354942,6.6450911,4.4067192,4.5217886,4.2904596,4.1743875,5.1929569,2.8332133,4.1588831,3.8286414,3.7376697,4.1588831,6.3784261,5.4205351,9.0296574,5.7462034,5.209486,7.3297496,8.752265,5.771441,6.0822191,6.4645882,5.749393,7.5416832,4.7004805,6.6133842,6.944087,6.0137153,6.1092477,8.3984098,7.5277939,9.7378464,10.377016,10.281342,9.8196163,9.6482077,9.8069763,9.7416744,9.5485258,9.757247,9.698123,9.9873228,8.7366495,9.6068993,9.8579674,10.100739,9.6262178,9.6570749,1.27,1.87,.60000002,.94,1.88,2.04,.91000003,.83999997,.40000001,.37,1.1,.99000001,.77999997,.67000002,.60000002,.50999999,.99000001,.81999999,.51999998,.49000001,1.03,.88,.75999999,.56,3.0599999,3.5699999,1.6900001,3.6400001,.87,.85000002,1.08,1.1,10.10328059024209,2.7080503,-7.2750292,0,10.103281,2.7080503,1,-7.2750292,0
8,8087,0,52,32,62,52,55,62,65,55,57,65,57,69,95,120,114,118,134,141,97,134,6.4661446,2.9444389,2.7725887,2.9957323,6.3784261,4.0073333,4.1108737,3.713572,4.0073333,4.8903489,2.0794415,3.9702919,3.1780539,3.871201,3.8286414,6.1224928,5.2832036,8.9779034,4.6821313,5.6276212,7.1739583,8.7379341,5.659482,5.4424176,6.8319535,5.6167712,7.7475967,4.4426513,6.6240654,7.3957214,6.1224928,4.934474,8.273592,7.2813859,9.6651039,10.171107,9.7847605,9.7210064,9.6355429,9.5537176,9.797905,9.5670357,9.8146563,9.8105497,9.7843657,8.8086681,9.7801895,9.9180317,9.3327351,9.5156164,9.6582899,.46000001,.58999997,.95999998,.98000002,1.6900001,1.79,.94,.93000001,.38,.28999999,.61000001,.63,1.1900001,1.12,.56,.52999997,1.28,1.28,.41999999,.34999999,1.09,1.08,1.25,1.1900001,3.5899999,4.77,.55000001,.58999997,.81,.75999999,.88999999,.98000002,9.996021153939061,1.7917595,-7.89289,0,9.9960213,1.7917595,1,-7.89289,0
8,8089,0,10,5,1,10,2,1,3,2,8,3,8,7,6,9,14,19,18,20,21,17,6.3207684,2.9444389,2.6390574,3.4011974,6.1984787,3.713572,3.4965076,3.871201,3.7841897,4.4188404,2.0794415,4.0943446,3.2188759,3.2188759,3.7376697,6.0161572,5.1119876,8.7713699,4.8040209,5.6664267,7.0483866,8.4939241,4.6821313,4.9972124,6.9631901,5.602119,7.0440331,4.4426513,6.3664703,6.5916739,5.5947113,4.8362818,8.226841,7.3205271,9.5513029,10.128908,9.850667,9.729372,9.4613323,9.8053236,9.5867195,9.6114626,9.6111279,9.4915266,9.8885765,8.5910015,9.5124426,9.3724594,9.1482525,9.451952,9.4821978,.63999999,.88,1.23,1.5,1.84,2.1900001,.91000003,.83999997,.17,.2,.47999999,.44999999,1.67,1.84,.67000002,.58999997,.77999997,.63999999,.51999998,.54000002,1.04,.92000002,.69,.56,2.5999999,2.25,.61000001,.61000001,.94999999,.94,1.13,1.17,9.912695033287042,1.6094379,-7.5282435,0,9.9126949,1.6094379,1,-7.5282435,0
8,8091,0,36,22,43,36,36,43,33,36,44,33,44,44,53,62,104,85,81,97,68,55,4.9052749,1.6094379,0,0,4.7706847,1.6094379,2.8903718,0,1.7917595,3.4011974,0,3.583519,1.9459101,1.7917595,0,4.4773369,3.2958369,6.616065,2.1972246,0,0,6.3403592,3.3672957,4.3438053,0,3.4011974,5.1298985,0,5.5093884,3.7612002,3.9120231,0,5.9864521,4.2484951,9.5119257,10.036225,0,0,9.4188976,10.047415,9.8380957,0,9.94415,9.7892542,0,8.8107576,9.2742538,10.030252,0,9.2069349,9.3433838,.41,.50999999,0,0,0,0,.91000003,.83999997,.40000001,.60000002,2.1600001,2.6700001,0,0,.63999999,.81,.99000001,1.14,0,0,3.8099999,4.3800001,.34999999,.23,4.1700001,7.1999998,0,0,.87,.69999999,.44999999,.41999999,7.738488122494646,1.7917595,-7.3825464,0,7.7384882,1.7917595,1,-7.3825464,0
8,8093,0,47,36,37,47,41,37,61,41,64,61,64,62,81,95,118,105,108,96,98,87,5.1179938,2.3025851,1.7917595,2.3025851,4.9416423,2.7725887,3.5263605,1.3862944,1.0986123,3.8286414,1.0986123,3.2188759,0,0,2.1972246,4.5538769,3.5263605,6.84588,4.0943446,3.2188759,5.9814143,6.1268692,4.0604429,4.3307333,2.3025851,2.5649493,4.934474,2.3978953,4.7874918,0,0,2.4849067,5.768321,4.4659081,9.7403803,9.8727188,10.209243,9.765604,9.6640873,10.057753,9.8741102,10.05449,9.3752613,9.8600578,9.4021997,9.0190592,0,0,9.5644417,9.5654945,9.7066813,2.1600001,1.92,.73000002,1.0599999,4.3299999,4.4499998,.57999998,.55000001,.63999999,.76999998,1.6900001,1.74,.11,.15000001,.22,.13,.64999998,.63,.46000001,.23,1.47,1.66,0,0,0,0,.40000001,.50999999,.56,.50999999,.44999999,.47999999,8.878218658092228,1.7917595,-7.0767474,0,8.8782187,1.7917595,1,-7.0767474,0
8,8095,0,24,11,24,24,23,24,15,23,16,15,16,9,16,8,27,27,16,16,15,18,5.0172796,2.0794415,0,0,4.8441873,2.3978953,0,1.7917595,2.7080503,3.3672957,1.3862944,2.4849067,0,2.3978953,2.4849067,4.5849676,3.6375861,7.0741167,3.4965076,0,0,6.5930448,2.7725887,0,4.2626801,4.1108737,5.2882671,3.1780539,3.9889841,0,4.8520303,3.1780539,6.2766433,5.6454468,9.5867882,9.9957018,0,0,9.6246996,8.8439035,0,9.3616867,9.6969557,9.6363916,10.009333,8.4834299,0,9.7312155,9.1754379,9.6203289,9.793952,.94,1.11,0,0,0,0,.74000001,.77999997,.14,.059999999,0,0,.61000001,.50999999,.82999998,.75999999,.74000001,.67000002,.80000001,.89999998,.52999997,.40000001,0,0,6.7600002,8.0900002,.63999999,.62,.74000001,.82999998,1.16,1.58,8.340217320947035,0,-6.8369203,0,8.3402176,0,1,-6.8369203,0
8,8097,0,327,220,349,327,420,349,401,420,362,401,362,405,522,590,734,679,766,610,491,567,7.1553965,2.1972246,0,0,7.133296,5.3471074,5.0689044,4.1743875,5.0238805,5.3375382,3.3322046,5.2882671,3.7841897,0,4.7621741,6.9517722,5.6167712,9.4525023,4.5325994,0,0,9.3574667,6.6957989,7.0048819,6.0520892,7.097549,7.5347629,5.5606818,8.4538269,5.6276212,0,5.9914646,9.1812201,7.5569506,9.929204,10.281548,0,0,9.9087238,10.339676,10.268929,10.028886,10.050182,10.198766,10.052683,9.6396523,9.8640709,0,9.6875677,9.8416653,9.8223314,.25,.27000001,0,0,0,0,1.09,1.08,.66000003,.86000001,1.8099999,2.28,.34,.38999999,1.52,1.42,.64999998,.73000002,.80000001,.67000002,4.2399998,7.3600001,.13,.11,0,0,.99000001,1.16,1.25,1.24,.73000002,.72000003,9.446281681520253,4.0073333,-7.4874973,0,9.4462814,4.0073333,1,-7.4874973,0
8,8099,0,24,15,23,24,16,23,11,16,14,11,14,30,38,45,38,62,44,41,48,57,6.1246834,2.5649493,2.5649493,2.9957323,6.0185933,3.4965076,3.4657359,3.1354942,3.7612002,4.3820267,2.3978953,3.6375861,3.2188759,3.1354942,3.7841897,5.8021183,4.9416423,8.4621029,4.0943446,5.5759492,6.856462,8.1484461,4.7706847,5.0039463,5.2729998,5.4424176,7.0587583,4.4659081,6.1158919,6.4861608,5.8833222,5.0875964,7.7384882,6.9555926,9.6357384,10.014268,9.8194532,9.7775841,9.5682249,9.6485949,9.7700129,9.3698196,9.6966476,9.7579412,9.8253098,8.78263,9.8086824,9.6524591,9.4435139,9.4562626,9.5593758,.43000001,.49000001,1.53,1.67,2.0599999,2.3800001,.87,.82999998,.25999999,.23,.66000003,.67000002,.41999999,.33000001,.77999997,.69,1.08,1.05,.72000003,.63999999,1.1,1.09,.85000002,.85000002,4.73,4.98,1.0700001,1.3200001,.80000001,.72000003,1.0700001,1.1,9.499046919474152,2.0794415,-7.0659475,0,9.4990473,2.0794415,1,-7.0659475,0
8,8101,0,233,211,303,233,353,303,365,353,434,365,434,454,583,685,896,826,776,758,709,783,7.9168077,3.3322046,3.6375861,3.713572,7.8773971,5.6869755,5.5834961,5.7071104,5.5490761,6.0161572,3.4339871,5.7930136,4.8040209,3.1354942,5.7170277,7.7079616,6.5652652,10.672276,7.1276937,8.1116285,8.5733843,10.412532,7.9603238,7.4999766,8.7696629,7.4407339,8.8858557,6.6933236,8.3700848,8.5673161,5.0998664,7.4983158,10.167582,9.0007296,9.8160763,10.246829,10.149487,9.9555101,9.7287769,9.4788399,9.9320269,9.7859983,9.8232536,10.10602,10.001974,8.7443285,10.174926,9.3595362,9.2870235,9.5926733,9.712327,.98000002,1.17,2.1099999,2.6800001,1.26,1.45,.92000002,.86000001,.69,.43000001,.88,.88,1.52,1.53,.63,.52999997,.74000001,.85000002,.73000002,.66000003,1.15,.91000003,.74000001,.89999998,.23999999,.16,1.3099999,1.16,.99000001,.86000001,.91000003,.91000003,11.72035418256391,4.0073333,-7.4769707,0,11.720354,4.0073333,1,-7.4769707,0
8,8103,0,6,6,7,6,6,7,10,6,13,10,13,8,13,18,23,24,26,31,17,15,5.5174527,2.3025851,1.9459101,3.0445225,5.3518581,3.0910425,0,1.9459101,2.9444389,4.0073333,1.3862944,3.2958369,0,3.3322046,2.5649493,5.0562458,4.1896548,7.7927618,4.2904596,3.3322046,6.6515718,7.3447189,4.2766662,0,3.2188759,4.4773369,6.7129564,2.7080503,5.2257466,0,6.4504704,3.7612002,6.5861716,5.6937323,10.020025,10.159601,10.242171,9.8313465,10.09175,9.5614195,0,9.2172165,9.8108788,10.390256,9.9318323,8.677269,0,10.468347,9.4517164,9.5886402,9.8734407,1.02,.92000002,.31999999,.36000001,3.28,2.72,.75999999,.82999998,.31,.17,0,0,.1,.050000001,.57999998,.38999999,1.49,1.87,.23999999,.17,.88,.52999997,0,0,16.299999,26.4,.56,.47,.49000001,.34999999,.58999997,.56999999,8.69483715865908,1.3862944,-7.4038954,0,8.6948376,1.3862944,1,-7.4038954,0
8,8105,0,12,14,14,12,12,14,18,12,27,18,27,18,28,31,35,35,32,39,30,41,5.9661469,2.5649493,2.3978953,2.7080503,5.857933,3.4011974,3.4339871,3.1354942,3.4965076,4.4659081,0,3.6375861,2.3025851,3.8286414,0,5.572154,4.6051702,8.24722,4.934474,4.9904327,6.3750248,7.987864,4.7535901,4.5538769,5.5909872,5.1761498,6.9275579,0,5.6312118,5.2781148,6.5916739,0,7.5626812,6.8265452,9.6904802,10.081926,10.004644,9.7223253,9.6419277,9.8023405,9.6734457,9.3600531,10.006405,9.759964,0,8.7483053,9.9224567,9.7226248,0,9.5731764,9.6799068,1.23,1.41,1.05,1.3099999,1.58,1.63,.92000002,.88999999,.31999999,.31,.51999998,.46000001,.70999998,.52999997,.74000001,.83999997,1.17,1.09,0,0,.83999997,.75999999,.31,.33000001,11.91,12.72,0,0,.82999998,.80000001,1.17,1.28,9.284519770150434,0,-6.3141403,0,9.2845201,0,1,-6.3141403,0
8,8107,0,174,129,164,174,193,164,279,193,238,279,238,266,322,413,539,545,721,478,363,428,6.6093493,2.6390574,2.6390574,3.3322046,6.5308776,4.3438053,4.7706847,3.7612002,4.2341065,5.0562458,2.6390574,4.7621741,3.3672957,2.3978953,3.6375861,6.2709885,5.1239638,9.0363445,5.0562458,4.3944492,6.8319535,8.8871002,6.1696105,6.6745615,6.2186003,6.4815769,7.1475592,5.1474943,7.7836404,4.7449322,5.8998976,5.3890719,8.6939993,7.3297496,9.8285484,10.103853,10.127351,9.8536673,9.8144379,10.277668,10.186483,9.8093414,9.7098417,10.331725,9.8889828,9.1956329,9.5236902,10.715218,9.7075939,9.6586094,9.845911,.63,.64999998,.25999999,.31999999,1.13,1.16,1.03,1.03,.58999997,.80000001,1.98,2.53,.61000001,.62,1.24,.92000002,.66000003,.94999999,.80000001,.63,3.29,4.0500002,.079999998,.050000001,2.71,6.8000002,.81999999,1.08,1.17,1.0700001,.88,.99000001,9.553078650176042,3.2580965,-6.6443386,0,9.5530787,3.2580965,1,-6.6443386,0
8,8109,0,8,3,3,8,11,3,11,11,13,11,13,4,11,6,12,16,12,8,20,16,4.8362818,2.3025851,0,0,4.5538769,0,2.0794415,0,0,3.6888795,0,2.3025851,0,3.4339871,1.9459101,4.0073333,3.3322046,7.0175061,3.7376697,0,0,6.5176711,0,2.4849067,0,0,6.0637851,0,3.6109178,0,6.0210233,2.9957323,5.5093884,4.9126549,9.6356735,9.9408312,0,0,9.6526518,0,9.1896276,0,0,9.6791553,0,8.8104601,0,9.6934452,9.3425961,9.6048117,9.8336554,1.27,1.33,0,0,0,0,.73000002,.75,0,0,.23,.13,0,0,0,0,1.6900001,1.53,0,0,.38,.38,0,0,23.030001,25.209999,.56,.63,.36000001,.38,.58999997,.80000001,8.437933510430605,0,-7.0935454,0,8.4379339,0,1,-7.0935454,0
8,8111,0,1,1,1,1,1,1,1,1,1,1,1,1,1,1,1,1,1,1,1,1,4.0775375,1.3862944,0,0,3.871201,0,0,0,0,0,0,2.7080503,0,0,0,0,0,6.1025586,1.3862944,0,0,5.9295893,0,0,0,0,0,0,4.2341065,0,0,0,0,0,10.03434,9.8395357,0,0,10.075843,0,0,0,0,0,0,8.7844687,0,0,0,0,0,.30000001,.20999999,0,0,0,0,1.01,1.0599999,0,0,0,0,0,0,0,0,0,0,0,0,1.78,1.1799999,0,0,0,0,0,0,0,0,0,0,6.61338421837956,0,-7.5136933,0,6.6133842,0,1,-7.5136933,0
8,8113,0,72,77,86,72,93,86,237,93,133,237,133,142,167,193,256,210,219,169,158,166,5.676754,2.3978953,0,0,5.5645204,3.3322046,4.2195077,2.3978953,3.2188759,4.3820267,1.7917595,3.9702919,0,0,2.3025851,5.1984968,3.871201,7.6760101,3.6888795,0,0,7.5153446,4.2904596,5.7745514,3.9120231,5.4026775,6.0161572,3.7376697,6.5750756,0,0,3.6635616,7.2626286,5.6131282,9.7010651,9.9178839,0,0,9.6522017,9.6936302,10.064202,9.3581572,9.654706,10.084392,9.5326414,9.4365988,0,0,9.5582466,9.4834166,9.3949099,.63,.61000001,0,0,0,0,1.02,.98000002,.34999999,.31,3.1300001,4.0300002,.23999999,.17,1.65,1.3,.83999997,1.0599999,.75999999,.47999999,3.8299999,6.8099999,0,0,0,0,.56999999,.73000002,1.09,.94999999,.61000001,.5,8.203304026795282,1.0986123,-7.2607107,0,8.2033043,1.0986123,1,-7.2607107,0
8,8115,0,6,9,3,6,4,3,6,4,8,6,8,4,10,12,10,6,9,11,10,8,4.7621741,1.9459101,0,0,4.5538769,1.3862944,0,0,1.9459101,2.1972246,0,2.5649493,0,1.6094379,0,4.4543471,3.7612002,6.6821084,3.2188759,0,0,6.20859,2.3025851,0,0,3.4965076,3.8501475,0,4.9126549,0,2.9957323,0,6.1092477,5.3936276,9.455245,9.9552259,0,0,9.3922453,9.1654472,0,0,9.7913265,9.6429014,0,8.5119801,0,9.6499491,0,9.3623743,9.5908976,1.0599999,1.36,0,0,0,0,.74000001,.70999998,.13,.079999998,0,0,0,0,.66000003,.77999997,.25999999,.27000001,0,0,1.96,1.77,0,0,1.5599999,2.01,0,0,.93000001,.92000002,1.33,1.6900001,7.897296472595885,1.3862944,-6.5451045,0,7.8972964,1.3862944,1,-6.5451045,0
8,8117,0,258,240,319,258,344,319,431,344,395,431,395,365,434,569,593,660,696,690,641,572,6.8824377,1.9459101,2.3978953,3.1354942,6.8394766,4.7957907,4.6539602,3.6888795,4.8121843,4.8362818,3.0910425,5.0689044,0,0,4.2341065,6.694562,5.6094718,9.3433838,4.1431346,4.4188404,6.7428808,9.2522497,6.3135481,6.0799332,5.5254531,6.7274318,6.3225651,5.1984968,8.6687117,0,0,5.46806,9.1974573,7.5989003,9.6573315,10.088347,10.307318,10.03745,9.607975,10.003424,10.075422,9.7033281,9.772296,10.017174,9.9888849,9.4520311,0,0,9.5202484,9.5790033,9.6343002,.19,.22,.2,.34999999,.75999999,1.12,1.09,1.05,.5,.62,.80000001,1.09,.22,.23999999,1.17,1.09,.20999999,.27000001,.62,.63999999,5.8699999,11.08,0,0,0,0,.64999998,.85000002,1.42,1.42,.83999997,.92000002,9.463508636396089,3.4011974,-7.3694186,0,9.4635086,3.4011974,1,-7.3694186,0
8,8119,0,93,75,94,93,104,94,93,104,121,93,121,144,175,232,265,257,275,218,222,222,5.7651911,2.1972246,0,0,5.6733232,3.1780539,3.4965076,2.8903718,3.3672957,3.871201,2.3025851,3.871201,0,0,3.1780539,5.4971681,4.4998097,7.6202149,3.7376697,0,0,7.2577076,4.356709,4.3040652,4.2626801,4.8202815,5.0814042,3.583519,5.9814143,0,0,4.1271343,7.1372786,6.1923623,9.5238361,10.038194,0,0,9.3423328,9.534668,9.3551331,9.4940901,9.6683979,9.7717257,9.552866,8.6117754,0,0,9.1493158,9.271059,9.4306002,.69999999,.89999998,0,0,0,0,.82999998,.69999999,.40000001,.34999999,.75999999,.57999998,.34999999,.36000001,.97000003,.93000001,.34999999,.38999999,.69,.52999997,2.24,2.0899999,0,0,0,0,.94999999,.98000002,1.01,.85000002,1.16,1.17,9.430920640887228,1.7917595,-7.3526421,0,9.4309206,1.7917595,1,-7.3526421,0
8,8121,0,3,8,3,3,7,3,8,7,10,8,10,9,14,17,34,24,22,23,16,26,4.9052749,2.3025851,0,0,4.6913481,1.9459101,2.3025851,0,2.3978953,3.1354942,0,2.6390574,0,0,1.9459101,4.4543471,3.713572,6.9800758,3.9889841,0,0,6.4952655,2.4849067,2.7080503,0,4.2046928,4.7273879,0,3.9120231,0,0,2.9957323,6.3099184,5.817111,9.6559877,9.9900322,0,0,9.6525869,9.3694782,9.3778019,0,9.8976707,9.5450249,0,8.4836369,0,0,9.525589,9.6732569,9.7542915,1.7,1.85,0,0,0,0,.74000001,.74000001,.12,.07,.28999999,.19,0,0,1,1.05,.46000001,.36000001,0,0,.54000002,.38,0,0,0,0,.57999998,.75,.83999997,.93000001,1.51,1.85,8.478868077094569,.69314718,-7.6751842,0,8.4788685,.69314718,1,-7.6751842,0
8,8123,0,499,458,583,499,686,583,763,686,853,763,853,1026,1264,1518,1691,1798,1986,1810,1747,1840,7.9932823,3.6109178,3.0445225,4.1896548,7.9508548,5.8318825,5.6312118,5.4026775,5.5947113,6.4738908,3.5553482,5.484797,5.220356,5.2149358,5.6419072,7.6916566,6.6808548,10.744408,6.2146082,7.5326238,8.7144032,10.542996,8.1196966,7.6755462,8.4162674,7.6391611,9.3564301,6.4800444,8.1953335,8.7530556,8.034955,7.009409,10.178806,9.3047409,9.9142294,10.133924,10.284387,9.8503504,9.8987265,9.8416119,10.028224,9.8784771,10.025882,9.9575491,10.003831,8.7606096,10.02318,9.7466002,9.4277878,9.8717384,10.073483,.36000001,.34999999,1.1,1.45,1.35,1.27,.98000002,.98000002,.75,.61000001,.97000003,.98000002,.99000001,.99000001,.72000003,.66000003,1.1,.99000001,.55000001,.44999999,.89999998,.66000003,.82999998,.77999997,4.1500001,3.6300001,.75,.69,.93000001,.97000003,1.15,1.49,11.7892002206802,4.3040652,-7.4265532,0,11.7892,4.3040652,1,-7.4265532,0
8,8125,0,34,25,30,34,38,30,37,38,42,37,42,59,48,51,72,85,86,68,63,77,5.8435445,2.3978953,2.3025851,2.9444389,5.7203116,3.0910425,3.3322046,2.4849067,3.2580965,4.3040652,1.9459101,3.3672957,2.3025851,3.583519,3.3672957,5.4424176,4.6443911,7.8320141,4.1108737,3.7612002,6.4723463,7.478735,4.1743875,4.2626801,4.6249728,5.3844953,6.0799332,3.6888795,5.32301,4.4659081,5.6312118,4.4426513,7.1951871,6.4150968,9.622715,9.9739456,10.09926,9.6170712,9.5951948,9.6132689,9.5325689,9.2191019,9.8849669,9.7117214,9.8439503,8.563695,9.4729357,9.8137817,9.4132814,9.5538588,9.6530371,.81999999,.89999998,.47,.68000001,2.6400001,2.6199999,.83999997,.82999998,.27000001,.23,.58999997,.47999999,.41,.28999999,1.38,1.49,.75999999,.72000003,.62,.56999999,.94,.75,.20999999,.15000001,6.9099998,8.6499996,1.0599999,1.28,.87,.88,1.17,1.34,9.099855638800911,2.1972246,-7.299849,0,9.0998554,2.1972246,1,-7.299849,0
11,11001,0,369,359,410,369,437,410,517,437,551,517,551,768,852,1013,1004,1219,1221,1373,1564,2035,9.9786882,5.4510384,2.6390574,0,9.9668846,8.6750517,6.767343,7.6285176,7.5153446,7.2737865,6.6656837,7.3051882,6.3117347,3.1354942,8.5069408,9.8968153,7.9370174,13.41377,12.301083,10.843222,0,12.88216,11.585776,9.5178986,11.210657,10.414273,9.9099665,10.164158,10.770588,8.742734,5.57973,10.710231,12.829613,10.573699,10.426232,10.549229,10.422013,0,10.348783,10.509114,10.328036,10.299845,10.510613,10.428689,10.654573,9.6093845,10.586155,11.061421,10.349903,10.344288,10.149409,11.1,9.7799997,2.0899999,1.89,0,0,.69999999,.66000003,1.67,1.58,.43000001,.34999999,1.12,1.03,.80000001,.72000003,.13,.11,1.52,1.42,.81999999,.83999997,.059999999,.059999999,.02,.050000001,2.0999999,2.9200001,.92000002,.92000002,.28,.23999999,13.31611931182395,5.6524892,-8.4719505,0,13.316119,5.6524892,1,-8.4719505,0
12,12001,0,742,717,717,742,751,717,792,751,885,792,885,933,1397,1553,1790,1726,1638,1551,1446,1456,8.346405,3.4339871,4.1588831,3.1354942,8.3180103,6.50279,6.0822191,6.2653012,6.0473723,6.4846354,4.2046928,5.855072,5.1416636,3.8501475,6.1923623,8.1438084,6.8221974,11.451603,8.0261698,10.086101,9.0595179,10.974814,8.7577839,8.2316418,9.4404202,8.3600712,9.0947046,7.4036703,9.0839834,8.4589281,6.0707378,7.6975756,10.809263,9.5159855,9.8536139,10.30528,9.9246616,9.9786882,9.7704134,9.9899406,9.8312397,10.015208,9.8499813,9.923192,10.084808,8.9744911,10.025439,9.3935785,9.5050974,9.7402039,9.5985918,1.1,1.34,6.9899998,6.8099999,.94,1.0700001,.74000001,.69,.69999999,.69999999,.83999997,.73000002,1.36,1.66,.73000002,.60000002,.41999999,.38999999,.68000001,.63999999,1.08,1.04,.31,.31,.28999999,.19,.74000001,.77999997,.86000001,.83999997,.69999999,.60000002,12.10953971847503,6.0661082,-7.8377881,1,12.10954,6.0661082,1,-7.8377881,1
12,12003,0,31,26,33,31,24,33,46,24,53,46,53,76,113,142,148,146,120,110,75,76,5.5174527,1.9459101,0,2.3978953,5.3565865,2.3978953,3.2958369,2.8903718,2.5649493,3.8066626,1.0986123,2.7725887,0,2.6390574,2.9444389,5.1179938,4.4659081,8.5251617,4.2341065,0,6.8035054,7.7066131,4.4543471,4.7004805,5.2470241,4.7449322,6.7753663,4.1896548,5.4249501,0,6.2653012,3.713572,7.2048926,6.4297194,9.6675119,9.9982071,0,9.8386288,9.5040541,10.40741,9.5537882,9.4480963,9.6331215,9.4703169,10.398062,8.7923975,0,9.200593,9.1833801,9.5254431,9.3816853,.46000001,.5,0,0,1.84,2.1800001,.52999997,.44999999,.18000001,.31999999,.46000001,.37,.38,.31999999,.37,.28999999,.75999999,.54000002,.50999999,.79000002,.51999998,.5,0,0,6.5100002,4.2199998,.25999999,.23,.44,.41,.58999997,.5,9.824768967824722,3.1354942,-8.1601334,0,9.824769,3.1354942,1,-8.1601334,0
12,12005,0,545,503,579,545,492,579,652,492,665,652,665,815,1417,1947,2181,1789,1660,1379,1354,1350,8.0928507,3.4339871,3.8501475,3.1354942,8.0618019,5.9242558,5.9506426,5.6094718,5.6698809,6.300786,3.713572,6.0234475,4.89784,3.3322046,5.866468,7.8732171,6.7776465,10.837579,8.2390652,6.9411902,8.7476702,10.591169,8.1783581,7.9568272,8.2529669,7.9076514,8.713253,6.8490663,9.0518131,8.0212564,5.209486,7.5673456,10.425223,9.4027777,9.7605982,10.171642,9.9328032,9.9554157,9.66922,9.823307,9.7637081,10.050528,9.7940073,9.9914064,9.9869089,9.0660076,10.167735,9.9594421,9.5039053,9.5981846,9.5640907,2.51,2.95,.56,.60000002,1.27,1.55,.93000001,.87,.73000002,.67000002,1.1799999,1.0599999,.76999998,1.0700001,.85000002,.73000002,.52999997,.56999999,.72000003,.68000001,1.9299999,2.24,.37,.46000001,.22,.28,1.1900001,1.38,1.09,1,1.15,1.05,11.7518951202302,5.9295893,-7.8209701,1,11.751895,5.9295893,1,-7.8209701,1
12,12007,0,6,4,7,6,5,7,16,5,5,16,5,10,15,16,20,26,21,15,16,20,5.8749309,1.7917595,3.1354942,2.3978953,5.7557421,3.4011974,3.6109178,3.3322046,3.2188759,4.1743875,1.7917595,3.4339871,3.0445225,1.9459101,3.2958369,5.5254531,4.6539602,8.6255093,3.8066626,7.2668276,6.7475867,8.0842543,4.8751974,5.0875964,6.0799332,5.0689044,6.8373327,4.0073333,6.2146082,6.5132303,4.5747108,4.5108595,7.7454357,6.8426833,9.7068033,10.109729,9.9677296,9.856081,9.5074034,9.7425556,9.6735086,9.5728979,9.8439503,9.6707354,9.7588081,8.7960367,9.6161385,9.9817905,9.2258196,9.4330835,9.4727812,.27000001,.31,7.0300002,8.29,1.5700001,1.83,.69999999,.57999998,.23999999,.22,.61000001,.52999997,.80000001,.73000002,.46000001,.43000001,.73000002,.61000001,.38999999,.30000001,1.03,.95999998,.74000001,.56999999,1.09,1.48,.50999999,.47999999,.68000001,.56,.81,.70999998,10.02193703273567,1.0986123,-7.9476056,0,10.021937,1.0986123,1,-7.9476056,0
12,12009,0,2047,2090,2071,2047,2162,2071,2454,2162,2577,2454,2577,3126,4677,5471,5813,5246,4718,4040,3982,4061,9.0241308,3.4657359,3.8501475,3.4657359,9.0106688,7.1459846,7.116394,6.7141705,6.6359468,7.4616404,4.5538769,6.5806394,6.1136823,4.0253515,6.767343,8.7718353,7.5475016,11.994308,8.7835493,7.5918617,9.621191,11.836768,10.164928,9.1064234,9.5790033,8.7470341,10.578394,7.8857055,9.6935072,10.286366,6.8384051,8.6303434,11.502532,10.22879,10.050613,10.359962,9.9569807,9.9926882,10.040855,10.337314,9.9514675,10.117429,9.8605804,10.273222,10.208691,9.0728006,10.369514,9.5402918,9.7866726,9.9312487,9.6739483,1.36,1.45,.34,.28,.95999998,.89999998,1.02,1.03,1.67,1.9299999,1.17,.94999999,.91000003,1.01,.62,.43000001,1.0700001,1.15,.63999999,.56,1.15,1.01,1.11,1.28,.36000001,.22,1.09,1.25,1,.97000003,.82999998,.63,12.89666155650724,7.2889276,-7.7473731,1,12.896662,7.2889276,1,-7.7473731,1
12,12011,0,17919,16790,17967,17919,19639,17967,20949,19639,22606,20949,22606,26193,29122,34100,37061,36096,34401,30381,30633,32790,10.48341,3.4657359,4.2904596,4.1108737,10.478724,8.7760124,8.2445965,8.2133818,8.1312361,8.6767578,5.8636312,7.9109573,7.5750718,4.6913481,8.3549099,10.298465,9.0757799,13.124786,8.7005138,8.8582268,10.876121,12.98374,10.939976,10.42792,10.779831,10.66942,11.249598,9.4238377,11.003549,10.641345,7.115582,9.9436216,12.789486,11.669656,10.023535,10.407742,10.014716,10.189681,9.9948807,10.0449,10.103281,10.223866,10.190432,10.137531,10.391945,9.32759,10.172255,9.816185,9.6699152,9.9614258,9.9310541,.40000001,.46000001,.38,.34999999,1.09,1.28,1.04,1.02,1.17,1.04,1.41,1.37,.97000003,1.24,1.37,1.34,.67000002,.64999998,.97000003,1.04,1.38,1.6,.50999999,.5,.15000001,.13,1.3,1.37,1.17,1.2,1.13,1.14,14.04303489958906,9.3330889,-7.7595201,1,14.043035,9.3330889,1,-7.7595201,1
12,12013,0,27,23,18,27,18,18,14,18,29,14,29,28,86,75,74,64,55,57,43,64,5.433722,1.7917595,2.8903718,2.3025851,5.2781148,0,2.8903718,2.9444389,2.4849067,4.1431346,0,2.0794415,2.5649493,3.4657359,2.8903718,4.8903489,4.0604429,7.8547692,3.6888795,5.869297,6.1548581,7.4460015,0,5.0238805,5.4293456,3.8066626,6.3350544,0,4.4543471,5.0304379,5.556828,3.583519,7.0466471,6.09131,9.6995335,10.120009,9.9102144,9.8749847,9.5792799,0,9.7274065,9.4773855,9.6549625,9.6750174,0,8.7202969,9.5491667,9.7124481,9.2618885,9.5286484,9.4316425,.51999998,.62,3.76,4.21,1.88,2.24,.79000002,.70999998,0,0,1.24,1.14,.89999998,.75,.28,.22,.95999998,.81,0,0,.38,.33000001,.36000001,.25999999,6.27,6.5599999,.44,.41999999,.73000002,.67000002,.82999998,.69999999,9.306650052113591,2.3025851,-7.9138722,0,9.3066502,2.3025851,1,-7.9138722,0
12,12015,0,543,476,529,543,665,529,733,665,710,733,710,945,1619,1822,2032,1707,1570,1268,1217,1208,7.7155695,1.7917595,3.2958369,2.3978953,7.6957579,5.5174527,6.0844994,5.46806,5.433722,6.3080983,2.7725887,5.2257466,4.5108595,2.9444389,5.433722,7.4085307,6.2225761,10.218006,5.4595857,6.401917,8.0510225,10.061217,7.5142546,7.9124231,8.4740772,7.4395595,8.2758856,6.2402759,8.0535688,6.8046145,5.6869755,6.877296,9.8776054,8.7850809,9.7913818,10.221578,9.9182281,9.9645357,9.7566099,9.7590971,9.9098177,10.030869,9.9349375,9.877862,9.9393368,9.0633478,9.7598476,9.9165516,9.3899918,9.7302647,9.6624346,.28999999,.34999999,.60000002,.62,1.1799999,1.4,1.02,1,.69999999,.58999997,2.0899999,2.1099999,1.78,2.3499999,.99000001,.94999999,.63,.58999997,.73000002,.63,1.3200001,1.48,.2,.16,.67000002,.79000002,1.11,1.11,1.17,1.1900001,1.15,1.13,11.61706022970224,5.9269261,-7.9897957,0,11.617061,5.9269261,1,-7.9897957,0
12,12017,0,352,318,355,352,410,355,410,410,454,410,454,529,1026,1034,1195,1154,989,756,703,685,7.4312997,2.0794415,3.2580965,2.3978953,7.4042792,5.3471074,5.7104268,5.1298985,4.9698133,5.9687076,2.8903718,5.0689044,4.3307333,2.5649493,5.1059456,7.1324978,5.9532433,9.9801712,5.267858,5.8230457,8.0006847,9.8025064,7.2964134,7.700295,7.9800234,6.8341088,8.0802374,6.0402546,7.8758793,6.7580943,5.0751739,6.3491392,9.6056881,8.6794825,9.8025064,10.115813,9.9128933,9.8564482,9.7871227,9.9329977,9.8129063,9.8800144,9.8473406,9.763938,9.9036379,8.9888201,9.6609697,9.5823174,9.3878164,9.7920532,9.9571228,.30000001,.31999999,.43000001,.43000001,1.42,1.5,1,1,.70999998,.69999999,2.1400001,1.9400001,1.38,1.55,.69,.60000002,.66000003,.55000001,.75999999,.63,1.4,1.4400001,.23999999,.18000001,.46000001,.38,.82999998,.81999999,1.13,1.21,1.3200001,1.71,11.4458771302171,4.4998097,-7.6449814,0,11.445877,4.4998097,1,-7.6449814,0
12,12019,0,205,203,242,205,308,242,343,308,383,343,383,544,926,1097,1118,1195,1148,970,889,822,7.5847731,1.9459101,3.4011974,2.4849067,7.5595593,5.572154,5.7462034,5.3327188,5.0689044,6.0473723,2.6390574,5.0172796,4.3438053,3.4965076,5.2832036,7.3105502,6.2205901,10.169001,5.8749309,5.9635792,8.0608559,10.006405,7.3537221,7.6605854,8.0677757,6.6133842,8.4270496,5.4026775,8.0820932,7.3901815,6.7165947,6.7696419,9.7755976,8.9572525,9.7520828,10.180096,9.794342,10.040463,9.6933222,9.8456993,9.8059301,9.8976707,9.9431887,9.9389029,9.9380817,8.950922,10.001204,10.116096,9.3157806,9.618269,9.6192665,.46000001,.55000001,.41,.38999999,1.25,1.67,1.02,.97000003,.62,.58999997,1.71,1.61,1.24,1.49,.46000001,.46000001,.76999998,.80000001,.33000001,.30000001,1.4299999,1.49,.38,.41,1.98,2.9400001,1.05,1.01,1.11,1.05,1.4400001,1.4,11.57106228889977,4.7095304,-7.9102678,0,11.571062,4.7095304,1,-7.9102678,0
12,12021,0,1862,1264,2042,1862,2251,2042,2335,2251,2622,2335,2622,2898,3597,4442,5309,4349,4034,3728,3885,3661,8.6237135,2.4849067,3.4339871,3.0445225,8.6123219,6.7765069,6.7765069,5.8861041,6.4068799,7.1188264,4.0073333,6.0776424,5.2882671,5.0814042,6.6187391,8.357728,7.0664668,11.190072,6.2499752,6.5147128,8.6454105,11.090279,8.7049999,9.007122,8.7006807,8.3786201,9.9607658,7.2108183,9.3080111,7.6708946,9.2941303,8.0904026,10.699913,9.4161339,9.8176575,10.336438,9.8917694,10.092329,9.7834644,10.038018,10.076221,10.156734,10.16639,9.6199303,10.15782,9.4680014,10.012073,8.8679905,9.614872,9.8530359,9.7485285,.23999999,.31999999,.25999999,.25,.81,1.0599999,1.08,1.0599999,.87,.94,2.3599999,2.74,.83999997,1.23,.95999998,1.13,1.29,.91000003,.73000002,.75999999,1.75,2.8699999,.18000001,.18000001,9.3699999,3.75,1.41,1.73,1.01,1.13,.81999999,.85000002,11.93228690360381,5.6835799,-7.8431063,0,11.932287,5.6835799,1,-7.8431063,0
12,12023,0,144,112,153,144,122,153,169,122,193,169,193,233,381,454,530,532,461,394,295,330,6.8426833,2.4849067,3.6888795,2.4849067,6.7730803,4.3944492,4.6728287,4.4067192,4.3040652,5.1119876,2.3978953,4.4188404,3.583519,3.1354942,4.4998097,6.5610309,5.6524892,9.525589,6.9087548,6.9735432,7.5832477,9.1769905,5.9242558,6.5861716,7.0021558,6.1398845,7.7613192,5.5174527,7.3343291,7.3072023,4.882802,5.6383548,8.8989115,8.1086235,9.7456636,10.1625,10.082596,9.842782,9.6195316,9.980402,9.7074728,9.8619366,9.7468338,9.7240019,10.220704,8.85495,9.7297297,9.7481775,9.3430338,9.5835581,9.5874748,2.47,2.9200001,2.1300001,2.71,1.47,1.62,.83999997,.75,.28,.31,1.11,.95999998,.81999999,.94999999,.54000002,.44999999,.75,.63999999,.70999998,.85000002,1.29,1.23,.66000003,.55000001,.60000002,.62,.63999999,.63999999,.88,.81,1.17,1.11,10.65991465002355,4.0604429,-8.0870371,0,10.659915,4.0604429,1,-8.0870371,0
12,12027,0,1,1,1,1,1,1,1,1,1,1,1,1,1,1,1,1,1,1,1,1,6.1717005,1.7917595,2.9957323,2.1972246,6.0958247,3.6635616,4.1588831,3.5553482,3.2188759,5.0625949,2.0794415,3.5263605,2.5649493,4.3944492,3.6375861,5.655992,4.6728287,8.9825611,4.0073333,7.7613192,6.7428808,8.4580803,5.3471074,5.5759492,6.1224928,5.220356,7.5719886,4.5538769,6.2265368,5.7071104,7.2283883,4.8121843,7.9266024,7.0850644,9.6080418,10.11553,9.6081762,9.9627466,9.5199547,9.5661249,9.6384802,9.8226032,9.6603966,9.5198822,9.6984911,8.8539515,9.7590971,9.4329233,9.381011,9.5201015,9.4967966,.23,.30000001,8.0699997,7.3200002,1.09,1.5599999,.70999998,.66000003,.27000001,.23,.69,.63999999,.57999998,.75,.37,.31999999,1.0700001,.85000002,.47,.38,.73000002,.80000001,.23,.23,10.79,9.3599997,.47999999,.57999998,.56999999,.56999999,.72000003,.72000003,10.08016822944,0,0,0,10.080168,0,0,0,0
12,12029,0,19,26,15,19,28,15,40,28,31,40,31,28,61,78,94,80,65,42,37,50,5.3082676,1.7917595,2.8903718,2.1972246,5.1298985,0,2.7725887,2.5649493,2.1972246,3.7841897,0,3.2580965,2.0794415,2.9957323,2.5649493,4.8362818,3.9512436,7.7566233,3.5263605,6.1025586,5.9964519,7.2820735,0,4.7184987,4.6151204,3.5553482,6.4661446,0,5.0814042,5.9162021,5.0689044,3.8066626,6.6982679,5.9532433,9.7814894,10.300215,9.9273014,9.8148746,9.7050972,0,10.007668,9.5553474,9.4428005,10.061729,0,8.6928253,10.146356,9.8762703,9.3177586,9.2906294,9.3706722,.49000001,.63999999,5.23,5.5,1.77,1.83,.74000001,.69999999,0,0,1,1.13,.44,.36000001,.23999999,.14,1.21,1.38,0,0,.79000002,.62,.97000003,1.1799999,4.2399998,4.8200002,.60000002,.56999999,.56999999,.38,.80000001,.58999997,9.267193183568965,2.3978953,-8.0354404,0,9.2671928,2.3978953,1,-8.0354404,0
12,12031,0,2875,2787,3059,2875,3231,3059,3508,3231,3755,3508,3755,4341,6321,7776,8233,8428,7836,6768,6424,6332,9.6740112,4.1108737,4.3438053,2.7080503,9.6643419,7.8379488,7.5569506,7.3498735,7.377759,7.9226236,5.0238805,6.9037471,6.6592941,4.1896548,7.6068845,9.4717045,8.323123,12.751786,9.7705841,8.7670174,10.252241,12.587559,10.707617,9.9489384,10.413433,10.45337,10.818097,9.1664934,10.184447,10.254497,6.3561077,9.3578119,12.400718,11.321414,10.012432,10.238495,9.9561272,10.070653,9.9924593,10.001022,10.010008,10.1219,10.142072,10.116662,10.375271,9.0971718,10.192269,9.8981228,9.6624346,9.9649115,9.959301,1.71,1.67,.50999999,.44,.83999997,.88999999,1.01,1.01,1.35,1.16,1.27,1.14,.98000002,1.14,1.61,1.52,.63999999,.61000001,1.08,1.16,.88,.81999999,.5,.50999999,.1,.1,1.05,1.11,1.16,1.2,1.16,1.22,13.41945751705951,7.616776,-7.7747345,0,13.419457,7.616776,1,-7.7747345,0
12,12033,0,846,808,848,846,896,848,910,896,960,910,960,1056,1960,2744,2811,2468,2047,1698,1586,1658,8.6186657,3.5553482,4.1743875,3.0910425,8.5963736,6.6463904,6.4769726,6.2146082,6.2989492,6.8384051,4.1108737,6.0161572,5.5254531,3.4657359,6.5525079,8.407155,7.303843,11.586074,9.3030109,8.2374792,9.3024635,11.312924,9.0429859,8.8258533,9.505991,8.5713024,9.6678286,7.5791678,9.2094402,9.0811424,5.32301,8.2225533,11.0985,10.051778,9.9014359,10.275465,9.8862906,9.9699306,9.8293028,9.858386,9.9042873,9.9869547,9.8288717,10.152805,10.130224,8.9431143,10.318011,9.6543207,9.4443054,9.7335291,9.7303238,3.4400001,3.9000001,.95999998,.86000001,1.05,1.12,.91000003,.86000001,.81999999,.68000001,1.33,1.1900001,1.27,1.4400001,.79000002,.60000002,.64999998,.72000003,.70999998,.66000003,1.0700001,.94999999,.5,.63999999,.12,.1,1.09,1.03,1.01,.93000001,1.04,.97000003,12.47914095521356,6.2441669,-7.9005871,0,12.479141,6.2441669,1,-7.9005871,0
12,12035,0,201,171,233,201,268,233,265,268,356,265,356,487,900,1064,1216,1079,977,843,662,736,6.3716121,1.0986123,2.8903718,2.4849067,6.3135481,4.3040652,4.7449322,3.4965076,3.9512436,5.0998664,0,4.0253515,3.4657359,2.8332133,0,5.9610052,4.7095304,8.927845,4.3944492,4.7791233,7.0130157,8.7368107,5.894403,6.1158919,6.0661082,6.6398759,7.5699277,0,6.7592554,7.1647205,5.2626901,0,8.3638086,7.1098795,9.7183619,10.305547,9.9031372,9.7725239,9.6938772,9.7069254,9.7597904,9.7666359,10.175879,9.8071966,0,8.9848194,9.8594313,9.5191479,0,9.6380234,9.5680847,.36000001,.50999999,.43000001,.47,1.52,1.6,.99000001,.98000002,.5,.43000001,1.26,1.1799999,.57999998,.63,1.62,2.1300001,1.13,1.0700001,0,0,1.3200001,1.47,1.05,1.01,1.6,1.35,0,0,.93000001,.94,.77999997,.75,10.26468724434628,4.2626801,-7.4913936,0,10.264688,4.2626801,1,-7.4913936,0
12,12037,0,50,44,44,50,49,44,56,49,76,56,76,95,159,186,209,134,103,94,79,101,5.5645204,1.3862944,3.0445225,2.4849067,5.4161005,2.8903718,3.0910425,2.3978953,2.6390574,3.9120231,0,3.5553482,2.3025851,2.9444389,0,5.1590552,4.4067192,7.6492162,3.6635616,5.3518581,6.025866,7.2689199,4.8751974,3.6635616,5.4764633,4.7095304,5.2882671,0,5.3518581,4.4543471,4.2904596,0,7.1212525,6.2186003,9.5997438,10.126431,9.8597965,9.7765627,9.4736271,9.2928419,9.7391434,9.638154,9.6910362,9.4946918,0,8.9838161,9.4463606,9.3959064,0,9.4702396,9.5098524,.63,.83999997,2.75,3.24,2.03,2.4200001,.81999999,.73000002,.64999998,.41,.38999999,.40000001,1.16,1.25,.85000002,.76999998,.41,.31999999,0,0,1.16,1.45,.25,.18000001,2.1700001,1.8200001,0,0,.97000003,.92000002,1.16,1.17,9.101306450952048,3.2188759,-7.9295049,0,9.1013069,3.2188759,1,-7.9295049,0
12,12039,0,73,88,92,73,88,92,96,88,103,96,103,122,279,328,276,307,312,263,215,249,6.4457197,2.3025851,3.6888795,2.6390574,6.338594,3.6375861,4.3040652,3.8066626,3.7841897,5.0238805,2.3978953,3.4657359,3.6375861,3.6888795,4.3438053,6.025866,5.1119876,9.5532913,4.8121843,8.3579626,7.5175209,8.9701777,5.433722,6.1779442,6.4754329,5.7557421,8.2566071,4.5217886,6.2245584,7.3336763,7.518064,5.4595857,8.2967958,7.5933743,9.6900463,10.15995,9.778264,9.949894,9.5522261,9.5018902,9.5695524,9.495369,9.779397,9.6001501,9.9474564,8.7821693,9.792388,9.4157276,9.2643547,9.5039053,9.5832825,.28999999,.37,8.2799997,8.21,1.34,1.74,.67000002,.58999997,.17,.12,.72000003,.56999999,.47,.40000001,.36000001,.33000001,1.2,.94999999,.25999999,.25,.41,.38999999,.66000003,.62,8.1499996,6.4000001,.51999998,.50999999,.47,.41999999,.68000001,.68000001,10.62388504758623,3.8501475,-7.9322386,0,10.623885,3.8501475,1,-7.9322386,0
12,12041,0,35,21,23,35,30,23,36,30,47,36,47,44,101,114,134,116,80,91,53,57,5.0751739,1.0986123,2.6390574,2.5649493,4.8675346,2.1972246,2.7725887,1.9459101,2.3025851,3.5553482,0,2.5649493,1.7917595,2.4849067,0,4.5643482,3.8066626,7.4860525,3.0910425,6.1070228,5.866468,6.865891,3.4339871,3.583519,5.2149358,3.9120231,5.7589016,0,4.0604429,4.4998097,5.2574954,0,6.4645882,5.6131282,9.713356,9.9797077,9.9290581,9.8270388,9.5343065,9.3060141,9.1102991,9.4705486,9.7809248,9.6505938,0,8.9935513,9.6206608,9.7377281,0,9.4713964,9.5151749,.41999999,.41999999,6.8899999,7.7600002,2.04,2.28,.63999999,.55000001,.18000001,.11,.41999999,.2,1.05,.86000001,.44999999,.40000001,.77999997,.63,0,0,.37,.41999999,.31,.23999999,6.7199998,7.1100001,0,0,.58999997,.5,.74000001,.68000001,9.176473302464606,2.3025851,-7.9793301,0,9.1764736,2.3025851,1,-7.9793301,0
12,12043,0,15,14,14,15,13,14,15,13,28,15,28,10,13,31,30,34,22,24,18,28,4.5325994,1.3862944,0,0,4.2626801,1.0986123,0,0,0,3.0910425,0,2.6390574,0,2.3978953,1.9459101,3.871201,3.0445225,6.877296,2.5649493,0,0,6.4457197,2.0794415,0,0,0,5.7589016,0,4.2341065,0,5.6240177,2.1972246,5.7462034,5.2983174,9.737669,10.114964,0,0,9.6613522,9.0737181,0,0,0,9.7876835,0,8.7347212,0,9.7813768,9.3425961,9.5148792,9.7466583,.44999999,.50999999,0,0,0,0,.77999997,.73000002,.090000004,.039999999,0,0,0,0,0,0,1.4400001,1.3,0,0,.81999999,.69999999,0,0,17.809999,19.25,.28999999,.28,.52999997,.46000001,1,1.11,8.934718614016768,2.7080503,-8.0900183,0,8.9347191,2.7080503,1,-8.0900183,0
12,12045,0,10,8,14,10,5,14,9,5,8,9,8,20,51,61,51,44,23,26,23,29,5.5093884,1.6094379,3.0445225,2.1972246,5.3565865,2.6390574,2.9957323,2.8332133,3.1354942,3.8918202,0,2.9957323,0,0,2.7080503,5.09375,4.2341065,8.1673517,3.1780539,5.2781148,6.4297194,7.8950634,3.713572,4.5849676,5.3471074,4.6634393,7.2470808,0,5.0238805,0,0,3.4657359,7.1553965,6.3438807,9.9430447,10.170801,9.7717257,9.7366066,9.9940596,9.3874817,9.7925558,9.5955343,9.7189636,10.29201,0,8.7348824,0,0,8.7387352,9.5153217,9.4557934,.23,.22,1.52,1.17,1.8099999,1.47,.91000003,.97000003,.12,.059999999,.57999998,.44999999,.61000001,.44,.47999999,.31999999,1.75,2.1400001,0,0,.5,.34999999,0,0,0,0,.28,.13,.60000002,.41999999,.77999997,.52999997,9.350450079960828,.69314718,-7.8131127,0,9.3504505,.69314718,1,-7.8131127,0
12,12047,0,14,11,9,14,13,9,18,13,28,18,28,28,42,50,41,44,42,29,32,52,5.1357985,1.3862944,2.9444389,2.4849067,4.9052749,1.9459101,2.5649493,2.3978953,0,3.2580965,0,2.3025851,0,0,2.9444389,4.6913481,3.9120231,8.4202414,3.3672957,6.1548581,6.5944133,8.103797,2.8903718,4.2195077,5.1357985,0,7.7964692,0,4.9558272,0,0,4.7621741,6.7742238,5.9427996,10.090838,10.022692,9.8762188,9.8630819,10.161419,8.9262514,9.8530359,9.7669802,0,10.333483,0,8.7656145,0,0,9.0535698,9.4235144,9.5045013,.22,.16,2.8399999,2.0799999,1.66,1.3200001,.87,.94999999,.039999999,.0099999998,.31,.22,.38,.28999999,0,0,2.3499999,2.5899999,0,0,.36000001,.22,0,0,0,0,.81,.43000001,.31999999,.18000001,.41,.25,9.299266581170585,1.6094379,-8.1708603,0,9.2992668,1.6094379,1,-8.1708603,0
12,12049,0,34,34,64,34,53,64,50,53,40,50,40,53,91,107,135,123,105,100,75,69,6.2728772,1.9459101,2.9957323,2.6390574,6.1923623,3.583519,3.6635616,3.6375861,3.2580965,5.3132062,1.3862944,3.2580965,2.5649493,5.0172796,3.8066626,5.655992,4.7184987,8.8302507,3.9889841,5.2149358,7.0175061,8.6095896,5.749393,5.1704841,6.363028,5.2470241,7.9280457,3.871201,5.32301,5.32301,7.780303,4.934474,7.9047041,7.116394,9.7163143,10.144314,9.899931,9.8664608,9.6702938,9.6254921,9.5424461,9.6331215,11.586938,9.3021898,9.7540007,8.7859983,9.6845846,9.2403841,9.7066813,9.9443417,9.5874062,.27000001,.31999999,.74000001,.80000001,1.6799999,1.95,.95999998,.93000001,.47999999,.38,.54000002,.41,.86000001,.81999999,.44,2.3900001,1.78,1.02,.27000001,.20999999,.34999999,.31999999,.18000001,.15000001,21.83,14.02,.63999999,.94999999,.64999998,.88999999,.87,.85000002,9.878118461185586,3.4011974,-7.273036,0,9.8781185,3.4011974,1,-7.273036,0
12,12051,0,70,77,77,70,76,77,95,76,118,95,118,114,190,283,341,334,284,233,222,179,6.3456364,2.0794415,2.9957323,2.5649493,6.2728772,3.7376697,4.1431346,3.713572,3.8066626,5.1532917,1.7917595,3.8286414,2.7725887,4.5538769,3.713572,5.8777356,4.89784,9.2094402,4.6728287,6.2971091,7.1981835,8.9876966,5.2257466,5.8861041,6.1441855,5.6903596,8.558527,4.3694477,6.1092477,6.7214255,8.2992859,4.9126549,7.9348717,7.029973,9.7692699,10.200216,9.9612846,9.9210329,9.7190838,9.9177351,9.892477,9.5000954,9.803833,9.7509775,9.9848833,9.1164694,10.295969,9.5728283,9.9993887,9.6567554,9.6346922,.36000001,.43000001,1.49,1.64,1.38,1.6,.95999998,.92000002,.19,.2,.75999999,.75999999,.47,.38,.47,.41,2.29,1.9400001,.31,.28,.51999998,.63,.50999999,.72000003,25.1,21.33,.43000001,.80000001,.46000001,.44999999,.55000001,.52999997,10.15708271130617,4.0253515,-8.0131149,0,10.157083,4.0253515,1,-8.0131149,0
12,12053,0,433,421,465,433,514,465,606,514,586,606,586,782,1273,1450,1505,1496,1313,1116,1052,927,7.3914151,1.7917595,3.0445225,2.5649493,7.3664451,5.2882671,5.7776523,5.0304379,4.8903489,6.0306854,2.3978953,4.9416423,4.2484951,3.1780539,5.0875964,7.0613341,5.9053617,9.9179821,5.6204009,6.0185933,8.0962086,9.7003918,7.1553965,7.2813859,8.0510225,7.0012455,8.0715313,5.5759492,7.671361,7.0066953,6.4692502,6.5482192,9.4820452,8.4111662,9.7481775,10.126391,9.8684301,9.9659462,9.686388,9.6685247,9.7278833,9.994379,9.864747,9.8201056,10.203629,8.9182482,9.9406385,9.7991266,9.2471542,9.6508512,9.5530081,.46000001,.51999998,.55000001,.56999999,1.66,2.0699999,.95999998,.92000002,.66000003,.52999997,1.5,1.3200001,1.5700001,2.0899999,.87,.81,.69,.63999999,.50999999,.60000002,1.22,1.23,.33000001,.34,1.98,2.1600001,1.08,.98000002,1.0599999,1.05,1.0700001,.98000002,11.52401376195565,5.768321,-7.8783407,0,11.524014,5.768321,1,-7.8783407,0
12,12055,0,260,236,255,260,269,255,313,269,327,313,327,337,602,710,847,817,666,491,494,458,7.385231,2.3978953,3.2958369,2.8903718,7.3498735,5.1298985,5.5490761,4.8598123,4.7535901,6.1882639,2.7080503,4.7273879,4.1431346,5.1179938,5.1059456,6.9744787,5.8888779,9.9237309,5.7990928,6.1420374,8.0228968,9.7149868,7.0992017,7.1324978,7.6930256,6.7776465,8.5546818,5.8888779,7.5543346,7.181592,7.8728361,6.1882639,9.3389978,8.3730917,9.6509151,10.124068,9.8442154,9.7579412,9.6112614,9.6237078,9.7521992,9.8684816,9.8152027,9.6740742,10.08635,8.9339275,9.8424625,9.5340891,9.3040133,9.581214,9.528285,.55000001,.68000001,.62,.69,1.54,1.71,.97000003,.94999999,.62,.51999998,1.29,1.27,1.09,1.41,.69,.67000002,1.12,.99000001,.69,.80000001,1.08,1.22,.38999999,.40000001,8.0200005,7.3800001,.75,.79000002,.92000002,.93000001,1.02,1.01,11.13359583046669,5.2983174,-7.3962555,0,11.133595,5.2983174,1,-7.3962555,0
12,12057,0,5125,5008,5384,5125,5754,5384,6370,5754,6825,6370,6825,7956,10576,12979,14725,14422,14104,12124,11728,11986,9.9235353,3.9889841,4.4543471,3.2580965,9.9153671,8.2030306,7.7341213,7.6367521,7.6487398,8.225771,5.3706379,7.1569562,6.9763479,5.9401712,7.5822291,9.711297,8.5552597,12.993734,9.295784,9.5186338,10.528034,12.841974,11.092031,10.216252,10.458722,10.507804,11.137665,9.748003,10.618519,10.393386,9.0738335,9.4516382,12.641207,11.522767,9.9602928,10.328069,9.9795685,10.068111,9.935132,9.9308596,9.9629354,10.075001,10.104181,9.9410238,10.225353,9.1973562,10.064926,9.1132784,9.6675749,9.9338226,9.99757,.83999997,.94,.85000002,.77999997,.87,.97000003,1.03,1.02,1.55,1.3099999,1.3,1.17,.81,.94,1.33,1.27,.69,.57999998,1.52,1.48,1.0700001,1.16,.44999999,.41999999,1.24,.55000001,.91000003,1.02,1.15,1.22,1.11,1.28,13.63405342744625,8.2122974,-7.6508961,1,13.634053,8.2122974,1,-7.6508961,1
12,12059,0,12,15,19,12,20,19,36,20,32,36,32,30,70,89,107,110,89,65,58,63,5.480639,1.7917595,2.9444389,2.3025851,5.32301,0,3.0910425,2.9957323,2.4849067,3.9889841,0,2.6390574,2.6390574,2.8903718,2.3978953,5.0172796,4.1896548,8.0481491,4.1743875,5.9964519,6.4068799,7.6280313,0,4.4773369,5.8888779,4.1431346,6.4645882,0,5.484797,6.1506028,4.4426513,3.871201,7.254178,6.3767271,9.5527945,9.9814663,9.8984747,9.8035564,9.3521872,0,9.2153282,9.4982224,9.8695688,9.3248291,0,8.8917866,9.3133478,9.4822741,9.4415312,9.3643484,9.2387333,.69999999,.83999997,3.52,4.5100002,1.99,2.5599999,.79000002,.64999998,0,0,.58999997,.37,1.17,1.15,.31999999,.37,.89999998,.62,0,0,.88999999,1.0599999,.91000003,.61000001,1.6900001,1.63,.47999999,.64999998,.74000001,.67000002,.91000003,.74000001,9.666371843655035,2.3025851,-7.9236789,0,9.6663723,2.3025851,1,-7.9236789,0
12,12061,0,602,600,651,602,668,651,777,668,778,777,778,945,1347,1621,1704,1611,1505,1266,1221,1226,7.9834399,2.1972246,3.2580965,2.8903718,7.9655457,6.0567842,6.1333981,5.57973,5.6276212,6.5496507,3.2580965,5.2729998,4.7706847,4.7791233,5.8888779,7.6879973,6.4425402,10.44004,5.8777356,6.1675167,8.0789986,10.313675,7.9892216,8.0854864,8.3889055,7.6270576,9.0179682,6.0822191,8.4111662,7.7393594,7.9032269,7.0791845,9.9938765,8.7584124,9.8856802,10.273015,10.024377,10.086475,9.853404,9.966979,9.9350834,10.090879,10.060021,9.8681707,10.08868,9.2179117,9.9935112,9.6495628,9.5655642,9.8478165,9.8798094,.34999999,.40000001,.38,.40000001,.97000003,1.1900001,1.05,1.04,.89999998,.83999997,1.99,1.87,1.3099999,1.67,.95999998,.94999999,1.0599999,.89999998,.5,.46000001,1.51,1.8,.41,.38,4.9299998,4.0300002,1.09,1.1799999,1.05,1.1,.89999998,.99000001,11.40987339391384,6.0614572,-7.6305275,0,11.409873,6.0614572,1,-7.6305275,0
12,12063,0,56,54,64,56,78,64,63,78,57,63,57,73,162,176,215,189,181,151,153,105,6.5764694,2.3978953,3.6888795,2.9444389,6.4738908,3.9120231,4.1271343,4.1108737,4.0943446,4.7957907,2.0794415,3.9512436,3.3322046,3.4339871,4.1743875,6.2672005,5.4424176,9.4992714,6.1355648,7.8034348,7.7235622,9.0090809,5.3752785,6.075346,6.505784,6.2441669,7.8991537,4.6728287,6.5072775,7.5652752,5.7990928,5.5333896,8.6094074,8.0169773,9.6984291,10.23853,9.7880764,9.8400154,9.581214,9.7725239,9.490922,9.7806416,9.851141,9.6252279,9.6477566,8.8101616,9.704915,9.2402878,9.3322926,9.5588121,9.5638103,1.17,1.5599999,5.02,4.98,1.74,2.01,.73000002,.66000003,.17,.16,.68000001,.5,.50999999,.57999998,.62,.60000002,.88999999,.70999998,.31,.22,.57999998,.55000001,.88,.75,1.54,1.01,.58999997,.62,.67000002,.63999999,1.1,1.0599999,10.63043211267936,3.6375861,-7.9506021,0,10.630432,3.6375861,1,-7.9506021,0
12,12065,0,25,44,30,25,28,30,42,28,54,42,54,57,123,127,113,102,108,106,75,97,5.529429,1.3862944,2.9957323,2.0794415,5.3936276,3.0910425,2.8332133,2.9957323,3.0910425,4.0073333,1.3862944,2.6390574,2.5649493,3.2188759,3.0910425,5.1059456,4.1108737,7.9641557,3.583519,5.5490761,6.2690964,7.6280313,5.0814042,4.7957907,5.57973,4.7095304,6.5042882,3.4965076,5.4205351,5.2882671,5.855072,4.0604429,7.2348986,6.2785215,9.5920591,10.098272,9.9094696,9.7844229,9.4722433,9.5184135,9.8041096,9.1840992,9.6770887,9.4827309,9.686326,9.2334709,9.2138338,9.4851656,9.0098143,9.4671507,9.6241045,.41999999,.55000001,2.45,3.05,1.89,2.29,.85000002,.76999998,.57999998,.47,.88,.97000003,.94,.64999998,.62,.56,1.02,.79000002,.44999999,.37,.91000003,1.46,.41999999,.23999999,7.5700002,7.04,.63,.52999997,.79000002,.75999999,.89999998,1.03,9.332203959733024,2.8903718,-7.9784398,0,9.3322039,2.8903718,1,-7.9784398,0
12,12067,0,10,21,16,10,16,16,13,16,15,13,15,8,28,25,30,42,25,32,18,15,4.4659081,1.3862944,0,0,4.1588831,1.3862944,0,1.0986123,0,3.2580965,0,0,0,2.9444389,1.6094379,3.6375861,3.0445225,6.9893351,2.8332133,0,0,6.329721,1.6094379,0,2.9957323,0,5.8464389,0,0,0,5.0106354,2.3978953,5.3706379,4.9558272,9.6282606,10.122824,0,0,9.3043766,9.0951538,0,9.0995207,0,9.1901379,0,0,0,9.2672873,9.8445864,9.4644394,9.5358963,.52999997,.66000003,0,0,0,0,.62,.44999999,.050000001,.02,0,0,.19,.12,0,0,1.4,.77999997,0,0,0,0,0,0,8.6199999,6.2199998,.31999999,.60000002,.33000001,.30000001,.63,.63999999,8.626585568187433,2.0794415,-8.2747059,0,8.626586,2.0794415,1,-8.2747059,0
12,12069,0,608,566,749,608,772,749,895,772,1066,895,1066,1307,2066,2512,2787,2692,2504,2085,2078,2094,8.0946836,2.6390574,3.5553482,3.2958369,8.0712185,5.8777356,6.1180973,5.6664267,5.6733232,6.6644092,3.4657359,5.5947113,5.0814042,5.1298985,5.9375362,7.7902822,6.6795993,10.696819,6.1923623,6.8617115,8.6976795,10.512764,7.8781552,8.2303104,8.3806858,7.7155695,9.3050137,7.106606,8.3977337,8.4131651,7.9135208,7.1831117,10.157703,9.1654472,9.7703562,10.148627,9.9460201,9.9350348,9.7293129,9.8846102,9.8074169,9.9007835,9.8369207,9.8284407,10.153896,9.1518631,9.9737129,9.5683641,9.4229488,9.6838379,9.6181364,.37,.41999999,.58999997,.63999999,1.39,1.64,.99000001,.97000003,.62,.60000002,1.78,1.65,1,1.1900001,.81,.72000003,1.09,1,1.08,1.1799999,1.16,1.4400001,.62,.63999999,3.8599999,3.26,.93000001,.99000001,.95999998,.94999999,1.04,1,11.93231977638942,5.6733232,-7.9509964,0,11.93232,5.6733232,1,-7.9509964,0
12,12071,0,2370,2195,2396,2370,2504,2396,2867,2504,3108,2867,3108,3914,5375,6954,8243,7881,7013,5823,6218,6244,9.0963879,3.0910425,4.0253515,3.7376697,9.0827341,7.1569562,7.3434262,6.5610309,6.8490663,7.6333694,4.356709,6.5806394,5.9814143,4.8202815,6.8627577,8.8153696,7.6182513,11.740945,7.3543625,8.0522966,9.6129351,11.570732,9.3137093,9.4924316,9.3663177,9.0903177,9.9682913,8.0478296,9.7417326,8.5705442,7.9395151,8.4344635,11.345831,10.245765,9.8653183,10.294448,9.7821674,9.9748774,9.8432064,9.9345016,9.9768772,10.265837,9.9745512,9.9060841,10.092702,9.2753792,9.9567442,9.3187466,9.6299715,9.8266602,9.7522573,.41999999,.5,.68000001,.56999999,1.22,1.37,1.01,1,.92000002,.85000002,2.21,2.22,.94999999,1.47,1.13,1.04,.75,.67000002,.97000003,.91000003,1.5599999,2.01,.25999999,.23999999,1.39,.82999998,1.15,1.36,1.11,1.16,1.08,1.0700001,12.72222306736265,7.3185396,-7.8430457,0,12.722223,7.3185396,1,-7.8430457,0
12,12073,0,1068,1041,1042,1068,1165,1042,1266,1165,1318,1266,1318,1647,2364,2946,2935,2843,2857,2521,2322,2294,8.5473347,3.6109178,5.2040067,3.1780539,8.4992332,6.8297939,6.4831076,6.2324481,6.253829,6.7141705,4.6151204,5.7868972,4.9558272,3.3672957,6.5294189,8.3155661,6.9226437,11.615726,7.379632,10.471978,9.0797758,11.084232,8.9779034,8.6210127,9.1572561,8.50208,8.9845686,8.140316,9.2532082,7.7052627,5.3565865,8.3816023,10.953574,9.7154694,9.9015856,10.357076,10.008433,10.020292,9.8047161,10.154869,9.8242283,10.008793,10.016994,9.8288183,10.0871,8.9436369,9.867238,9.4863043,9.7945089,9.8012886,9.6850204,.49000001,.60000002,8.7200003,8.8100004,.81,.92000002,.69999999,.64999998,.74000001,.82999998,1.05,.87,.87,1.01,.70999998,.66000003,.31999999,.25,1.21,1.08,1.08,.97000003,.12,.1,.12,.079999998,1.24,1.66,.85000002,.82999998,.72000003,.64999998,12.16781506841244,6.7322106,-7.7943635,0,12.167815,6.7322106,1,-7.7943635,0
12,12075,0,72,60,83,72,67,83,86,67,100,86,100,71,153,179,223,197,191,142,154,131,6.1944056,1.9459101,2.8903718,2.7080503,6.1092477,3.7612002,3.8501475,3.4339871,3.5263605,4.6347289,0,4.0430512,3.0445225,3.583519,0,5.8493247,4.919981,8.5911865,4.3438053,5.659482,6.9716687,8.2824831,5.2574954,5.9989367,6.0063534,5.5254531,7.0449052,0,6.2480431,5.4380794,6.2402759,0,7.9398718,7.145196,9.632925,10.069256,9.8433657,9.8583336,9.5321341,9.4613323,9.7987938,9.4539919,9.7121458,9.7253771,0,8.9191856,9.5279942,9.7456636,0,9.4410553,9.4891834,.47999999,.57999998,1.46,1.63,2.04,2.55,.88,.81,.37,.27000001,1.5700001,1.66,.76999998,.67000002,.75,.67000002,.94,.88999999,0,0,1.11,1.26,.25999999,.2,5.9400001,6.8800001,0,0,.86000001,.76999998,1.14,1.09,10.16288588450951,3.4011974,-7.7374821,0,10.162886,3.4011974,1,-7.7374821,0
12,12077,0,8,4,3,8,4,3,1,4,1,1,1,1,7,10,13,7,16,2,8,6,4.6051702,1.0986123,2.7725887,1.9459101,4.3040652,0,0,0,0,3.2958369,0,0,0,2.8332133,1.6094379,3.8501475,2.9444389,7.2470808,4.0253515,5.771441,5.433722,6.6821084,0,0,0,0,5.7776523,0,0,0,5.1984968,2.6390574,6.1633148,4.8903489,9.7216663,9.797905,9.8766298,9.8866978,9.5887079,0,0,0,0,9.8511934,0,0,0,9.788806,9.1721191,9.3603106,9.2941303,1.35,1.13,6.2600002,6.6300001,1.6799999,1.98,.68000001,.60000002,0,0,0,0,0,0,0,0,1.01,.99000001,0,0,0,0,0,0,8.04,8.8800001,.31,.27000001,.56,.41999999,.46000001,.33000001,8.624970783589669,0,-7.8131127,0,8.6249704,0,1,-7.8131127,0
12,12079,0,14,25,22,14,31,22,33,31,34,33,34,38,66,73,92,83,72,58,72,60,5.7589016,1.9459101,2.7725887,2.3978953,5.6454468,3.0445225,2.9957323,3.4011974,2.9444389,4.2046928,1.7917595,3.0910425,2.7080503,3.4965076,3.2580965,5.3752785,4.5217886,8.4296722,4.0604429,6.1290503,6.6770835,8.0928507,4.0775375,3.8501475,6.1506028,4.7095304,7.2384968,3.2188759,5.1298985,6.8977051,5.8749309,4.5108595,7.5384951,6.8627577,9.6919641,10.072766,9.8722553,9.8739042,9.6038675,9.5646524,9.4091911,9.4856205,9.9096184,9.698123,10.026236,8.767952,9.6938772,9.7417326,9.3497543,9.5278482,9.5832138,.43000001,.47999999,2.74,2.98,1.78,2.1400001,.85000002,.79000002,.13,.1,.22,.14,1.04,.88,.38999999,.40000001,1.34,1.16,.20999999,.22,.41999999,.38999999,1.3200001,1.11,4.8499999,5.2600002,.62,.66000003,.67000002,.62,1.01,1,9.715288758569297,3.0445225,-8.0042324,0,9.7152891,3.0445225,1,-8.0042324,0
12,12081,0,982,918,1076,982,1230,1076,1263,1230,1426,1263,1426,1794,2678,3338,3525,3264,3050,2697,2524,2628,8.2738466,2.3978953,3.4965076,3.2958369,8.2558289,6.3526292,6.1025586,5.9480348,5.9454207,6.669498,3.583519,5.7589016,5.4116459,4.7621741,6.1779442,8.026824,6.7844572,11.22157,6.8752322,6.8617115,8.9587975,11.082558,8.8315659,7.9803658,8.9277124,9.1769905,9.7770739,6.8844867,8.8336086,9.1926851,8.4922857,7.6506448,10.766419,9.5030098,9.8047714,10.321572,9.9376478,9.9672136,9.7709846,9.8684816,10.001521,10.066796,9.6279974,9.923192,10.049145,9.182044,10.091045,9.3836212,9.5949221,9.7078981,9.624567,.44,.56999999,.34999999,.36000001,1.0700001,1.26,1.04,1.02,.94999999,.88,.81999999,.88999999,1.03,1.39,2.0699999,1.4400001,1.04,1.01,.50999999,.49000001,1.0599999,1.3200001,.80000001,.89999998,4.0700002,2.76,.88,1.0700001,1.04,1.03,.87,.80000001,12.26295852223525,6.3438807,-7.7969613,0,12.262959,6.3438807,1,-7.7969613,0
12,12083,0,880,821,804,880,904,804,1087,904,1157,1087,1157,1337,2419,2715,3164,3141,2866,2468,2190,2299,8.3539677,2.8903718,3.6888795,2.9444389,8.3356714,6.212606,6.3716121,5.9322453,5.8971539,6.9047508,3.8501475,5.7930136,5.521461,5.0875964,6.1114674,8.0624332,7.009409,11.046292,6.555357,7.5245614,9.0634632,10.849745,8.1989145,8.3504295,8.4553175,7.9638081,9.6938772,6.9324479,8.7416162,9.187686,7.7012,7.5480289,10.471724,9.609787,9.7718401,10.038324,9.9459238,9.8729773,9.7425556,9.8196707,9.7718401,10.083389,9.9355192,9.8089571,10.088223,9.0228052,9.871274,9.5675249,9.4690828,9.7105093,9.6956635,.38,.38999999,.81,.87,1.42,1.5700001,.98000002,.97000003,.60000002,.55000001,1.41,1.27,.75999999,1.08,.73000002,.72000003,1.14,1.02,.63999999,.64999998,1.15,1.26,.94999999,.88,2.2,1.85,.94999999,1.05,.92000002,.94,1.15,1.1799999,12.1798980603607,5.3936276,-7.1885748,1,12.179898,5.3936276,1,-7.1885748,1
12,12085,0,662,605,653,662,640,653,724,640,770,724,770,870,1231,1435,1517,1388,1228,1128,1102,1095,8.0992508,2.3978953,3.4011974,2.6390574,8.0824022,6.212606,6.2186003,5.6167712,5.7557421,6.5666723,3.1780539,5.572154,4.9836068,4.1431346,6.1312265,7.8343921,6.5337887,10.562069,5.7004437,6.6644092,8.1732931,10.434498,8.1438084,8.1853504,8.3318272,7.6572828,8.9682684,6.3438807,8.6002464,8.0304098,7.0817084,7.5158892,10.172101,9.0604477,9.9280338,10.205775,10.001159,9.9573126,9.9202957,10.228321,10.035612,10.150777,10.18893,10.0299,10.126631,9.2890587,10.148236,9.6115294,9.6312199,9.8849669,9.7965698,.25999999,.27000001,.56,.54000002,.94,.97000003,1.05,1.0599999,.93000001,1.09,1.95,1.9400001,1.09,1.42,.88,.94,.88999999,.85000002,.57999998,.51999998,1.62,1.98,.49000001,.50999999,1.92,1.45,1.49,1.66,1.11,1.16,1.08,1.05,11.5218852063417,6.1136823,-7.8662691,0,11.521885,6.1136823,1,-7.8662691,0
12,12086,0,27580,27700,27466,27580,29832,27466,33722,29832,35641,33722,35641,41043,43313,50693,57513,58836,55980,48743,49303,55388,10.958304,4.2195077,4.4543471,3.8066626,10.954606,9.1868668,8.3654394,8.6132307,8.6374617,9.0351534,6.4134588,8.1670685,8.1989145,6.1312265,8.7887459,10.795998,9.7478275,13.676885,9.8491373,9.5756083,11.370878,13.52742,11.402083,10.607352,11.419768,11.128203,11.797924,10.040855,11.291904,11.319716,9.2217751,10.384276,13.332167,12.353466,10.059679,10.457488,10.008298,10.258746,10.021804,10.191594,10.088472,10.193168,10.203185,9.9304705,10.342742,9.4229488,9.8834887,9.5594463,9.713356,10.040463,10.024244,.73000002,.85000002,.44999999,.38999999,1.02,1.25,1.03,1.01,1.0700001,1.0599999,.97000003,.89999998,1.0599999,1.26,1.25,1.2,.67000002,.50999999,1.03,1.02,1.0599999,1.3,.57999998,.41,.72000003,.44999999,1.17,1.24,1.16,1.24,1.29,1.38,14.47669946986421,9.8589087,-7.7750897,1,14.4767,9.8589087,1,-7.7750897,1
12,12087,0,894,821,835,894,875,835,914,875,888,914,888,1033,1320,1576,1460,1386,1278,1269,1166,1204,7.9280457,3.0910425,3.6109178,2.6390574,7.9013772,5.768321,5.9269261,5.1179938,5.4205351,6.2441669,3.3672957,6.2105999,4.4543471,3.9702919,5.5947113,7.6898289,6.5117455,10.322001,7.1708884,6.4800444,8.1376886,10.127391,7.6083746,7.527256,7.6024013,7.189168,7.8815598,5.8607864,9.1482525,6.2971091,5.5134287,6.8906093,10.015521,8.744647,9.7769604,10.176678,10.034252,10.072471,9.6933832,9.9960213,9.9062834,9.9354219,9.8609457,9.869051,10.137531,9.4412937,9.7845354,9.7564945,9.5663347,9.6703568,9.6940622,1.45,1.6799999,.58999997,.69,1.16,1.55,.98000002,.92000002,.69,.75,1.28,1.3099999,.67000002,.81999999,.69999999,.63,.38,.36000001,.44999999,.47999999,3.5599999,5.9000001,.11,.090000004,.50999999,.51999998,1.01,1.23,1.21,1.1799999,1,1.02,11.26477175065185,6.4297194,-7.9174743,0,11.264771,6.4297194,1,-7.9174743,0
12,12089,0,191,189,227,191,219,227,270,219,316,270,316,356,606,697,724,750,588,536,507,533,6.8012829,1.9459101,2.9957323,2.5649493,6.7569323,4.5217886,4.8751974,4.0253515,4.2484951,5.3890719,2.4849067,4.3174882,3.5263605,4.0073333,4.4543471,6.4630294,5.5174527,9.3983955,6.4409466,5.7037826,7.4826818,9.1447344,6.1136823,6.7031879,6.5308776,5.9763508,8.0073671,4.4067192,7.6143122,7.383368,6.3595738,5.6058021,8.7580976,7.7906961,9.9606237,10.820418,9.8692579,9.9374542,9.8727188,9.9124966,10.047328,9.6131353,9.8220062,10.303069,10.145688,9.3531408,10.479679,10.055436,9.4492788,9.5799017,9.6120653,1.75,3.23,.68000001,.56,1.51,1.48,.93000001,.86000001,.38999999,.31999999,1.42,1.38,.57999998,.41999999,.51999998,.38,1.09,1.33,.27000001,.23999999,1.9299999,2.4400001,.81,1.15,2.99,3.4000001,.70999998,.63999999,.87,.63999999,.97000003,.75999999,10.69060310398642,4.9052749,-7.6694632,0,10.690603,4.9052749,1,-7.6694632,0
12,12091,0,720,708,696,720,783,696,805,783,808,805,808,1052,1769,2554,2642,2012,1768,1493,1358,1370,8.1050053,3.2958369,3.4965076,3.2958369,8.0783777,6.1527328,6.0776424,5.5947113,5.8435445,6.3456364,3.6375861,5.855072,4.7095304,3.1354942,5.8777356,7.8838234,6.7105231,10.886726,8.8095646,6.7440591,8.6326628,10.604181,8.7015123,8.070281,8.4186983,7.9748769,8.8640404,6.89467,8.8861322,8.237215,4.5747108,7.5326238,10.411208,9.1785402,9.7751427,10.091045,9.9053354,9.9477911,9.6798439,10.05638,9.7274666,9.8339233,9.760252,9.7890863,9.99191,8.9687786,9.8431005,9.5748444,9.3314066,9.6549625,9.6057549,4.23,4.52,.43000001,.44999999,1.08,1.28,.89999998,.82999998,1.17,1.34,1.25,1.0700001,.86000001,.94999999,.87,.70999998,.57999998,.50999999,.72000003,.67000002,1.5599999,1.61,.43000001,.38999999,.11,.1,1.1,1.05,1.02,.98000002,.88,.81999999,11.87601181186989,5.9788857,-7.9454942,0,11.876012,5.9788857,1,-7.9454942,0
12,12093,0,3,7,0,3,9,0,4,9,3,4,3,2,3,8,6,4,3,0,2,1,6.4952655,1.9459101,2.8903718,1.9459101,6.4457197,4.1743875,4.4426513,4.0253515,3.9512436,5.2149358,2.0794415,3.8918202,3.2188759,4.3040652,4.1108737,6.1003189,5.0369525,8.9589262,4.4067192,5.209486,6.9847164,8.7690411,6.0799332,6.1779442,6.7990561,5.602119,7.7393594,4.8202815,6.2344108,5.572154,7.3472996,5.3423343,8.3272429,7.4295206,9.7135372,10.095099,9.859745,9.9743652,9.6511726,9.5490246,9.7348318,9.9617567,9.8342981,9.6805944,10.001294,8.9457235,9.9439096,9.609787,9.3197327,9.6344309,9.5637398,.36000001,.41,.63999999,.68000001,1.4299999,1.85,.99000001,.94,.57999998,.43000001,1.3,1.1900001,1.17,1.5599999,.56,.51999998,1.3,1.08,.62,.62,.75999999,.81,.20999999,.22,12.45,11.6,.83999997,.85000002,.87,.88,1.05,1,10.29644138670722,2.0794415,-8.0512438,0,10.296441,2.0794415,1,-8.0512438,0
12,12095,0,5273,4813,5303,5273,6128,5303,6713,6128,7549,6713,7549,9084,12414,15049,17058,17449,16405,14007,13718,14393,9.8178749,4.0073333,4.356709,3.6375861,9.8085175,8.1619453,7.6939373,7.3626451,7.5411525,8.1338806,5.5053315,7.1147695,6.8448153,5.6131282,7.4999766,9.6010303,8.4136086,12.971992,9.0871553,9.1178961,10.312713,12.853496,10.900048,10.121257,10.283053,10.28698,11.104987,9.5445957,11.438062,10.497118,8.5989571,9.2718115,12.662294,11.352076,9.9964314,10.27667,9.8700857,10.057409,9.9867716,10.085059,10.067815,10.168195,10.104467,10.202109,10.388934,9.574358,10.343966,9.6202621,9.6837759,9.9347925,9.9417467,.69,.72000003,.57999998,.46000001,.72000003,.75999999,1.0599999,1.0700001,1.3099999,1.24,1.21,1.17,.69,.85000002,1.09,1.01,.68000001,.72000003,1.27,1.4,2.48,3.78,.50999999,.61000001,.79000002,.56,.77999997,.85000002,1.2,1.23,.95999998,1.01,13.42615154751492,8.0762043,-7.6326051,1,13.426151,8.0762043,1,-7.6326051,1
12,12097,0,756,731,825,756,918,825,1150,918,1292,1150,1292,1561,2335,3006,3523,3457,3164,2476,2459,2543,7.6073813,1.9459101,3.2580965,2.4849067,7.5847731,5.4380794,5.6869755,5.1817837,5.2933049,6.0014148,2.3025851,5.7235851,4.3174882,3.5263605,5.1590552,7.3550019,6.1355648,10.505232,5.4889379,5.9839363,8.350194,10.362051,7.6806374,7.791523,8.1432266,7.4815559,8.3679972,5.6664267,9.4082069,7.2786288,6.0799332,6.689599,10.21574,8.8020716,9.7229242,10.267054,9.9020367,9.9979792,9.6712399,10.033506,10.024908,10.007532,9.8429937,9.9746914,10.131021,9.3056507,10.007172,9.4722433,9.5423746,9.6137371,9.5911713,.22,.30000001,.30000001,.31999999,1.1900001,1.5700001,1.04,1,.62,.73000002,1.39,1.6799999,.95999998,1.3200001,.77999997,.73000002,.51999998,.57999998,.31,.34999999,3.8499999,5.8699999,.23999999,.27000001,.75,.60000002,.69,.86000001,1.23,1.2,.88,.86000001,11.58736481078506,5.556828,-7.7307215,0,11.587365,5.556828,1,-7.7307215,0
12,12099,0,11213,10533,11313,11213,11911,11313,13070,11911,13357,13070,13357,15860,19037,22626,24849,23442,22315,20595,20525,20935,10.150582,3.5263605,4.3694477,4.2904596,10.143331,8.4314175,8.0718431,7.8252454,7.8512721,8.4348984,5.5333896,7.4899707,6.9246125,5.9532433,8.2398577,9.9434776,8.5701647,12.801412,8.3313456,8.8978186,10.410456,12.669983,10.58661,10.208138,10.566562,10.135631,11.171857,9.1336756,10.715462,10.311849,9.5389967,9.7436705,12.416962,11.180594,10.069934,10.371144,10.028709,10.183238,10.05363,10.212662,10.171107,10.184183,10.272877,10.250617,10.265801,9.4145861,10.502571,9.6131353,9.6842117,9.9888849,9.9109592,.38999999,.41,.55000001,.47999999,.94,1.05,1.05,1.05,1.14,1.14,1.5700001,1.55,1.09,1.27,1.11,1.13,.86000001,.88999999,1,.89999998,1.4299999,1.72,.50999999,.66000003,2.3900001,1.5599999,1.47,1.5,1.12,1.12,.95999998,.89999998,13.66877002174825,8.870101,-7.7029505,1,13.66877,8.870101,1,-7.7029505,1
12,12101,0,1246,1102,1244,1246,1363,1244,1573,1363,1717,1573,1717,2114,3314,3972,4306,4104,4001,3362,3258,3150,8.4051437,2.3025851,3.3322046,2.9957323,8.3920832,6.3171649,6.5875502,6.3543701,5.9610052,6.9117475,3.3322046,5.9635792,5.09375,4.7535901,6.1180973,8.1338806,6.9246125,11.031448,6.4488893,6.8916259,8.9630318,10.865936,8.1789198,8.3909492,9.2284746,8.0646362,9.2943134,6.6476884,8.7987566,8.1945057,7.9547234,7.7133379,10.633111,9.6100559,9.7404394,10.196306,9.9226532,9.9253473,9.6986132,9.7138395,9.8021193,10.023046,9.8442678,9.7428493,9.8890333,8.9182482,9.880065,9.4124641,9.4962711,9.6866369,9.6213236,.34999999,.41999999,.44,.47,1.3,1.5599999,1.01,.99000001,.60000002,.50999999,1.5,1.42,1.6799999,2.3099999,.81999999,.75999999,.76999998,.67000002,.49000001,.41999999,1.24,1.26,.36000001,.34999999,2.8800001,2.1400001,1.14,1.33,1.1,1.13,1.17,1.15,12.54657603185289,6.605298,-7.8900623,0,12.546576,6.605298,1,-7.8900623,0
12,12103,0,5412,4398,6129,5412,6409,6129,6725,6409,7133,6725,7133,8247,10016,11519,12031,11148,10902,9759,9913,9605,9.9382267,3.3322046,4.0604429,3.8501475,9.9317837,8.1605186,7.6834035,7.7761154,7.63868,8.1859074,5.3423343,7.4815559,7.2232957,3.8286414,7.7981124,9.7400274,8.4263926,12.763695,8.7334328,8.3238516,10.285854,12.643233,10.527419,9.8798094,10.794952,10.093033,11.022164,9.0322895,10.630528,10.627722,6.0426331,9.4554806,12.422976,11.22591,9.9119024,10.353894,9.9538479,10.053286,9.8854761,9.9780378,9.9659929,10.003152,10.070019,10.077105,10.170495,9.1599941,10.12803,9.8036118,9.5382042,9.8319912,9.8142195,.60000002,.73000002,.31999999,.31,.86000001,.99000001,1.0599999,1.05,1.11,1.03,1.17,1.11,1.42,1.62,1.11,1.0700001,.76999998,.77999997,.94,.89999998,1.36,1.49,.72000003,.75,.079999998,.07,1.15,1.1799999,1.17,1.17,1.04,1.05,13.65494149095437,7.7902822,-7.6733451,1,13.654942,7.7902822,1,-7.6733451,1
12,12105,0,1270,1185,1255,1270,1424,1255,1525,1424,1656,1525,1656,1946,3359,4316,4945,4612,4045,3436,3109,3175,9.0067539,3.1354942,4.0253515,3.583519,8.9925575,6.9669671,6.944087,6.4377518,6.5666723,7.5943813,4.3040652,6.2225761,6.2166061,6.1092477,6.8731637,8.7088051,7.6506448,11.96314,7.3011479,8.2697573,9.7757683,11.804669,9.4172735,9.0619564,9.6910982,9.011035,10.648919,7.8083229,9.4973221,9.9973421,9.3551331,8.2972946,11.426605,10.468375,9.8756542,10.244201,10.014984,9.9271069,9.8592749,10.047718,9.9303732,9.9612846,9.9594898,9.9883337,10.027739,9.0585871,10.078071,9.8416119,9.5624752,9.7938957,9.7698421,.31999999,.36000001,.68000001,.70999998,1.15,1.21,1.02,1.02,.81999999,.83999997,1.15,1.09,1.05,1.1900001,.83999997,.75,1.1799999,1.14,.61000001,.52999997,.98000002,1,.85000002,.88,4.5999999,4.5900002,.80000001,.88,.95999998,.95999998,1.08,1.08,12.91258511142229,6.7592554,-7.920145,1,12.912585,6.7592554,1,-7.920145,1
12,12107,0,146,137,138,146,123,138,145,123,167,145,167,192,342,424,451,408,333,253,211,224,6.9411902,2.3978953,3.2188759,2.7080503,6.8906093,4.7004805,4.8675346,4.4998097,4.3944492,5.4380794,2.5649493,4.4998097,3.8066626,4.0253515,4.7449322,6.6253924,5.5373344,9.6857042,5.2257466,6.2766433,8.05896,9.4096832,6.6306834,6.4345465,7.2334552,6.3526292,8.4342461,5.187386,6.906755,8.0740261,6.6450911,6.329721,8.93643,8.0526152,9.8423033,10.110909,9.9086246,9.9466429,9.8054886,10.30008,9.6868849,9.7721252,9.8556099,9.9544659,10.087433,8.8539515,10.095305,9.3729696,9.3504505,9.703145,9.6526518,.38999999,.40000001,.91000003,.88,2.02,2.24,.91000003,.88999999,.49000001,.67000002,.81,.62,.88,.85000002,.56999999,.47999999,1.26,1.22,.44,.41,.72000003,.62,1.22,1.3200001,2.98,1.9299999,1.09,1,.77999997,.73000002,.94,.87,11.08321889248903,3.8066626,-7.8755336,0,11.083219,3.8066626,1,-7.8755336,0
12,12109,0,456,411,459,456,509,459,534,509,571,534,571,779,1262,1430,1512,1642,1604,1416,1450,1372,7.5626812,2.3978953,3.4657359,2.6390574,7.5326238,5.4638319,5.4722705,5.0689044,4.9558272,5.9162021,2.9957323,5.5412636,4.3040652,4.0775375,5.1704841,7.3112183,6.2285109,10.185616,5.9427996,7.116394,7.9388022,10.003378,6.9392538,7.103322,7.9648509,6.7787848,8.4846697,5.5412636,8.7030087,8.0235519,6.3491392,6.765039,9.7562046,8.5788527,9.7513266,10.160685,9.8814468,9.9625578,9.7038774,9.8124685,9.8439503,9.8577576,9.947361,9.867238,9.9622755,9.4710884,9.944869,9.3867273,9.4330034,9.6528444,9.6438742,.49000001,.56999999,1.27,1.3099999,1.09,1.34,1,.95999998,.40000001,.37,.95999998,.94,1.1,1.28,.52999997,.52999997,.80000001,.77999997,.38,.34999999,2.6199999,4.5799999,.69999999,.72000003,1.35,.97000003,1.03,1.12,1.0700001,1.05,.97000003,.97000003,11.33653428865702,5.4722705,-8.0368614,0,11.336535,5.4722705,1,-8.0368614,0
12,12111,0,776,707,845,776,868,845,1009,868,1139,1009,1139,1328,2263,2770,3194,3078,2838,2312,2175,2152,8.0420561,3.0910425,3.6888795,2.7080503,8.0169773,5.9454207,6.2499752,5.6094718,5.5872488,6.7165947,3.2188759,5.4161005,4.9416423,5.1239638,5.7868972,7.698936,6.5596151,10.719339,6.2633982,6.933423,8.6847391,10.539005,8.0873327,8.2182484,8.4281435,7.6539693,9.2907219,6.8543544,8.4314175,7.71913,8.4924908,7.2943773,10.200736,9.2046242,9.8428879,10.239781,9.8814974,10.055522,9.7969036,9.9403982,9.9816513,10.046245,9.8795538,9.76612,10.155102,9.0982904,9.9453487,9.4466763,9.5046501,9.8090124,9.8569202,.38999999,.44999999,.62,.58999997,1.34,1.66,1,.97000003,.75,.72000003,1.72,1.77,1.03,1.3099999,.75,.63999999,1.05,.83999997,.81999999,.82999998,1.17,1.29,.30000001,.28,6.73,4.6799998,1.02,1.09,.98000002,1.03,1.0599999,1.2,11.91952992377182,6.2045579,-7.940588,1,11.91953,6.2045579,1,-7.940588,1
12,12113,0,264,231,268,264,275,268,305,275,346,305,346,468,1078,1527,1586,1333,1066,852,794,785,7.166266,2.7725887,3.2958369,2.6390574,7.1212525,4.9698133,5.2933049,4.7095304,4.7957907,5.6347895,2.7725887,4.5432949,3.8918202,3.4965076,4.9052749,6.865891,5.817111,9.7764492,6.617403,6.2633982,7.9547234,9.5098524,7.3969488,7.0237589,7.5054922,6.43294,8.2689886,5.3471074,7.2730927,7.8050671,5.7868972,6.0063534,9.1685801,8.1475773,9.7384949,10.072766,9.8737497,9.8776569,9.6775274,9.8256884,9.6990433,9.7216663,9.6418629,9.9196072,9.8546124,8.8268814,9.967823,10.190094,9.4187355,9.5593758,9.5181923,1.4299999,1.5599999,.81999999,.85000002,1.66,1.91,.92000002,.87,.95999998,.91000003,1.34,1.15,1.05,1.0700001,.56999999,.43000001,.97000003,1.01,.47,.38999999,.94,.88,.85000002,.89999998,1.15,1.87,.72000003,.79000002,.88999999,.81,.94999999,.83999997,11.30968257536236,4.6151204,-7.6256304,0,11.309683,4.6151204,1,-7.6256304,0
12,12115,0,2212,2190,2291,2212,2619,2291,2761,2619,2959,2761,2959,3628,5151,6037,6319,5530,5140,4429,4333,4311,9.1169081,2.9444389,3.8286414,2.9444389,9.1077538,7.2861919,7.202661,6.7912216,6.7912216,7.5169773,4.4426513,6.568078,6.1312265,3.583519,7.0800266,8.8798904,7.5760975,11.656671,6.8731637,7.3802557,9.3035574,11.531875,9.4931107,9.1965456,9.4769268,9.0144472,9.8253098,7.9120569,9.6310225,9.0009766,6.2576675,8.7049999,11.331608,10.1188,9.8776054,10.307852,9.9226532,10.08201,9.8469172,9.8439503,9.9581652,10.09514,10.175002,9.9959297,10.067645,9.2564602,10.064841,9.4692373,9.5217876,9.8106594,9.7528391,.28,.34,.38,.36000001,.98000002,1.2,1.0599999,1.04,1.2,1,1.79,1.74,1.15,1.49,1.14,1.27,.69999999,.68000001,.93000001,.82999998,1.52,1.89,.43000001,.44,.28,.19,1.64,1.72,1.1900001,1.2,1.04,1.02,12.53457031248173,7.2327332,-7.6899509,1,12.534571,7.2327332,1,-7.6899509,1
12,12117,0,2142,2047,2186,2142,2286,2186,2554,2286,2868,2554,2868,3303,4588,5221,5658,5399,5098,4436,4338,4281,8.7801723,2.1972246,3.5263605,2.9957323,8.7705946,7.0175061,6.8426833,6.3099184,6.4281054,7.2477927,4.3307333,6.0137153,6.0614572,3.6888795,6.3473892,8.5243673,7.4289274,11.413216,6.4002576,6.6039438,9.1950235,11.281271,9.079092,8.9869471,9.0882854,8.447629,9.8711195,7.5320883,9.2770643,9.2890587,6.302619,7.9189925,11.001416,10.003831,9.9043369,10.363283,9.9091215,10.017307,9.8848143,9.9804945,10.034384,10.121377,10.100533,10.043771,10.263362,9.1368017,10.059508,9.8479748,9.6087141,9.8275776,9.7783213,.22,.28,.22,.2,1.12,1.25,1.05,1.04,1.01,.94,1.85,1.89,.99000001,1.28,.81999999,.82999998,.94,.93000001,.81,.86000001,1.36,1.46,.73000002,.72000003,.38,.37,.94999999,1.0599999,1.09,1.09,1.1799999,1.16,12.56907900369777,7.3018222,-7.8078785,0,12.569079,7.3018222,1,-7.8078785,0
12,12119,0,63,56,91,63,87,91,89,87,94,89,94,129,232,285,262,317,300,219,222,229,6.1506028,1.9459101,3.0910425,2.3978953,6.0637851,3.7841897,3.9702919,2.9444389,3.3672957,4.7361984,2.1972246,3.9889841,3.4011974,3.4657359,3.713572,5.7557421,4.7957907,8.7408171,4.3040652,6.4377518,7.003974,8.4013329,5.2257466,5.5451775,6.0014148,5.2522736,7.0003343,3.4657359,6.8134446,6.1070228,5.971262,5.1416636,8.1185055,7.2861919,9.6516228,10.096955,9.8977213,9.8026724,9.5585299,9.6756458,9.6141376,9.4946165,9.4938641,9.7447853,10.176906,8.8832245,10.011175,9.430439,9.2787466,9.4893351,9.7158318,.40000001,.49000001,2.74,3.1700001,1.8099999,2.1099999,.85000002,.79000002,.31,.27000001,.86000001,.74000001,.66000003,.57999998,.49000001,.34999999,.76999998,.73000002,.2,.25,1.6799999,1.8,.44,.52999997,3.9100001,3.24,.86000001,.88999999,.88,.81,1.13,1.34,10.36018428646371,3.9512436,-7.9142933,0,10.360185,3.9512436,1,-7.9142933,0
12,12121,0,68,53,78,68,73,78,83,73,81,83,81,99,188,215,238,220,212,180,175,160,6.2897158,2.0794415,3.2580965,2.3978953,6.2025356,3.9512436,0,3.5263605,3.7376697,4.8202815,1.9459101,3.4011974,0,3.6888795,3.6375861,5.9162021,5.1179938,8.9070711,4.5643482,5.659482,6.9236288,8.6971788,5.4116459,0,6.6883545,5.7807436,7.506042,5.2364421,6.2363696,0,5.9687076,5.2882671,8.3349514,7.5579948,9.6622438,10.092702,10.038455,9.9088726,9.5810757,9.5989981,0,9.4688511,9.7545815,9.628458,10.08435,8.8462095,0,9.4422455,9.2083387,9.5596581,9.6498852,.44,.51999998,1.0599999,1.41,1.41,1.8099999,.97000003,.91000003,.31999999,.25999999,0,0,1.11,.94999999,.69999999,.63999999,1.08,.89999998,1,1.13,.80000001,.81999999,0,0,3.3,2.74,.83999997,.80000001,.93000001,.91000003,1.25,1.37,10.19541061924516,3.6888795,-8.0139933,0,10.195411,3.6888795,1,-8.0139933,0
12,12123,0,37,29,40,37,35,40,31,35,42,31,42,44,82,97,107,97,88,93,73,71,6.0776424,1.6094379,2.9957323,2.1972246,5.9964519,3.6109178,3.6109178,3.5553482,3.2188759,4.4188404,1.7917595,3.7841897,2.9444389,3.2580965,3.583519,5.7651911,4.919981,8.7896605,3.8501475,5.3844953,6.6682281,8.6150455,5.771441,6.4052286,6.1758671,5.3471074,7.8943181,4.2766662,6.3099184,7.4558768,5.8493247,4.9558272,7.9487386,6.9622436,9.9173908,10.07618,9.9073801,9.8850689,9.9208851,9.8487673,10.138679,9.5640907,9.7144432,10.229296,9.8397484,8.8282013,10.311516,9.9055853,9.4710884,9.5022631,9.5318441,.23999999,.22,.91000003,.81999999,1.23,1.1900001,1,1.02,.50999999,.41,1.9299999,2.1600001,.74000001,.54000002,.50999999,.34999999,1.79,2.1199999,.43000001,.28999999,.95999998,.75,1.61,2.01,3.3,3.3699999,.68000001,.64999998,.70999998,.50999999,.77999997,.58999997,9.747476810531971,3.0445225,-7.9090519,0,9.7474766,3.0445225,1,-7.9090519,0
12,12125,0,1,1,1,1,1,1,1,1,1,1,1,1,2,1,2,1,1,1,1,1,4.9558272,1.0986123,0,0,4.7449322,2.3025851,2.0794415,2.3025851,2.3025851,3.3322046,0,0,0,2.4849067,0,4.4773369,3.8286414,8.1707516,3.1354942,0,0,7.3963351,4.7874918,4.1743875,5.3471074,4.0604429,6.568078,0,0,0,4.4773369,0,6.8221974,6.1398845,9.8091221,10.032628,0,0,9.578104,9.5754004,9.8618841,9.7390251,9.6545134,9.578311,0,0,0,9.7755976,0,9.5778961,9.5617714,.22,.20999999,0,0,0,0,.55000001,.44,.34999999,.23999999,.38999999,.37,.60000002,.58999997,.25999999,.19,.88,.61000001,0,0,0,0,0,0,1.55,1.54,0,0,.43000001,.37,.63,.55000001,9.235228087483963,0,-7.9806814,0,9.2352285,0,1,-7.9806814,0
12,12127,0,1512,1395,1659,1512,1596,1659,1822,1596,2021,1822,2021,2416,4363,4832,5142,4447,4074,3436,3239,3315,9.0213566,2.9444389,3.9512436,3.4339871,9.0090809,7.0030656,7.0825486,6.6214056,6.6133842,7.4719319,4.356709,6.7900972,5.9864521,5.1298985,6.906755,8.7671738,7.5240216,11.711981,7.0352688,7.8965526,9.7046709,11.530834,9.009203,8.9818077,9.5338717,8.6892958,9.9864035,7.8200378,9.9238291,9.3193741,7.8713112,8.3337507,11.290756,10.12779,9.7705841,10.348846,9.9957933,9.9783163,9.7165556,9.8386288,9.8451166,9.9586382,9.9721737,9.9007339,10.069384,9.1142702,10.03056,9.3456573,9.4544621,9.660141,9.6415386,.31,.44,.60000002,.69,1.38,1.7,1,.95999998,.69999999,.64999998,1.37,1.3200001,1.15,1.4400001,.77999997,.79000002,.77999997,.76999998,.80000001,.80000001,1.9299999,2.3199999,.56,.61000001,1.34,.91000003,1.0700001,1.17,1.08,1.05,.99000001,.97000003,12.82318075980453,6.5482192,-7.8807502,0,12.823181,6.5482192,1,-7.8807502,0
12,12129,0,65,50,60,65,69,60,86,69,83,86,83,107,323,373,365,303,288,240,190,227,5.4116459,1.3862944,2.9444389,2.0794415,5.2626901,2.9444389,0,2.1972246,2.7080503,3.9512436,0,3.2188759,2.6390574,0,0,4.94876,3.9318256,7.8516612,4.1431346,5.0039463,6.3835068,7.4770384,3.9512436,0,5.1357985,4.3438053,6.6732979,0,5.7525725,6.5235624,0,0,6.8834624,5.7004437,9.7542334,10.060919,9.7513266,9.8063707,9.7233438,9.6673222,0,9.471242,9.7549877,10.027385,0,8.879612,10.101478,0,0,9.3832846,9.5182657,.82999998,.87,1.59,1.4299999,2.3699999,2.49,.81999999,.81,.20999999,.17,0,0,.67000002,.52999997,.47999999,.40000001,1.35,1.54,0,0,1.41,1.36,1.62,1.9299999,0,0,0,0,.62,.47,.56,.49000001,9.561138078742038,3.1780539,-8.0184498,1,9.5611382,3.1780539,1,-8.0184498,1
12,12131,0,160,154,192,160,259,192,306,259,350,306,350,435,806,1340,1350,1032,923,729,779,807,6.2146082,2.0794415,3.0910425,2.3978953,6.1290503,3.7376697,4.1588831,3.2580965,3.7376697,4.5108595,1.9459101,4.0073333,2.6390574,2.5649493,3.6109178,5.908083,5.0689044,8.9578972,4.5538769,6.0137153,7.0030656,8.7268057,5.6204009,5.6664267,6.3543701,5.6383548,7.3696008,5.4071717,7.3231707,7.0698743,4.8121843,5.6419072,8.4292355,7.26403,9.5675955,10.03434,9.8900986,9.7895908,9.4856205,9.5473843,9.4577475,9.2988091,9.6376972,9.5858955,9.8441086,9.3936615,9.6170044,9.5657749,9.4738579,9.4483328,9.4186544,.41,.50999999,1.4400001,1.8,1.46,1.8200001,.94999999,.88999999,.37,.31,.77999997,.62,.75,.60000002,.57999998,.50999999,.89999998,.79000002,1.12,1.1,2.25,4.3699999,.92000002,.81999999,.99000001,1.02,1.14,1.55,.97000003,.93000001,.88999999,.85000002,10.23135141462074,3.9512436,-7.8168802,0,10.231352,3.9512436,1,-7.8168802,0
12,12133,0,27,20,37,27,37,37,38,37,41,38,41,39,106,118,142,143,104,72,68,62,5.6903596,1.7917595,3.0445225,2.5649493,5.5490761,3.1780539,3.4657359,3.3322046,2.7725887,4.1743875,0,2.8903718,2.5649493,3.0445225,0,5.2522736,4.3040652,8.3480644,4.0604429,6.2766433,6.8554087,7.8950634,4.6051702,5.3706379,5.8348107,3.7612002,6.9177055,0,5.8200831,6.5012898,4.8598123,0,7.4229712,6.3952618,9.7178202,10.05376,10.115408,9.8563957,9.5460262,9.3878164,9.6761475,9.3408422,9.5348845,9.6441336,0,9.1530294,9.6473045,9.5710173,0,9.4818926,9.4614878,.46000001,.50999999,3.45,4.6500001,2.3099999,2.6500001,.75999999,.64999998,.25,.15000001,1.0700001,.92000002,.81999999,.58999997,.16,.11,1.05,.83999997,0,0,.92000002,1.21,.95999998,.75,1.91,1.7,0,0,.64999998,.56,.69,.58999997,9.736192529758796,2.7725887,-7.9604297,0,9.7361927,2.7725887,1,-7.9604297,0
21,21001,0,1,1,2,1,1,2,1,1,1,1,1,2,1,2,1,2,1,3,3,2,5.6312118,2.3025851,3.1354942,2.3025851,5.4595857,2.5649493,3.0445225,3.0445225,2.8332133,4.0430512,1.7917595,2.7725887,3.2580965,2.3978953,3.0445225,5.187386,4.4426513,8.1625166,4.0430512,5.2040067,6.0402546,7.9543724,3.3322046,4.5432949,6.617403,4.6728287,7.0867381,3.9512436,5.1647859,6.9679093,3.6888795,3.8286414,7.4097419,6.2065759,9.5939007,10.006269,10.004418,9.8325825,9.5079231,9.5549221,9.5266829,9.4635086,9.6361313,9.6780291,9.5193682,8.8943958,9.7025948,9.2746286,9.1646109,9.3637476,9.2510986,.55000001,.64999998,1.42,1.9400001,1.23,1.5599999,.97000003,.89999998,.079999998,.07,.56,.47,2.1700001,1.98,.49000001,.41999999,1.5,1.41,.57999998,.40000001,.56999999,.66000003,1.85,1.74,.70999998,.52999997,.41,.40000001,.76999998,.67000002,.68000001,.54000002,9.639522006701663,0,-7.8599763,0,9.6395216,0,1,-7.8599763,0
21,21003,0,24,10,12,24,19,12,23,19,18,23,18,30,38,33,30,40,40,42,44,45,5.4424176,2.0794415,2.5649493,2.1972246,5.3033047,2.9444389,2.4849067,2.7080503,2.4849067,3.4657359,0,2.8332133,2.7080503,1.7917595,0,5.1298985,4.3820267,8.144969,3.7841897,3.8286414,6.2245584,7.9550743,5.6698809,4.2341065,5.1239638,4.6634393,7.0361485,0,4.9972124,6.9498563,3.2188759,0,7.4460015,6.8426833,9.6986132,9.9818363,9.806922,9.7724676,9.6778412,9.7574205,9.4405785,9.2831259,9.6369801,9.8170033,0,8.6013508,9.8479223,9.2234545,0,9.5735245,9.6689034,.43000001,.44999999,.37,.37,1.51,1.62,.99000001,.98000002,.88,.81,.41999999,.28999999,.5,.34,.49000001,.38,1.45,1.41,0,0,.49000001,.38,1.85,1.8099999,.44999999,.28999999,0,0,.81999999,.77999997,1.3099999,1.42,9.590692779269272,2.7080503,-7.8872566,0,9.5906925,2.7080503,1,-7.8872566,0
21,21005,0,1,1,1,1,1,1,1,1,1,1,1,2,1,1,1,1,1,1,1,1,5.484797,2.0794415,2.9957323,2.0794415,5.32301,2.6390574,0,2.9444389,2.1972246,3.9889841,0,2.4849067,2.8332133,0,3.1354942,5.0172796,4.2766662,7.9721212,3.6375861,4.2904596,6.1136823,7.7561955,3.5263605,0,5.1357985,4.3694477,6.9975958,0,5.1761498,6.8741984,0,4.5747108,7.1244783,6.5147128,9.8351555,10.05277,9.7646275,9.7337074,9.8518257,10.158672,0,9.3560848,9.8221693,10.101273,0,8.9328728,10.139942,0,9.3667459,9.5647926,9.6744518,.44,.43000001,.69,.57999998,1.6,1.45,.95999998,.99000001,.12,.14,0,0,.60000002,.38,.44,.34999999,1.66,1.87,0,0,.69999999,.66000003,2.04,2.3199999,0,0,1.05,.99000001,.69999999,.57999998,1.12,1.0599999,9.586788531013854,0,-7.8098545,0,9.5867882,0,1,-7.8098545,0
21,21007,0,22,12,14,22,16,14,10,16,6,10,6,17,19,18,19,16,15,15,13,22,5.1474943,2.0794415,2.4849067,2.1972246,4.9698133,2.4849067,0,2.3025851,2.3025851,3.2958369,0,2.9957323,2.7725887,0,0,4.7621741,3.9702919,7.7419677,3.7376697,4.0430512,5.5759492,7.5704432,5.1532917,0,4.5643482,4.1743875,6.8916259,0,4.5432949,6.7934661,0,0,6.8627577,6.1158919,10.119848,9.9815588,9.7237625,9.7673244,10.171337,9.9429483,0,9.0320511,9.7761087,10.499077,0,8.6745386,10.534387,0,0,9.6619253,9.7332325,.62,.41999999,.68000001,.41999999,1.1799999,.82999998,1.01,1.08,.77999997,.56999999,0,0,.41999999,.15000001,.44999999,.25999999,1.88,2.3699999,0,0,.47,.25999999,2.3599999,3.01,0,0,0,0,.68000001,.47,.94999999,.72000003,8.974871170971337,2.5649493,-7.8135691,0,8.9748716,2.5649493,1,-7.8135691,0
21,21009,0,9,15,21,9,20,21,9,20,12,9,12,23,18,24,26,21,29,21,33,20,6.7153835,2.6390574,3.5263605,2.8332133,6.6333184,4.1431346,4.4067192,4.1896548,3.8501475,4.9628448,2.7080503,4.4308167,3.8918202,2.4849067,4.5747108,6.4264884,5.5093884,9.5212746,4.9052749,6.0426331,6.9087548,9.4000511,5.4889379,6.9343972,7.26473,5.7745514,8.6799917,5.7268476,7.1024995,8.4616804,4.8441873,5.3706379,8.7332716,7.8135915,9.8152027,10.058352,9.6939383,9.8434725,9.8137274,9.4686193,10.069679,9.8734922,9.7722397,10.043684,9.955368,8.8941212,10.04854,9.5448818,9.1323786,9.5324965,9.461566,.33000001,.33000001,.83999997,.68000001,.75,.77999997,1.0599999,1.0700001,.18000001,.11,1.58,1.8200001,1.0599999,1.17,.38,.30000001,1.89,2.0599999,.88,.75,1.03,.94999999,2.1199999,2.25,.57999998,.46000001,.49000001,.37,.75,.61000001,.88,.68000001,10.43414521493049,1.3862944,-7.8931112,0,10.434145,1.3862944,1,-7.8931112,0
21,21011,0,2,6,2,2,5,2,7,5,4,7,4,2,6,1,5,8,5,4,2,6,5.187386,2.3978953,2.4849067,2.4849067,4.9698133,2.5649493,2.7080503,1.9459101,2.6390574,3.0910425,0,2.3978953,1.7917595,0,0,4.8040209,4.0604429,7.2619271,3.7612002,3.7376697,5.8861041,6.8875527,3.8918202,5.1647859,4.4886365,4.2626801,5.855072,0,4.356709,5.1532917,0,0,6.4473057,5.6312118,9.5416565,9.9445333,9.749404,9.7057676,9.4392271,9.3676863,9.7272873,9.0504065,9.698,9.6358042,0,8.6303434,9.534668,0,0,9.3111811,9.4397049,1.02,1.2,.81,.89999998,2.5999999,3.0599999,.81999999,.75,.36000001,.25999999,2.5699999,2.77,.63999999,.40000001,.80000001,.76999998,1.08,1.02,0,0,.63,.58999997,.74000001,.62,0,0,0,0,.73000002,.63,.94999999,.94999999,9.179056081936416,0,-7.6666722,0,9.1790562,0,1,-7.6666722,0
21,21013,0,43,40,47,43,48,47,43,48,51,43,51,42,71,64,72,53,51,59,50,60,6.5176711,2.5649493,3.0910425,2.9957323,6.4345465,4.0430512,3.7841897,4.1108737,3.6375861,4.7791233,2.4849067,3.871201,3.1780539,3.9318256,4.0943446,6.2225761,5.4293456,9.153347,5.1474943,5.8522024,7.0343881,8.9605961,5.484797,5.676754,6.9884133,5.891644,7.8316174,5.0751739,6.612041,6.7979403,7.194437,5.9427996,8.5699759,7.7406645,9.7828445,10.134639,9.8874598,9.9009848,9.7498121,9.8829784,9.7157116,9.8394823,9.8010674,10.075632,9.7693844,8.8452015,9.7264519,10.310152,9.2243423,9.5463123,9.4878206,.62,.68000001,1.01,1.02,1.24,1.39,.99000001,.97000003,.27000001,.25,.64999998,.54000002,1.17,1.28,.61000001,.51999998,1.17,1.36,.66000003,.47999999,.91000003,.81999999,.57999998,.46000001,8.8000002,15.41,1.27,1.08,.92000002,.79000002,1.1799999,.97000003,10.35793328286591,3.8501475,-7.8179865,0,10.357933,3.8501475,1,-7.8179865,0
21,21015,0,297,269,307,297,334,307,408,334,380,408,380,439,540,673,691,592,643,575,609,610,7.3414841,2.5649493,3.2958369,3.0445225,7.3011479,5.1761498,5.1474943,4.5747108,4.7273879,5.749393,2.6390574,5.0498562,4.882802,2.3025851,4.7273879,7.0630484,6.212606,10.55477,7.0983758,5.4510384,7.7012,10.454668,7.7752757,6.9884133,7.4639368,7.1082439,9.1161394,5.4116459,8.4521208,8.9781561,4.4998097,6.7080841,10.150543,9.5840397,9.923192,10.063436,9.8205948,9.8316154,9.9241724,9.6985521,9.9746914,9.9200497,9.8340302,10.131618,10.193092,9.1393814,10.154363,9.8046608,9.367259,9.8386822,10.011355,1.0700001,.94999999,.17,.14,.58999997,.54000002,1.08,1.1,.64999998,.44999999,.58999997,.56,.46000001,.47999999,.50999999,.38999999,1.04,1.11,.23,.22,1.41,1.49,1.26,1.34,.15000001,.13,.67000002,.57999998,1.1,1.09,1.83,2.22,10.96108685622424,5.0106354,-6.9691968,0,10.961087,5.0106354,1,-6.9691968,0
21,21017,0,41,44,54,41,69,54,82,69,57,82,57,62,94,106,83,85,87,85,69,78,6.0980744,1.9459101,2.3978953,2.5649493,6.025866,3.583519,3.871201,3.3672957,3.3672957,4.6728287,1.7917595,3.6109178,2.9444389,3.6888795,3.9512436,5.7300997,4.7791233,8.5913725,3.9120231,3.9120231,6.568078,8.4281435,5.0751739,5.2781148,6.0210233,5.4467373,7.5943813,4.3820267,5.9242558,6.9874902,6.5638556,5.2983174,7.8578677,7.0290875,9.7151079,10.115974,9.7657185,9.8262825,9.6906033,9.9396267,9.8282785,9.5088882,9.7898149,9.8357973,9.9315405,8.8430376,9.9557953,9.6218538,9.2015018,9.562686,9.6522655,.31,.36000001,.25,.23999999,1.36,1.52,1.02,1.01,.31,.34,.75999999,.75999999,.77999997,.66000003,.69,.62,1.62,1.58,.57999998,.54000002,.80000001,.76999998,1.23,1.3099999,8.21,7.7399998,1.17,1.04,.79000002,.74000001,1.01,1.0599999,9.864538802397552,3.2580965,-7.4380989,0,9.8645391,3.2580965,1,-7.4380989,0
21,21019,0,37,18,28,37,36,28,28,36,28,28,28,39,19,36,38,32,23,26,25,14,7.2232957,3.1354942,3.4965076,3.0445225,7.166266,4.919981,4.8040209,4.882802,4.7621741,5.209486,2.8332133,4.5643482,3.713572,2.9957323,5.209486,7.0148144,6.0637851,10.202703,6.4216223,6.3508859,7.4259539,10.090341,7.5548587,7.5822291,7.8316174,7.0992017,9.054388,6.2878585,7.5953875,8.653471,6.7615728,6.8200164,9.6519442,8.774931,10.070526,10.27035,9.9433813,9.8952036,10.078911,10.071837,10.190131,10.201442,10.139073,10.39222,10.108996,8.8869619,10.454091,10.384493,9.3790703,9.8527203,9.7721825,.76999998,.73000002,.57999998,.46000001,.63999999,.54000002,1.0700001,1.09,.74000001,.63999999,1.53,1.54,.94999999,1.12,.72000003,.63999999,1.39,1.66,.77999997,.60000002,.85000002,.60000002,1.3,1.6,2,2.8299999,1.0700001,.80000001,.94999999,.82999998,1.16,.94999999,10.84251777137977,3.5263605,-7.7618618,0,10.842518,3.5263605,1,-7.7618618,0
21,21021,0,2,1,2,2,1,2,5,1,4,5,4,3,10,4,6,4,6,6,2,5,6.5453496,2.1972246,3.5263605,2.7080503,6.4583383,4.1431346,0,4.356709,4.0253515,4.6539602,2.0794415,3.8501475,3.5263605,0,4.4308167,6.2785215,5.2882671,9.4026127,4.3944492,6.4707994,6.6846118,9.2679491,6.7990561,0,7.2834482,5.9375362,8.2155476,5.3844953,6.7105231,8.107419,0,5.2522736,8.8386965,7.9837809,9.8322067,10.152766,9.776165,9.9425163,9.8237944,9.439784,0,9.9181299,9.7829571,10.083097,10.239781,8.7844687,10.113708,0,9.1057577,9.65098,9.6685877,.23,.23999999,1.46,1.25,.68000001,.75999999,1.04,1.05,.76999998,.44999999,0,0,1.22,1.38,.5,.38999999,1.34,1.49,.69999999,.79000002,.77999997,.63,1.67,1.86,0,0,.49000001,.36000001,.93000001,.85000002,1.17,1.1,10.15194791183413,0,-7.6671405,0,10.151948,0,1,-7.6671405,0
21,21023,0,1,1,1,1,1,1,1,1,2,1,2,1,1,1,1,1,1,1,2,1,4.8520303,2.3978953,2.3025851,2.4849067,4.5538769,1.0986123,1.3862944,1.9459101,2.0794415,2.3025851,0,2.3978953,0,0,0,4.4426513,3.7841897,7.075809,3.713572,3.4965076,5.556828,6.7452364,1.7917595,2.5649493,4.3174882,3.9702919,5.9532433,0,4.4426513,0,0,0,6.1420374,5.3565865,9.7495203,9.897872,9.7648573,9.6296425,9.7753134,9.4332438,9.1514397,9.0077343,9.6164722,10.131459,0,8.5105715,0,0,0,9.3373251,9.5057678,1.17,1.05,.75999999,.70999998,2.25,2,.86000001,.88999999,.050000001,.029999999,.23,.11,.63999999,.31999999,.72000003,.51999998,1.4299999,1.8099999,0,0,.82999998,.55000001,0,0,0,0,0,0,.64999998,.46000001,.87,.75,8.957510510291613,0,-7.8252649,0,8.9575109,0,1,-7.8252649,0
21,21025,0,13,10,15,13,11,15,18,11,11,18,11,18,25,17,30,17,21,21,25,13,5.6629605,2.3978953,2.9957323,2.3025851,5.5093884,2.8903718,2.0794415,2.8332133,2.7080503,3.2958369,1.3862944,3.1354942,0,0,2.9444389,5.3936276,4.8202815,8.2295113,4.1896548,5.5683446,6.2422233,7.9755645,4.0775375,4.2904596,6.2344108,4.9126549,6.8638034,3.6375861,5.529429,0,0,4.89784,7.5766096,6.7141705,9.9251509,9.9136858,10.003604,9.750453,9.9461641,10.050528,10.001113,9.5423746,9.993968,10.522046,9.7813196,8.7798653,0,0,9.181632,9.4656029,9.4184113,.58999997,.46000001,1.91,1.88,1.41,1.1799999,.93000001,.95999998,.16,.16,.41,.38999999,1.38,.98000002,.57999998,.50999999,1.12,1.76,.40000001,.25,.76999998,.56999999,0,0,0,0,1.12,.80000001,.85000002,.58999997,1.0599999,.70999998,9.661607055884954,2.3978953,-7.9483447,0,9.6616068,2.3978953,1,-7.9483447,0
21,21027,0,14,15,20,14,37,20,19,37,32,19,32,29,25,45,18,33,36,31,47,38,5.7137327,2.3978953,2.7080503,2.7080503,5.5683446,2.3025851,3.5553482,3.0910425,2.9444389,3.9889841,1.3862944,3.0910425,2.1972246,2.3025851,3.4011974,5.3375382,4.6151204,7.7927618,4.4543471,4.6634393,6.1202974,7.4821191,3.3322046,5.2417469,5.6240177,4.882802,6.0567842,3.2958369,5.3132062,5.1119876,4.2904596,3.9512436,7.207119,6.4457197,9.5290852,9.9012346,9.7453709,9.8487148,9.3868113,8.9836903,9.516942,9.3369732,9.7108736,9.450223,9.6068993,8.7051659,9.4234333,9.3240261,9.0309744,9.3658047,9.4677696,1.2,1.35,1.2,1.35,1.9299999,2.6600001,.88,.76999998,.12,.059999999,1.64,1.4400001,1.16,1,.87,.87,.76999998,.62,.44,.34999999,.97000003,.98000002,.41999999,.31999999,1.88,1.58,.67000002,.61000001,.91000003,.83999997,1.26,1.3099999,9.699656312254291,2.3978953,-8.2086449,0,9.6996565,2.3978953,1,-8.2086449,0
21,21029,0,99,91,121,99,108,121,99,108,133,99,133,152,177,170,177,163,150,150,146,150,6.251904,1.9459101,2.7725887,2.7080503,6.1737862,3.8501475,4.4426513,3.3322046,3.6109178,4.7535901,0,3.7612002,3.3322046,1.0986123,3.9889841,5.8971539,5.0172796,8.873188,4.1431346,4.9052749,7.1647205,8.6387024,5.3659759,6.0014148,5.2522736,5.433722,7.8160138,0,6.6644092,7.6255951,3.2580965,5.1704841,8.0602245,7.3231707,9.7038164,9.9764595,9.8467054,9.8345661,9.6638966,9.5542135,9.595603,9.675457,9.6688404,9.9599628,0,8.764678,10.020514,9.7635355,9.1753349,9.3491449,9.4127913,.30000001,.31,.51999998,.54000002,1.86,2.1199999,.94999999,.92000002,.31,.23,1.1900001,.94999999,.27000001,.28,.50999999,.41,1.53,1.7,0,0,1.27,1.15,1.75,2.03,.23,.25,.76999998,.68000001,.73000002,.55000001,1.03,.85000002,10.76989452248074,3.9120231,-7.8898969,0,10.769895,3.9120231,1,-7.8898969,0
21,21031,0,23,15,20,23,14,20,11,14,18,11,18,21,26,20,18,26,24,29,25,28,5.2626901,2.0794415,2.6390574,2.4849067,5.0689044,2.3025851,2.6390574,2.0794415,2.0794415,3.6375861,1.6094379,2.5649493,2.7080503,2.1972246,2.7080503,4.7957907,4.1431346,8.2106676,3.713572,4.5643482,6.1025586,8.0378666,3.9318256,4.356709,5.209486,4.2904596,7.7349963,3.2958369,4.5747108,7.5806999,5.5174527,3.4339871,6.6970344,5.8522024,9.5560551,9.8833361,9.7936172,9.5756779,9.5397158,9.1982679,9.6774025,9.2164221,9.6871338,9.6004887,9.4537573,8.4040241,9.4224634,10.415623,9.291091,9.345046,9.4973974,.38,.40000001,.70999998,.81999999,1.25,1.27,1.01,1,.14,.090000004,.44,.44999999,.50999999,.37,.31999999,.30000001,2.73,2.47,.28999999,.19,.30000001,.22,3.25,2.3900001,4.2199998,10.3,.25999999,.30000001,.36000001,.31999999,.46000001,.47999999,9.327678864393416,2.3025851,-7.694243,0,9.3276787,2.3025851,1,-7.694243,0
21,21033,0,16,17,19,16,18,19,12,18,15,12,15,23,25,29,21,23,27,30,32,30,5.6970935,1.9459101,3.0445225,2.6390574,5.5451775,2.6390574,2.8903718,3.1354942,2.9957323,3.8501475,1.3862944,3.2580965,2.9957323,2.1972246,3.5263605,5.3423343,4.4886365,8.1645107,4.2046928,5.4638319,6.0473723,7.9334383,4.1271343,4.6151204,5.8777356,4.9767337,6.856462,3.6888795,5.8636312,6.605298,4.7004805,4.4886365,7.5164332,6.6745615,9.5861712,10.151675,9.8025618,9.7853231,9.5113335,9.2136345,9.7396145,9.4674597,9.8892365,9.6502714,10.084725,8.7436914,9.6219196,9.7473602,9.1753349,9.431241,9.5193682,.63999999,.88,1.84,2.0699999,1.24,1.51,.94999999,.88999999,.18000001,.11,.60000002,.63,1.03,.94999999,.66000003,.74000001,1.1900001,1.09,.44999999,.54000002,1.15,1.15,1.28,1.12,1.95,2.3800001,.79000002,.79000002,.86000001,.80000001,1.09,1.13,9.490393417263473,2.7725887,-7.6307325,0,9.4903936,2.7725887,1,-7.6307325,0
21,21035,0,54,57,44,54,52,44,60,52,76,60,76,63,74,88,104,105,104,101,122,101,6.5567784,2.3978953,0,0,6.4676986,3.9702919,4.4067192,4.2484951,3.9318256,4.7791233,2.0794415,3.9120231,3.4011974,2.0794415,4.1743875,6.2633982,5.4293456,9.3177586,4.4998097,0,0,8.9949169,5.2983174,6.3647509,6.43294,5.7268476,7.9803658,4.9558272,6.7511015,7.7463007,3.3672957,5.556828,8.5446138,7.9208097,9.7192039,10.094026,0,0,9.6443281,9.6837759,9.657011,9.9145756,9.7431431,9.8160763,9.7674961,8.5919294,9.8507195,9.940012,9.3113613,9.5316992,9.581007,.27000001,.31,0,0,0,0,.87,.81,.19,.16,1.09,.92000002,.56999999,.72000003,.44,.37,1.15,1.1,.5,.38999999,.88,.66000003,1.27,1.22,.16,.20999999,.73000002,.73000002,.75999999,.68000001,1.1900001,1.16,10.33315734934111,3.8918202,-7.7912436,0,10.333158,3.8918202,1,-7.7912436,0
21,21037,0,171,207,198,171,208,198,247,208,224,247,224,269,303,301,370,302,364,318,316,367,7.1747241,2.3025851,2.6390574,3.4965076,7.130899,4.7361984,0,4.9416423,4.6051702,5.602119,2.1972246,5.1761498,4.4067192,0,4.919981,6.8855095,5.7137327,9.9617567,5.8230457,7.3244901,7.8168201,9.7328768,6.5567784,0,8.0196133,6.9236288,8.3723984,4.7621741,7.9124231,7.9983354,0,6.9167151,9.4365196,8.2743568,9.8590651,10.199175,9.913537,9.8985758,9.8398018,9.823307,0,9.9298859,10.037144,10.197425,10.382699,8.901639,10.262106,0,9.8389492,9.6792812,9.6188679,.54000002,.58999997,1.96,1.88,1.2,1.25,.94999999,.94999999,.34999999,.28999999,0,0,1.46,1.63,.76999998,.75999999,.89999998,1.09,.22,.27000001,1.48,1.3200001,.86000001,1.08,0,0,1.49,2.1900001,.97000003,.88,.88999999,.77999997,11.33697556598312,4.6728287,-7.6538839,0,11.336975,4.6728287,1,-7.6538839,0
21,21039,0,5,5,4,5,2,4,2,2,3,2,3,5,3,3,3,8,4,8,3,13,4.5538769,2.0794415,2.3978953,2.3025851,4.1896548,0,1.3862944,1.3862944,1.7917595,2.4849067,0,0,1.7917595,0,2.0794415,3.9889841,3.2958369,6.5206213,3.1354942,3.6635616,5.0039463,6.1484685,0,2.4849067,2.7080503,3.8918202,5.1817837,0,0,5.0875964,0,2.7080503,5.6698809,5.1119876,9.5412254,9.9001322,9.7125082,9.7470675,9.4249678,0,9.6173372,10.366498,9.6866989,9.510519,0,0,9.5108156,0,8.9122038,9.3685398,9.2504263,1.14,1.28,1.5700001,1.71,2.26,2.77,.81999999,.74000001,0,0,.37,.34,.22,.51999998,1.15,1.12,1.15,.97000003,0,0,0,0,1.46,1.1900001,0,0,.69,.54000002,.69999999,.63999999,1.1799999,.98000002,8.563695025067657,1.3862944,-7.6863761,0,8.563695,1.3862944,1,-7.6863761,0
21,21041,0,21,19,26,21,17,26,20,17,27,20,27,34,36,37,34,39,37,24,34,35,5.433722,1.9459101,2.7725887,2.6390574,5.2574954,2.5649493,0,2.6390574,0,3.4965076,0,2.9444389,2.5649493,0,2.9444389,5.0751739,4.3040652,8.3728609,3.5263605,5.7037826,6.0684257,8.1783581,5.0304379,0,4.9416423,0,7.5632005,0,5.768321,7.4667993,0,3.9889841,7.4000096,6.7900972,9.9491777,10.083222,9.6230459,9.8183107,9.9853897,9.4186544,0,9.2522497,0,10.218042,0,8.7390556,10.241174,0,9.0184536,9.6166048,9.8730803,.27000001,.23999999,1.9,1.24,1.03,.89999998,.98000002,1.04,.37,.19,0,0,.33000001,.17,0,0,1.96,2.21,0,0,.85000002,.58999997,2.47,2.78,0,0,.38999999,.23,.62,.47999999,.99000001,1.02,9.136909093890299,2.3025851,-7.9504857,0,9.1369095,2.3025851,1,-7.9504857,0
21,21043,0,1,1,0,1,0,0,1,0,1,1,1,1,0,1,0,0,1,1,1,0,5.9914646,2.1972246,2.8903718,2.0794415,5.8998976,3.4339871,3.6375861,2.9957323,3.6109178,4.3040652,1.3862944,3.3322046,3.0445225,2.7725887,3.6635616,5.6733232,4.882802,8.3927631,4.2046928,5.4026775,6.5652652,8.1362257,4.919981,5.4764633,5.267858,5.4380794,7.0992017,5.0039463,5.811141,6.6732979,5.1984968,4.9628448,7.698483,6.9255953,9.5517998,10.02389,9.6586094,9.8564482,9.4539919,9.3059235,9.8157482,9.3027372,9.6659279,9.5889826,9.3782253,8.7237196,9.4095192,9.9123974,9.2921047,9.3712683,9.4754696,.50999999,.63999999,1.38,1.39,1.65,2.24,.92000002,.85000002,.31999999,.22,1.13,1.3200001,.44999999,.36000001,.82999998,.76999998,1.21,1.08,1.3200001,.82999998,.87,.88,1.09,.80000001,2.5599999,3.79,1.02,1.17,.81999999,.74000001,1.11,1.15,10.09987636654152,0,-7.8897171,0,10.099876,0,1,-7.8897171,0
21,21045,0,5,3,2,5,12,2,4,12,1,4,1,5,5,9,4,6,7,5,7,7,5.3565865,2.0794415,2.6390574,2.3025851,5.1929569,0,0,2.3025851,2.3025851,4.1108737,0,2.5649493,3.4657359,0,2.5649493,4.7791233,4.1896548,7.9571772,3.7376697,4.5108595,6.1333981,7.7244468,0,0,4.4773369,4.0430512,7.3588309,0,5.0039463,7.207119,0,3.7841897,6.5410299,5.771441,9.4674597,9.8253641,9.7039995,9.7231636,9.3863087,0,0,8.9378748,9.8089018,9.4353218,0,8.6557369,9.4074688,0,9.1989765,9.2654915,9.3242941,.5,.55000001,.87,1,1.66,2.1400001,.94999999,.88999999,0,0,0,0,.31,.19,.31999999,.37,2.4200001,2.02,0,0,.60000002,.62,2.8800001,2.29,0,0,.47999999,.55000001,.40000001,.34999999,.54000002,.51999998,9.561771591591862,0,-6.9260783,0,9.5617714,0,1,-6.9260783,0
21,21047,0,77,103,105,77,139,105,118,139,106,118,106,122,150,169,189,155,153,148,171,156,7.1147695,3.2188759,3.583519,3.3322046,7.0396605,4.7273879,4.5538769,4.5747108,4.6728287,5.1761498,2.1972246,4.6728287,4.2195077,2.7080503,5.09375,6.8710914,5.9135032,10.059636,8.4162674,7.075809,7.3336763,9.6894274,7.1770186,6.20859,7.5999022,6.767343,8.5739517,5.572154,7.4690838,8.4407444,5.09375,6.300786,9.2922888,8.3233662,9.7479439,9.8626137,9.8091221,9.935955,9.6878777,9.1158094,9.7813768,9.7357788,9.787796,9.983407,9.9667444,8.852951,9.9963398,10.155296,9.2588444,9.504427,9.6016388,6.5300002,5.6999998,1.38,1.34,.67000002,.81,.82999998,.79000002,.57999998,.27000001,.44999999,.41,.87,.88999999,.58999997,.50999999,.99000001,1.09,.44,.41,.86000001,.81999999,1.21,1.3099999,.43000001,.68000001,.73000002,.67000002,.75999999,.64999998,.85000002,.81999999,11.14100634533264,4.0775375,-7.4051981,0,11.141006,4.0775375,1,-7.4051981,0
21,21049,0,26,15,29,26,28,29,14,28,18,14,18,11,20,26,17,7,19,28,18,12,6.4281054,2.0794415,2.8332133,2.6390574,6.363028,4.1108737,0,3.9702919,3.8918202,4.6249728,1.6094379,3.8918202,3.6635616,0,4.4067192,6.1696105,5.187386,9.2076368,4.8598123,4.7957907,6.8895912,9.0757799,6.5820251,0,6.5323343,5.7745514,8.1972637,5.2040067,6.7684932,8.0446262,0,5.4293456,8.5389547,7.6492162,9.8456993,10.298734,9.7917738,9.7949553,9.8435249,10.15448,0,9.7893667,9.7091141,10.018021,10.32869,8.7951279,10.040725,0,9.1465483,9.697938,9.6817179,.44,.54000002,.33000001,.28999999,1.01,.95999998,1.05,1.0599999,.75,.88999999,0,0,.69999999,.69,.51999998,.37,1.6,1.64,.70999998,.86000001,1,.81,1.91,1.95,0,0,.72000003,.52999997,.83999997,.79000002,1.02,.95999998,10.29200993991398,1.9459101,-7.6739039,0,10.29201,1.9459101,1,-7.6739039,0
21,21051,0,2,1,2,2,3,2,1,3,3,1,3,1,2,2,2,2,1,3,4,2,5.7868972,2.3978953,2.9957323,2.1972246,5.655992,3.2188759,2.8903718,3.0910425,2.7080503,3.9318256,1.3862944,2.9957323,2.3025851,3.1354942,2.9957323,5.4595857,4.8751974,8.2485294,4.4543471,5.6058021,6.650279,7.8976684,4.8362818,4.4773369,5.9532433,4.7621741,6.4692502,3.2580965,5.5683446,6.0567842,4.8751974,4.4886365,7.623642,6.9488974,9.6456232,9.9580708,9.9093208,9.7792273,9.5587416,9.944438,9.6943083,9.7190237,9.6190672,9.569273,9.5864449,8.7702837,9.3999681,9.9185238,9.6299057,9.555418,9.5540724,.75999999,.81,1.95,2.3,2.0799999,2.3800001,.83999997,.77999997,.34,.40000001,.47999999,.44999999,1.02,1.15,.49000001,.38999999,.74000001,.58999997,.27000001,.19,.79000002,.75999999,.68000001,.44999999,2.1400001,2.9000001,.73000002,1.08,.88,.87,1.3200001,1.33,9.987185111557695,0,-7.9494028,0,9.9871855,0,1,-7.9494028,0
21,21053,0,0,0,0,0,0,0,0,0,0,0,0,0,1,0,0,0,0,0,0,0,5.3327188,2.0794415,2.9444389,2.1972246,5.1416636,2.3025851,2.5649493,2.3978953,2.4849067,3.6375861,0,2.5649493,2.6390574,2.3978953,0,4.8903489,4.2341065,7.6629376,3.4657359,4.3820267,5.9162021,7.4061036,2.5649493,4.4308167,5.2257466,4.1896548,6.7322106,0,4.89784,6.5666723,3.7841897,0,6.6933236,5.872118,9.3814325,9.9690876,9.7875719,9.514142,9.3068314,9.0559063,10.032013,9.5248594,9.435482,9.3002729,0,8.947156,9.1341066,9.6495628,0,9.3135281,9.2913675,.50999999,.72000003,1.03,1.4,1.79,2.04,.92000002,.87,.059999999,.039999999,.82999998,1.42,.88999999,1.0700001,.5,.43000001,1.73,1.38,0,0,.73000002,1.09,2.04,1.34,1.29,1.74,0,0,.62,.63,.81,.81999999,9.119868468812108,0,0,0,9.1198683,0,0,0,0
21,21055,0,9,17,17,9,16,17,13,16,8,13,8,23,19,27,23,18,16,25,16,28,5.0998664,2.1972246,2.3978953,2.3025851,4.9052749,2.6390574,2.4849067,2.3978953,2.7725887,3.2958369,0,2.3025851,2.3978953,1.3862944,0,4.6821313,3.6888795,7.5683794,3.4965076,3.583519,5.7170277,7.3543625,4.5217886,3.7376697,5.6240177,4.2626801,6.4118185,0,4.6634393,6.2952662,3.1780539,0,6.8606639,5.8493247,9.5881605,9.859745,9.7479439,9.5802469,9.5791416,9.3652048,9.8940935,9.5662651,9.6390657,9.8093414,0,8.5506277,9.8046064,9.7590971,0,9.3987265,9.3486233,.57999998,.58999997,.50999999,.54000002,1.61,1.6,.97000003,.97000003,.49000001,.34,.44999999,.56,1.45,1.48,.58999997,.50999999,1.38,1.49,0,0,.63,.51999998,1.71,1.79,.76999998,.94999999,0,0,.81,.73000002,.87,.75999999,9.126523885883072,2.3025851,-7.9364209,0,9.126524,2.3025851,1,-7.9364209,0
21,21057,0,15,13,10,15,18,10,13,18,16,13,16,11,14,13,18,15,14,10,10,13,5.0369525,2.0794415,2.7725887,2.3025851,4.7874918,0,0,2.3025851,2.3025851,3.2580965,0,2.3025851,2.4849067,0,0,4.5432949,3.8066626,7.4662275,3.4011974,4.0943446,5.3033047,7.284821,0,0,5.4971681,4.8520303,6.605298,0,4.3307333,6.5638556,0,0,6.5778613,5.4380794,9.4052486,9.8288717,9.6625614,9.750802,9.3221502,0,0,9.456419,9.3491449,9.312355,0,8.6464653,9.3267889,0,0,9.3321152,9.3767862,.57999998,.69,.94,1.1,1.1799999,1.67,1,.93000001,0,0,0,0,1.42,1.55,1.17,.92000002,1.86,1.46,0,0,.5,.54000002,2.48,1.9299999,0,0,0,0,.68000001,.68000001,.63999999,.69,8.822322177471738,2.3978953,-7.7252793,0,8.8223219,2.3978953,1,-7.7252793,0
21,21059,0,237,257,220,237,263,220,251,263,240,251,240,216,335,328,317,298,298,303,318,296,7.629004,2.9444389,3.6375861,3.1354942,7.5893359,5.220356,5.4595857,5.4161005,5.1119876,5.9506426,2.4849067,5.0498562,4.6051702,3.8918202,5.5012584,7.3733745,6.403574,10.4408,5.6698809,6.2441669,8.403801,10.273636,7.4627891,7.6605854,8.0570602,7.4413204,9.0865898,6.4892049,8.1274042,8.7229061,6.3473892,7.029973,9.909668,9.0295372,9.8568678,10.308986,9.8724098,9.935955,9.8379889,9.6242361,9.9270573,10.039416,9.8820601,10.061772,10.114396,8.9213238,10.106306,10.04042,9.4038486,9.7213058,9.783577,.28999999,.34999999,.41,.38,1.34,1.45,1.01,1.01,.52999997,.36000001,1.3,1.25,.94,1.17,.80000001,.68000001,1.13,1.2,.75,.72000003,1.14,1.04,1.1,1.1799999,1.04,1.29,1.04,.99000001,.97000003,.92000002,1.1799999,1.22,11.37583345515091,4.9698133,-7.6316833,0,11.375834,4.9698133,1,-7.6316833,0
21,21061,0,4,6,7,4,3,7,6,3,13,6,13,9,7,14,16,28,13,24,18,15,4.8202815,2.1972246,2.4849067,2.0794415,4.5643482,1.7917595,0,1.9459101,2.3025851,3.1354942,0,2.1972246,0,0,0,4.2904596,3.5263605,7.231287,5.4293456,3.6109178,5.7203116,6.6995006,2.9957323,0,3.5553482,4.2341065,5.6204009,0,5.3132062,0,0,0,6.2822666,5.1357985,9.5676651,9.9271069,9.7183018,9.7404394,9.3444338,9.2422266,0,9.8796043,9.4184923,9.2962427,0,9.181838,0,0,0,9.3683691,9.3326464,5.5700002,6.23,.73000002,.77999997,2.27,2.7,.69999999,.56999999,.15000001,.090000004,0,0,.25999999,.36000001,.80000001,.56999999,.88,.57999998,0,0,1.6900001,2.6700001,0,0,0,0,0,0,.63999999,.56999999,.58999997,.51999998,9.24541789858888,1.3862944,-8.0310507,0,9.2454176,1.3862944,1,-8.0310507,0
21,21063,0,8,4,6,8,9,6,8,9,4,8,4,9,7,11,14,13,8,5,13,7,4.2195077,1.9459101,2.3978953,0,3.7841897,0,0,1.7917595,0,1.6094379,0,0,0,0,1.3862944,3.6635616,3.0445225,6.1484685,2.8332133,3.5553482,0,5.209486,0,0,2.6390574,0,2.8903718,0,0,0,0,2.7725887,5.1059456,4.5217886,9.5744276,9.704915,9.7462492,0,9.4031076,0,0,8.8152218,0,9.2202911,0,0,0,0,8.8787756,9.4210062,9.5082207,1.23,1.09,2.05,2.2,0,0,.47,.40000001,0,0,0,0,.30000001,.15000001,0,0,.17,.1,0,0,0,0,0,0,0,0,1.0700001,.81,.57999998,.54000002,.94999999,.99000001,8.772610303280743,1.9459101,-7.8835559,0,8.7726107,1.9459101,1,-7.8835559,0
21,21065,0,1,1,1,1,1,1,1,1,1,1,1,1,1,1,1,1,1,1,1,1,5.5093884,2.1972246,2.8903718,2.5649493,5.3327188,2.1972246,3.1780539,2.7080503,2.8903718,3.7376697,1.9459101,2.7725887,2.3978953,0,3.2188759,5.1059456,4.3438053,7.671361,3.6109178,4.0604429,6.1377273,7.3702307,2.8903718,4.1108737,5.1984968,4.6821313,6.4393506,3.4657359,5.1239638,6.0038872,0,3.583519,6.8679743,6.0354815,9.5686436,9.9388065,9.8888311,9.7523737,9.481741,9.1824551,9.052516,9.3234015,9.6880016,9.7582884,9.8353157,8.5312929,9.5249319,0,9.1856375,9.249176,9.2257214,.57999998,.66000003,.74000001,.93000001,2.22,2.6700001,.88,.81999999,.090000004,.050000001,.60000002,.31999999,.86000001,.69999999,.81,.75,1.28,1.34,.57999998,.56,.89999998,.74000001,1.15,.93000001,0,0,.52999997,.54000002,.74000001,.57999998,.94,.74000001,9.589735252351163,0,-7.8861604,0,9.589735,0,1,-7.8861604,0
21,21067,0,942,1045,1099,942,1275,1099,1333,1275,1158,1333,1158,1616,1596,1967,1781,1546,1697,1618,1512,1664,8.7804804,3.713572,4.1431346,2.9957323,8.7612371,6.8793559,6.5722823,6.4645882,6.4425402,7.0003343,4.4067192,6.3171649,5.6419072,4.6051702,6.7153835,8.572628,7.3658128,11.856898,8.6784611,9.5171633,8.9501438,11.642883,9.9223089,8.8883429,9.483264,9.0830746,9.9419384,8.1650791,9.6335802,9.3809271,7.4247618,8.6017179,11.441376,10.186597,10.008748,10.281582,10.114639,10.088597,9.9729671,10.442142,9.96383,10.091625,9.9788265,10.047372,10.155491,9.0731449,10.122663,9.8153114,9.6044073,9.9555578,9.7417326,1.41,1.4400001,2.6400001,2.6600001,.56,.61000001,.97000003,.94,1.5,2.01,1.08,.92000002,.94999999,1.0700001,1,.80000001,.64999998,.57999998,.98000002,.83999997,1.25,1.13,.50999999,.47999999,.74000001,.63,1.21,1.21,1.08,1.12,.91000003,.76999998,12.325481026264,6.7369671,-7.4648957,1,12.325481,6.7369671,1,-7.4648957,1
21,21069,0,21,23,30,21,38,30,49,38,27,49,27,28,33,43,47,49,36,38,36,32,5.5254531,2.1972246,2.8903718,2.5649493,5.3565865,2.0794415,2.7725887,2.5649493,2.7725887,3.5263605,0,2.4849067,2.5649493,1.6094379,0,5.1817837,4.5217886,8.0020247,3.9702919,5.267858,6.3189683,7.6898289,3.583519,4.3174882,5.1984968,4.7535901,6.8023949,0,4.4998097,6.6669569,3.6635616,0,7.1592917,6.6554403,9.5792799,9.9065332,10.034515,9.6783419,9.4883509,9.0428677,9.9052362,9.5374117,9.6936302,9.4949932,0,8.6434736,9.4506159,9.3877335,0,9.4836445,9.5317717,.60000002,.63999999,1.78,2.54,1.91,2.1099999,.87,.81,.13,.059999999,.52999997,.64999998,.62,.61000001,.62,.57999998,1.3200001,1.05,0,0,.34999999,.31,1.61,1.1900001,.81,.69,0,0,.70999998,.69999999,1.26,1.33,9.416703923250376,1.7917595,-8.4760695,0,9.4167042,1.7917595,1,-8.4760695,0
21,21071,0,107,82,92,107,121,92,88,121,103,88,103,106,106,140,161,101,144,127,111,104,6.8068295,2.8903718,3.583519,3.0910425,6.7202201,4.2484951,3.9318256,4.4308167,3.9318256,5.1532917,2.7725887,3.8066626,2.8332133,4.6539602,4.0430512,6.4861608,5.811141,9.3411055,5.1179938,6.2989492,7.1838708,9.144948,5.9348941,6.4630294,7.3827462,6.2633982,8.0130119,5.4116459,6.3699012,6.0234475,7.5837564,5.3082676,8.7558947,7.9466176,9.8520365,10.039591,9.8436842,9.8045511,9.8553476,9.7422028,9.9105625,9.8003464,9.8697758,10.101806,9.8940935,8.9296999,9.7886381,10.209022,9.6693459,9.7126904,9.7244806,.49000001,.47,1.3099999,1.1799999,1.1900001,1.13,.98000002,1,.34999999,.27000001,1.1799999,1.12,1.4299999,1.42,.74000001,.62,1.16,1.29,.76999998,.60000002,.58999997,.54000002,.22,.17,10.76,15.9,.56,.69,.91000003,.86000001,1.2,1.17,10.68249127685576,4.6051702,-7.8789878,0,10.682491,4.6051702,1,-7.8789878,0
21,21073,0,148,166,144,148,167,144,196,167,216,196,216,235,227,236,280,228,217,212,252,247,6.9911771,3.0445225,5.0369525,2.7725887,6.7979403,4.7361984,0,4.3307333,4.5108595,4.919981,2.7080503,4.4886365,3.6888795,0,4.8520303,6.6320019,5.5093884,10.245728,5.9584246,9.4516382,7.4036703,9.5033083,6.5294189,0,7.2320104,6.8276291,8.4867344,6.1484685,7.4277387,8.2679625,0,6.3969297,9.0541544,7.9420066,9.9196558,10.280245,10.062157,9.8692579,9.7548132,9.9423237,0,9.7256756,9.8419847,9.9797077,10.206292,8.8190737,9.9514675,0,9.6653576,9.6004887,9.513773,.46000001,.51999998,12.37,12.95,.60000002,.56999999,.56999999,.49000001,.25,.22,0,0,.5,.43000001,.51999998,.40000001,.75999999,.69,.64999998,.63999999,.69,.52999997,.83999997,.73000002,0,0,.67000002,.77999997,.5,.38999999,.47999999,.36000001,10.68695521229612,4.3944492,-7.5953617,0,10.686955,4.3944492,1,-7.5953617,0
21,21075,0,5,7,2,5,5,2,5,5,1,5,1,2,5,3,7,5,1,2,4,8,5.4249501,1.6094379,2.8332133,2.8332133,5.2417469,2.8903718,2.0794415,2.8903718,2.8332133,3.0910425,1.3862944,2.7080503,2.4849067,0,2.6390574,5.1179938,4.3944492,7.9779682,3.713572,4.2484951,5.894403,7.8005729,4.0775375,3.1780539,5.6204009,4.7791233,6.9930153,3.5263605,5.2470241,6.9660244,0,3.4657359,7.2100797,6.4661446,9.5544262,10.147335,9.6762104,9.8031702,9.4932613,9.5915813,9.8139458,9.4551668,9.5724802,9.6329899,9.6291161,8.4431162,9.6322041,0,9.3115425,9.3646049,9.4203577,.47,.67000002,.66000003,.67000002,1.28,1.64,1,.95999998,.20999999,.19,.17,.2,.95999998,.91000003,.64999998,.55000001,1.64,1.53,.46000001,.36000001,.75,.56999999,2.22,2.02,0,0,.34,.41,.75999999,.68000001,1.0700001,1.04,9.020510699691906,0,-7.2811265,0,9.0205107,0,1,-7.2811265,0
21,21077,0,12,11,12,12,6,12,14,6,15,14,15,17,19,14,26,14,15,18,13,9,4.5643482,2.0794415,2.3025851,2.3025851,4.2195077,2.3978953,0,0,1.9459101,2.1972246,0,2.0794415,1.3862944,0,0,4.0775375,3.2580965,6.7250338,3.4657359,3.4965076,5.1761498,6.3818159,3.1354942,0,0,3.4965076,4.5643482,0,3.871201,4.4543471,0,0,6.2045579,5.9135032,9.5525103,10.179641,9.7368422,9.5432348,9.4957447,9.2167196,0,0,9.5600815,9.1778173,0,8.7145672,9.1269588,0,0,9.5471697,9.6442633,1.3,1.87,1.08,1.1799999,2.1800001,2.1600001,.85000002,.81,.28999999,.18000001,0,0,0,0,.63,.52999997,.50999999,.30000001,0,0,.66000003,.66000003,.63,.34999999,0,0,0,0,.98000002,1.05,2.1500001,2.6099999,8.592857095337227,1.9459101,-7.2984362,0,8.5928574,1.9459101,1,-7.2984362,0
21,21079,0,23,26,32,23,26,32,39,26,42,39,42,42,38,58,50,47,66,55,72,47,5.3565865,1.9459101,2.7080503,2.0794415,5.1984968,2.3025851,3.2958369,2.5649493,2.7725887,3.7376697,0,3.0445225,0,0,0,4.934474,4.1108737,7.6577554,3.5553482,4.0253515,6.182085,7.3414841,3.8918202,5.57973,5.3518581,3.8286414,6.555357,0,4.7535901,0,0,0,6.7334018,5.8289456,9.515543,9.9677763,9.8072519,9.6365881,9.4477816,9.4427214,9.7532463,9.6574593,9.7621546,9.5315542,0,8.6820297,0,0,0,9.3717785,9.1906481,.56,.68000001,.72000003,.88999999,2.3499999,2.6500001,.87,.82999998,.23999999,.19,2.6199999,2.99,1.01,1.21,.34999999,.37,1.46,1.28,0,0,.63,.63,0,0,0,0,0,0,.64999998,.61000001,.77999997,.62,9.356948391612272,2.1972246,-7.9500852,0,9.3569489,2.1972246,1,-7.9500852,0
21,21081,0,20,15,17,20,20,17,22,20,23,22,23,18,23,48,31,19,25,24,31,15,5.6276212,2.3978953,2.6390574,2.7725887,5.4722705,2.5649493,3.5263605,2.8903718,3.0445225,3.8066626,1.6094379,3.2580965,2.3025851,0,3.4011974,5.2626901,4.3820267,8.1501789,3.9120231,4.8675346,6.2934194,7.9168077,4.1743875,5.0106354,5.5373344,5.2257466,6.4216223,3.7376697,6.1984787,6.1355648,0,4.3040652,7.6629376,6.9236288,9.6111946,9.9795685,10.029503,9.7364292,9.5503778,9.4385109,9.7590971,9.5887766,9.618535,9.871171,10.441559,8.858511,9.9068813,0,9.1894236,9.4346828,9.5099258,.49000001,.55000001,1.03,1.41,1.61,1.8200001,.94999999,.89999998,.2,.14,.91000003,.94,.75,.75999999,.86000001,.72000003,.77999997,.87,.47,.80000001,1.64,1.79,.81,.92000002,0,0,.67000002,.66000003,1.01,.92000002,1.42,1.42,9.663769906600864,1.7917595,-8.1803656,0,9.6637697,1.7917595,1,-8.1803656,0
21,21083,0,61,72,57,61,69,57,57,69,58,57,58,58,79,67,93,102,91,83,102,124,6.4167323,2.5649493,3.2580965,3.0445225,6.3135481,3.7376697,4.2626801,3.871201,4.0073333,4.8121843,1.7917595,3.8918202,3.8286414,1.7917595,3.9512436,6.0614572,5.1817837,9.2433882,5.0625949,5.7807436,6.8895912,9.0906553,5.2983174,5.7807436,6.8987145,5.9914646,8.3898144,4.89784,6.3613024,8.2842522,4.7621741,5.1298985,8.4051437,7.5999022,9.8747797,10.149957,9.9024868,9.8263903,9.8733377,9.5001698,9.6571398,9.5525103,9.6370449,10.149722,10.05938,8.5606356,10.182747,10.087932,9.2252293,9.497097,9.5805931,.51999998,.52999997,.86000001,.80000001,.98000002,.93000001,1.03,1.04,.2,.12,.66000003,.47,.97000003,.73000002,.62,.40000001,1.87,2.1300001,.50999999,.44999999,.64999998,.40000001,2.3399999,2.6800001,.70999998,.91000003,.50999999,.40000001,.70999998,.52999997,.93000001,.76999998,10.42079214239983,3.1354942,-7.9930434,0,10.420793,3.1354942,1,-7.9930434,0
21,21085,0,11,12,7,11,9,7,16,9,15,16,15,17,20,27,17,19,14,16,22,17,6.0112672,2.3025851,2.9957323,2.5649493,5.8998976,2.9957323,3.8501475,3.3322046,3.4657359,4.4773369,0,3.4657359,3.6375861,1.3862944,3.2958369,5.6240177,4.9126549,8.6115942,4.356709,5.0875964,6.7417006,8.3911762,4.3438053,5.3612924,5.7930136,5.267858,7.7389235,0,5.8081427,7.6372342,2.1972246,4.4998097,7.6553907,6.9884133,9.5633888,9.9581175,9.5088882,9.7843657,9.5077009,9.2802391,9.3996372,9.3191051,9.6124001,9.6180696,0,8.6052036,9.6395216,9.1646109,9.181941,9.3719492,9.5049486,.47999999,.56,.81,.69,1.58,1.98,.95999998,.92000002,.15000001,.1,.81,.62,.61000001,.49000001,.56999999,.49000001,1.84,1.6799999,0,0,.69999999,.62,2.3,2.0899999,.1,.07,.50999999,.51999998,.63,.56999999,.94999999,1,9.954655839110528,1.7917595,-7.413763,0,9.9546556,1.7917595,1,-7.413763,0
21,21087,0,1,1,1,1,1,1,1,1,1,1,1,1,1,1,1,1,1,2,1,1,5.3033047,2.0794415,2.7080503,2.1972246,5.1357985,0,0,2.7725887,2.4849067,3.6109178,0,2.6390574,2.6390574,0,2.9444389,4.882802,4.0604429,7.6998425,3.4657359,4.2341065,5.971262,7.4465852,0,0,5.1179938,4.3820267,6.9017372,0,4.5217886,6.8276291,0,3.871201,6.5792513,5.6167712,9.5402918,9.9494162,9.749404,9.7578259,9.4628878,0,0,9.3885698,9.7404976,9.5751228,0,8.6077652,9.5832825,0,8.9967756,9.2837763,9.2247362,.49000001,.57999998,.86000001,.95999998,1.83,2.27,.93000001,.87,0,0,0,0,.76999998,.69,.57999998,.57999998,1.98,1.77,0,0,.47999999,.44,2.55,2.24,0,0,.68000001,.60000002,.54000002,.44999999,.60000002,.49000001,9.246768728589734,0,-7.6080937,0,9.246769,0,1,-7.6080937,0
21,21089,0,54,54,57,54,81,57,56,81,52,56,52,81,79,77,70,83,91,67,87,71,6.1202974,2.1972246,2.8903718,2.9444389,6.0137153,3.7376697,0,3.9702919,3.4657359,4.1271343,0,3.1780539,2.1972246,0,0,5.8493247,5.0304379,9.0511103,4.4188404,5.0689044,6.9939332,8.8811417,7.2130318,0,7.0422864,5.5834961,7.731492,0,5.872118,7.5755849,0,0,8.5002508,7.3808789,10.136898,10.0619,9.6768379,9.8454876,10.183087,10.622083,0,9.9032879,9.8240118,10.442347,0,8.6663027,10.521075,0,0,10.03548,9.6009626,.33000001,.23999999,.50999999,.28999999,1.3099999,.98000002,1.01,1.0700001,1.66,2.3299999,0,0,1.36,1.12,.5,.30000001,1.17,1.38,0,0,.47999999,.25999999,1.4,1.73,0,0,0,0,.94999999,.93000001,.91000003,.58999997,10.51167579386888,4.0073333,-7.8731642,0,10.511676,4.0073333,1,-7.8731642,0
21,21091,0,10,2,12,10,16,12,7,16,10,7,10,11,18,9,13,16,19,10,16,9,5.0039463,1.7917595,2.1972246,1.9459101,4.8441873,2.8332133,0,2.3025851,2.0794415,3.6375861,0,1.9459101,2.7725887,0,0,4.4886365,3.4657359,8.2880316,3.0910425,3.2958369,5.7300997,8.1939526,4.3820267,0,3.8501475,3.8501475,8.0196133,0,3.7376697,7.9554253,0,0,6.363028,5.655992,10.426498,9.9635944,9.6289186,9.7461901,10.473647,10.091211,0,9.6432257,9.6021118,10.559867,0,8.6125031,10.590063,0,0,9.8347263,10.019313,.19,.090000004,.19,.079999998,.80000001,.40000001,1.09,1.16,.20999999,.13,0,0,.12,.059999999,.19,.07,3.3599999,3.3199999,0,0,.12,.050000001,4.3800001,4.3400002,0,0,0,0,.23999999,.14,.34999999,.25999999,8.970050661827003,0,-4.4842176,0,8.9700508,0,1,-4.4842176,0
21,21093,0,233,166,219,233,230,219,230,230,238,230,238,314,357,364,382,376,391,307,345,351,7.3524413,3.2188759,3.713572,3.1354942,7.2943773,4.9972124,5.1984968,5.0998664,4.8520303,5.5606818,3.0910425,4.8903489,4.2341065,2.3978953,5.0875964,7.1000271,6.1202974,10.369891,8.7989073,6.7615728,8.1373959,9.9510393,6.9744787,7.1041441,7.4448333,7.0690236,8.709795,6.7093043,8.0971222,8.474494,4.0073333,6.7105231,9.6099215,8.7028427,9.7840843,9.9456367,9.9271555,9.9270573,9.6932602,9.7183018,9.7505693,10.000705,9.7114792,10.016906,9.9402056,8.8623419,10.075927,9.8868504,9.3805895,9.5244207,9.4837971,7.02,6.4299998,.74000001,.77999997,1.1,1.27,.79000002,.73000002,.34999999,.28,.80000001,.69,.55000001,.69999999,.58999997,.44999999,.83999997,.91000003,1.01,.87,1.1900001,1.09,.92000002,1.03,.11,.12,.81,.81,.76999998,.63999999,.91000003,.75,11.39908464854647,4.8121843,-7.8333983,0,11.399085,4.8121843,1,-7.8333983,0
21,21095,0,37,27,25,37,36,25,39,36,27,39,27,27,33,40,48,46,44,33,32,50,6.5117455,2.5649493,3.3672957,3.1780539,6.4085288,3.9702919,3.583519,3.5263605,3.583519,5.0304379,2.6390574,3.6635616,2.7725887,4.6249728,4.0430512,6.1180973,5.3981628,9.2075367,4.9836068,6.1420374,7.1522689,8.9976425,5.9401712,5.659482,6.5539336,5.5834961,8.2435455,5.0498562,6.3117347,5.0434251,8.1199942,5.5984221,8.3621759,7.5786567,9.9875069,10.241922,9.8375082,9.7448435,10.023667,9.8700342,9.9392891,9.9849291,9.7527227,10.358536,9.6927052,8.7852335,9.6233768,10.410456,9.3153305,9.5878859,9.5011425,.49000001,.49000001,1.28,1,1.3200001,1.03,.97000003,1.02,.40000001,.31,.60000002,.51999998,.72000003,.74000001,.43000001,.28,1.6799999,2.0999999,.61000001,.34,.63999999,.44,.090000004,.059999999,21.02,33.18,.85000002,.64999998,.70999998,.50999999,.94999999,.64999998,10.50709288443458,3.6635616,-7.8683376,0,10.507092,3.6635616,1,-7.8683376,0
21,21097,0,16,33,24,16,26,24,26,26,31,26,31,40,43,56,42,49,39,47,59,56,5.7868972,2.3978953,2.7080503,2.5649493,5.659482,2.7725887,0,3.2958369,3.1780539,3.871201,0,2.9444389,3.0445225,0,0,5.4764633,4.6151204,8.5085564,4.2904596,4.2484951,6.20859,8.3700848,4.0775375,0,6.2614918,5.187386,7.6792512,0,5.7899604,7.5943813,0,0,7.6746173,6.7238326,9.7972937,10.089926,9.8527727,9.7601948,9.7948437,9.9247599,0,9.5805931,9.649498,10.098396,0,8.565793,10.108915,0,0,9.3543539,9.3287458,.5,.51999998,.38999999,.37,1.03,.99000001,1.04,1.05,.12,.12,0,0,1.0700001,.89999998,.57999998,.41,1.92,2.24,0,0,.75999999,.50999999,2.45,2.8099999,0,0,0,0,.70999998,.5,.81,.56,9.695725103260221,2.3025851,-7.9682331,0,9.6957254,2.3025851,1,-7.9682331,0
21,21099,0,7,4,7,7,11,7,5,11,10,5,10,14,9,21,19,24,24,24,14,25,5.5759492,2.1972246,2.7725887,2.5649493,5.4205351,2.3978953,0,2.7080503,2.7725887,3.7841897,0,2.7080503,2.9957323,0,0,5.209486,4.5747108,7.9683194,4.0073333,4.2904596,6.302619,7.7030077,3.4339871,0,5.0434251,4.6821313,6.9893351,0,5.09375,6.9186954,0,0,7.029973,6.338594,9.5234709,9.966979,9.8165121,9.6599503,9.4603987,9.2630281,0,9.5152483,9.6606512,9.5805931,0,8.7403364,9.6012335,0,0,9.329545,9.3540077,.63999999,.77999997,.69,.83999997,1.9400001,2.23,.92000002,.87,.11,.079999998,0,0,.55000001,.56,.60000002,.56999999,1.65,1.51,0,0,.64999998,.69,2.1400001,1.9400001,0,0,0,0,.63999999,.56999999,.94999999,.88999999,9.608445125678054,1.3862944,-7.6918592,0,9.6084452,1.3862944,1,-7.6918592,0
21,21101,0,94,94,109,94,87,109,101,87,86,101,86,100,132,109,126,95,153,134,110,106,6.8844867,2.4849067,3.2188759,2.7725887,6.8297939,4.5747108,4.5325994,4.5108595,4.356709,5.267858,2.3978953,4.2904596,4.2341065,3.4965076,4.6051702,6.5944133,5.6383548,9.7669802,4.7449322,6.0282784,7.2534704,9.6489182,7.072422,6.2595816,7.4821191,6.3279366,8.7246952,5.6419072,7.30586,8.559103,6.0282784,6.3135481,9.1433458,8.1647949,9.9341135,10.128429,9.7934494,9.8723068,9.9415054,10.128829,9.9607182,9.9116545,9.7183619,10.16169,9.9535627,8.8846102,10.148745,10.491691,9.5159111,9.7646847,9.8095064,.22,.20999999,.64999998,.50999999,.82999998,.77999997,1.0599999,1.09,.69999999,.74000001,.63,.57999998,1.03,1.05,.50999999,.34,1.55,1.6799999,.63,.47999999,.98000002,.80000001,1.8200001,1.9,1.48,2.6800001,.99000001,.98000002,.88,.81,.97000003,.94999999,10.66997812732028,4.1108737,-7.2865868,0,10.669978,4.1108737,1,-7.2865868,0
21,21103,0,19,22,23,19,25,23,31,25,31,31,31,29,42,50,33,33,36,37,38,36,5.4293456,2.3978953,2.6390574,2.5649493,5.2470241,0,0,2.3978953,2.9957323,3.4657359,0,2.3978953,2.3025851,0,3.4657359,5.0625949,4.1431346,7.8739786,4.1431346,4.4659081,6.0544395,7.6270576,0,0,4.6443911,4.9052749,6.6745615,0,4.5108595,6.5102582,0,4.8520303,7.1396604,6.338594,9.7075338,9.9626989,9.8407612,9.7885256,9.6745777,0,0,9.4869108,9.7025337,9.8303795,0,8.78263,9.9007835,0,9.4126282,9.5626154,9.2829399,.81,.81,.91000003,.94,1.67,1.8099999,.93000001,.92000002,0,0,0,0,.40000001,.34,.81999999,.68000001,1.3200001,1.29,0,0,.40000001,.37,1.5599999,1.59,0,0,1.53,1.71,.79000002,.74000001,1.04,.75999999,9.458995712459116,2.3978953,-7.6064849,0,9.4589958,2.3978953,1,-7.6064849,0
21,21105,0,3,5,6,3,8,6,3,8,5,3,5,7,5,7,9,12,11,7,5,14,4.6913481,2.1972246,2.8332133,1.6094379,4.356709,1.6094379,2.0794415,1.7917595,1.7917595,2.7725887,0,0,0,0,0,4.1271343,3.4339871,7.145196,3.2958369,4.1108737,5.0498562,6.9314718,3.3672957,2.9957323,4.9126549,3.713572,6.1654177,0,0,0,0,0,6.3062754,5.5947113,9.4792986,10.050009,9.7380228,9.6661816,9.4077969,9.102644,9.8255796,9.1459084,9.6532297,9.3526211,0,0,0,0,0,9.4532862,9.6348238,.72000003,.99000001,1.3200001,1.54,1.26,1.53,.97000003,.91000003,.23999999,.14,.33000001,.41,1.09,.81,.51999998,.50999999,1.65,1.26,0,0,0,0,0,0,0,0,0,0,.70999998,.75,1.02,1.33,8.624431942085836,1.3862944,-7.8713708,0,8.6244316,1.3862944,1,-7.8713708,0
21,21107,0,85,77,80,85,86,80,103,86,66,103,66,89,87,112,83,113,101,102,94,74,6.921658,2.4849067,3.583519,3.0445225,6.8511848,4.6051702,4.4886365,3.9120231,4.4543471,5.2364421,2.1972246,4.2195077,4.0604429,3.713572,4.9052749,6.6306834,5.7430034,9.7740049,5.1590552,6.5337887,7.3550019,9.6254253,6.6093493,6.401917,7.9208097,6.50279,8.6052036,5.3706379,6.9939332,8.1633711,7.2056351,6.4551988,9.1783333,8.1836767,9.9240742,10.294549,9.9653349,9.8493481,9.9244165,9.8209753,9.7467165,9.7737207,9.8422499,10.262315,10.170993,8.7467165,10.173553,10.600103,9.4240799,9.6675119,9.6933222,.33000001,.38,1.0700001,1.01,.92000002,.85000002,1.03,1.05,.44,.34,.72000003,.54000002,1.59,1.42,.61000001,.46000001,1.37,1.65,.47999999,.46000001,.70999998,.50999999,1.22,1.3200001,4.7800002,9.7200003,1.14,1.03,.91000003,.75999999,.98000002,.87,10.73913206132462,4.2195077,-7.8321238,0,10.739132,4.2195077,1,-7.8321238,0
21,21109,0,8,9,8,8,8,8,9,8,13,9,13,9,13,10,8,6,2,9,6,6,4.8121843,2.3025851,2.0794415,2.1972246,4.5643482,0,2.1972246,2.1972246,1.6094379,3.2958369,1.0986123,1.9459101,2.4849067,1.6094379,0,4.2484951,3.4657359,7.3185396,3.9889841,3.9512436,5.7589016,6.9893351,0,4.1743875,5.2983174,3.6635616,5.9215784,3.6888795,3.6635616,5.4889379,4.2046928,0,6.568078,5.7268476,9.556551,9.7366657,9.7791138,9.7626152,9.4638195,0,9.4220591,9.2597971,9.7318096,9.3388214,9.7965698,8.7558947,9.2586546,9.5170898,0,9.5236902,9.6962175,1.21,1.13,.94,1.0599999,2.1600001,2.6600001,.86000001,.80000001,0,0,.89999998,.70999998,1.35,1.04,.41,.40000001,1.09,.75999999,1.04,.97000003,.30000001,.31,.98000002,.61000001,2.77,2.74,0,0,.77999997,.81,.98000002,1.26,9.388904879892426,1.7917595,-7.87673,0,9.3889046,1.7917595,1,-7.87673,0
21,21111,0,3046,3021,3349,3046,3712,3349,3757,3712,3819,3757,3819,4376,4744,5079,4747,4324,4627,4350,4568,4639,9.6714926,3.9120231,4.3944492,4.3174882,9.6584816,7.7367435,7.4139705,7.3620105,7.291656,7.8928256,5.1179938,7.068172,6.89467,3.4657359,7.6118426,9.4708567,8.3598375,12.824825,9.1243467,9.2857265,9.9780378,12.706287,10.634244,9.7440224,10.563414,10.108141,11.298518,9.1362629,10.42356,11.054265,6.0822191,9.4339638,12.425662,11.394941,10.007487,10.382668,10.018957,10.088804,9.9887018,9.9777136,10.039416,10.027695,10.086767,10.273049,10.165352,9.0854568,10.330062,9.829464,9.5420876,9.8760653,9.9016857,.82999998,.94999999,.79000002,.73000002,.60000002,.64999998,1.0599999,1.0599999,1.16,.98000002,.95999998,.88999999,1.0599999,1.12,1.0599999,.94999999,.94999999,1.08,.98000002,.85000002,1.04,.95999998,1.04,1.21,.07,.059999999,1.0599999,.99000001,1.1,1.05,1.16,1.15,13.40744757830807,7.5903468,-7.5898414,1,13.407448,7.5903468,1,-7.5898414,1
21,21113,0,123,130,136,123,182,136,188,182,193,188,193,239,277,293,308,265,290,269,262,261,6.3473892,1.9459101,2.7725887,2.4849067,6.2841344,3.9120231,4.6249728,3.583519,3.3322046,5.0039463,1.3862944,3.583519,3.7612002,1.3862944,4.0073333,5.9584246,5.1817837,8.9231911,4.2626801,4.2195077,6.8865318,8.7617064,5.6524892,6.6920838,6.3243589,5.2882671,7.8477626,3.7612002,6.2025356,7.3827462,4.9836068,5.4595857,8.2493134,7.6068845,9.7853794,10.178464,9.7444916,9.7496367,9.7858295,9.8606319,9.7272272,9.5214949,9.6987972,9.9585915,10.104795,8.8516636,10.055221,9.9815588,9.8401213,9.6509151,9.7413807,.31999999,.37,.25,.20999999,1.34,1.29,1.02,1.03,.40000001,.37,2.25,1.9,.75999999,.60000002,.41999999,.31999999,1.5,1.54,.22,.23,.75999999,.69,1.3099999,1.4400001,1.21,1.53,.98000002,1.55,.83999997,.79000002,1.3,1.38,10.32574422328413,4.3944492,-7.4064708,0,10.325745,4.3944492,1,-7.4064708,0
21,21115,0,66,59,58,66,50,58,70,50,56,70,56,45,71,57,79,70,71,77,75,70,6.2105999,2.4849067,3.1354942,2.7080503,6.1047931,3.8501475,3.5263605,3.5263605,3.2958369,4.2484951,2.5649493,3.4011974,0,3.2958369,3.7841897,5.9322453,5.2040067,8.6508493,4.8202815,5.8081427,6.7274318,8.3945732,5.4161005,5.6276212,5.855072,5.676754,6.914731,4.7957907,6.2383246,0,5.6419072,5.1761498,8.1362257,7.4616404,9.7099638,10.062242,9.9421797,9.7659483,9.666625,9.7316904,9.887002,9.8867989,9.6076393,9.9585438,9.9499416,8.8748674,0,10.129946,9.344347,9.5613489,9.5853462,.73000002,.81,1.59,1.8200001,1.5,1.59,.93000001,.89999998,.41,.36000001,1.02,1.09,.62,.76999998,.81999999,.61000001,.76999998,.86000001,.82999998,.77999997,1.03,1.04,0,0,3.0799999,4.8400002,.97000003,1.01,.98000002,.92000002,1.47,1.4400001,10.05397438581006,4.1108737,-7.8891425,0,10.053974,4.1108737,1,-7.8891425,0
21,21117,0,413,407,480,413,508,480,491,508,465,491,465,647,697,697,698,683,734,739,655,617,7.8391318,2.9444389,3.583519,3.6635616,7.8013911,5.7397928,5.7930136,5.4595857,5.3327188,6.1548581,3.0910425,5.659482,4.9416423,1.3862944,5.4930615,7.5873103,6.5042882,10.741514,8.3397398,6.7080841,8.3057308,10.523634,7.9305658,8.0385122,8.8209944,7.5464463,8.9124737,6.2105999,8.7532139,8.3686934,2.7080503,7.2882442,10.30092,9.2119389,9.818964,9.8830805,9.8819065,9.905386,9.8000698,9.9226036,10.155957,9.8633947,9.8563957,10.143764,9.9542761,8.9789124,10.136026,9.7745743,9.6130018,9.6921492,9.7749157,3.0599999,2.54,.47999999,.47,.89999998,.98000002,.95999998,.95999998,.63,.60000002,1.4,1.76,1.49,1.62,.66000003,.56,.70999998,.83999997,.41999999,.36000001,1.58,1.58,.56999999,.66000003,.02,.02,.99000001,1.21,1.0599999,1.01,1.05,1.11,11.86380062261642,5.5529594,-7.5673528,0,11.863801,5.5529594,1,-7.5673528,0
21,21119,0,34,24,19,34,37,19,27,37,14,27,14,36,42,30,35,36,24,31,24,20,5.484797,2.1972246,2.8903718,2.1972246,5.32301,2.5649493,0,2.5649493,2.3025851,4.0604429,0,2.3025851,0,3.8501475,0,4.9904327,4.4308167,7.9755645,4.3944492,4.7004805,6.3332796,7.6755462,3.8501475,0,5.7071104,4.0604429,7.0596175,0,3.8918202,0,7.0048819,0,6.8997231,5.9914646,9.9459724,10.014268,9.9339685,9.8209209,9.9742718,9.7341213,0,9.4998703,10.310552,10.204407,0,8.773694,0,10.228032,0,9.6125336,9.5433064,.94,.77999997,1.03,.93000001,1.99,1.76,.88999999,.92000002,.17,.12,0,0,1.05,.69999999,.31999999,.38,1.76,1.97,0,0,.19,.14,0,0,23.629999,32.380001,0,0,.56,.44,.66000003,.49000001,9.792891131194102,2.9957323,-7.8057833,0,9.7928915,2.9957323,1,-7.8057833,0
21,21121,0,34,36,35,34,30,35,35,30,36,35,36,61,51,69,50,60,55,80,69,49,6.0707378,2.4849067,2.9957323,2.7725887,5.9532433,3.583519,3.3322046,3.4657359,3.3322046,4.3694477,0,3.4965076,3.0910425,3.3672957,0,5.7268476,4.8751974,8.7150602,4.9972124,4.934474,6.944087,8.4703112,5.6454468,5.09375,6.5102582,5.6419072,7.3790083,0,6.2989492,7.1082439,5.3798971,0,8.0608559,7.123673,9.634038,10.278047,9.8286562,9.7684698,9.5663347,9.520689,9.6908512,9.5160589,9.6688404,9.821681,0,8.7396965,9.8322601,9.8537197,0,9.4072218,9.451088,.81999999,1.21,.62,.69,1.75,2,.94,.88999999,.47999999,.37,.56,.52999997,1.12,1.04,.74000001,.63,1.15,1.2,0,0,1.03,.97000003,1.22,1.26,2.22,2.8599999,0,0,.85000002,.74000001,.98000002,.91000003,10.29809391730942,3.6888795,-7.741909,0,10.298094,3.6888795,1,-7.741909,0
21,21123,0,9,4,6,9,4,6,7,4,4,7,4,8,12,7,11,15,9,12,5,11,5.4026775,2.5649493,2.7725887,2.3978953,5.2040067,3.0445225,3.4657359,2.3978953,2.8332133,3.8066626,0,2.5649493,2.1972246,1.3862944,0,4.919981,3.9318256,7.6138186,3.9120231,3.8501475,5.8636312,7.3626451,4.7004805,4.9272537,5.1357985,4.5432949,6.5467854,0,4.7004805,6.3099184,2.3025851,0,6.7787848,5.7838254,9.5280666,9.9214745,9.7290745,9.7301455,9.4532862,9.4260159,9.5659151,9.4035196,9.6840248,9.4897127,0,8.6281977,9.4700861,9.4652929,0,9.4235144,9.5584593,.82999998,.97000003,.63,.69999999,1.79,2.1900001,.93000001,.88,.56,.44,1.4299999,1.3200001,.85000002,.77999997,.74000001,.72000003,1.51,1.26,0,0,.63,.58999997,1.66,1.3200001,.31,.28999999,0,0,.70999998,.69999999,.76999998,.88999999,9.365547636278565,.69314718,-7.9812045,0,9.3655472,.69314718,1,-7.9812045,0
21,21125,0,103,115,89,103,122,89,132,122,118,132,118,137,155,185,190,136,157,161,138,122,6.7627296,2.7080503,3.713572,2.9957323,6.6707664,4.3694477,4.6051702,3.713572,3.7376697,5.1357985,0,4.1271343,3.9889841,2.8332133,4.0430512,6.4297194,5.8021183,9.6315479,5.5333896,6.20859,7.0282016,9.50002,6.7322106,6.84588,6.6359468,6.0730443,8.5035,0,7.160069,8.2152767,5.6869755,5.6698809,9.0393152,8.1707516,9.7472429,10.231819,10.009018,9.8712225,9.7126293,9.3372374,10.023978,9.7139597,9.7498121,9.9284725,0,8.8665819,9.8636026,10.312247,9.4458075,9.5605745,9.6974468,.56,.70999998,.88999999,1.05,.75999999,.86000001,1.05,1.03,.56999999,.33000001,1.29,1.53,.50999999,.50999999,.46000001,.38,1.42,1.47,0,0,.97000003,.94,1.48,1.4,1.21,2.2,.60000002,.66000003,.91000003,.81999999,1.12,1.1799999,10.67908991303227,4.3820267,-7.8234754,0,10.67909,4.3820267,1,-7.8234754,0
21,21127,0,4,2,2,4,1,2,3,1,5,3,5,5,4,6,6,3,2,5,4,3,5.3981628,2.0794415,2.6390574,2.0794415,5.2522736,0,0,3.1354942,2.4849067,3.8501475,0,2.3978953,0,2.9444389,2.9444389,4.9698133,4.1588831,7.7458682,4.0430512,4.1271343,6.0935698,7.467371,0,0,5.8805332,4.2766662,5.6733232,0,5.0689044,0,4.7621741,3.9702919,7.2855067,6.6066504,9.7593861,10.044249,9.8057089,9.7449608,9.7506275,0,0,9.7269297,9.7570734,9.8059845,0,8.7735395,0,10.029679,9.1504841,9.7392025,9.8953543,.82999998,.86000001,.73000002,.69999999,1.97,1.9400001,.89999998,.91000003,0,0,0,0,1.5700001,1.58,.5,.41,.55000001,.5,0,0,.79000002,.69,0,0,3.1600001,4.2800002,.72000003,.58999997,1.04,1.1,1.55,1.97,9.546669741249485,1.3862944,-7.7576323,0,9.54667,1.3862944,1,-7.7576323,0
21,21129,0,1,1,1,1,1,1,1,1,1,1,1,1,1,1,1,1,1,2,1,1,4.9272537,2.0794415,2.7080503,2.0794415,4.6728287,1.9459101,0,1.9459101,1.9459101,3.5553482,0,1.3862944,0,3.0910425,0,4.2766662,3.6888795,7.3072023,3.4965076,4.5643482,5.6835799,6.9744787,3.4011974,0,4.7004805,3.9120231,5.857933,0,4.0430512,0,5.3132062,0,6.5778613,5.5451775,9.5425892,9.7039385,9.8314009,9.6000147,9.489562,9.2750978,0,9.3664894,9.8750362,9.5981846,0,8.7606096,0,9.7706413,0,9.4321232,9.6376972,.75,.68000001,1.76,2.1300001,2.03,2.1400001,.86000001,.81999999,.20999999,.14,0,0,.75,.64999998,.54000002,.62,1.03,.94,0,0,.44,.46000001,0,0,8.4899998,11.01,0,0,.79000002,.76999998,.82999998,1.01,8.912203841620542,0,-8.2080526,0,8.9122038,0,1,-8.2080526,0
21,21131,0,12,13,14,12,17,14,15,17,15,15,15,19,20,18,23,14,14,9,9,10,5.1357985,1.7917595,2.5649493,2.1972246,4.9558272,2.3025851,0,0,2.1972246,3.2580965,0,0,0,2.8903718,0,4.7621741,4.3174882,7.986505,3.9889841,4.6151204,6.2728772,7.7213488,4.6913481,0,0,4.0775375,7.2093401,0,0,0,7.1172056,0,6.8068295,5.7203116,10.007623,9.9808655,9.7688122,9.5869942,10.094563,9.0870419,0,0,9.5889826,10.346665,0,0,0,10.392803,0,9.5339441,9.4657574,.62,.47,.94,.67000002,1.85,1.22,.92000002,1.02,.38999999,.13,0,0,0,0,.31999999,.17,2.02,2.45,0,0,0,0,0,0,26.15,39.75,0,0,.5,.34,.5,.31999999,9.520908548214665,3.0910425,-7.8689198,0,9.5209084,3.0910425,1,-7.8689198,0
21,21133,0,41,53,43,41,38,43,52,38,43,52,43,46,42,46,48,40,42,48,32,52,6.1548581,2.0794415,3.0445225,2.7080503,6.0567842,3.5553482,3.3322046,3.3672957,3.0445225,4.4659081,2.3025851,3.0910425,1.3862944,4.0073333,3.6109178,5.8260002,5.2257466,8.7634277,4.5217886,5.0304379,6.8384051,8.5598698,5.817111,4.7706847,6.5250297,5.2522736,7.704812,4.6151204,5.1984968,2.8903718,7.6415644,4.7535901,8.0060339,7.2384968,9.9070311,10.023535,9.9357615,9.7320461,9.9323664,9.6081095,9.6403027,9.7340031,9.698245,10.27997,9.8309164,8.8274679,9.6411486,10.310418,9.3046503,9.5647926,9.5070314,.49000001,.41999999,.64999998,.61000001,1.5,1.26,.98000002,1.02,.55000001,.34999999,.38999999,.27000001,1.08,.94999999,.47999999,.31999999,1.52,1.91,.62,.43000001,.33000001,.25999999,.02,.0099999998,20.309999,31.440001,.56999999,.47,.76999998,.58999997,1.05,.77999997,10.20359214498647,3.3322046,-7.7861247,0,10.203592,3.3322046,1,-7.7861247,0
21,21135,0,9,8,17,9,11,17,15,11,12,15,12,18,14,29,22,16,21,20,23,18,5.1298985,2.1972246,2.4849067,2.3978953,4.919981,2.1972246,0,2.3025851,2.4849067,3.6375861,0,2.3978953,3.0445225,0,0,4.59512,3.8066626,7.7815561,3.6375861,3.9318256,6.0402546,7.5432734,3.4657359,0,4.89784,4.6347289,7.1538339,0,4.1896548,7.113956,0,0,6.4118185,5.4638319,9.450223,9.8102207,9.7538853,9.7649145,9.3444338,9.9708195,0,9.2285728,9.4783812,9.3868113,0,8.6711149,9.3823595,0,0,9.2489843,9.1436663,.54000002,.58999997,.57999998,.70999998,1.8,2.47,.94,.86000001,.14,.2,0,0,.56999999,.47,.69,.58999997,2.3499999,1.9,0,0,.31999999,.34,3.1300001,2.46,0,0,0,0,.41999999,.37,.47999999,.38999999,9.474932921202932,1.9459101,-7.6147594,0,9.4749327,1.9459101,1,-7.6147594,0
21,21137,0,4,3,1,4,2,1,2,2,2,2,2,5,7,5,8,4,6,6,6,5,5.5451775,2.0794415,2.5649493,2.8332133,5.3798971,2.6390574,0,2.7080503,2.7080503,3.871201,0,2.9444389,2.9444389,0,0,5.1298985,4.3820267,7.7786303,4.0775375,4.2046928,6.2785215,7.4558768,3.3672957,0,5.7776523,4.7791233,6.1696105,0,5.0625949,5.8636312,0,0,7.133296,6.3261495,9.5522976,9.9368744,9.7567844,9.8346729,9.4183292,9.4384317,0,9.5106668,9.7407923,9.6260195,0,8.7311745,9.6687775,0,0,9.3262548,9.1955309,.82999998,.95999998,.76999998,.85000002,2.29,3.04,.87,.76999998,.13,.1,0,0,1.37,1.37,.80000001,.80000001,.88,.81999999,0,0,.75999999,.77999997,.89999998,.85000002,0,0,0,0,.86000001,.75,1.13,.88,9.905735025076607,0,-7.9404664,0,9.905735,0,1,-7.9404664,0
21,21139,0,6,4,8,6,7,8,3,7,9,3,9,16,8,11,8,10,7,10,14,6,5.0814042,2.1972246,2.5649493,2.6390574,4.8362818,0,2.7725887,2.6390574,2.0794415,3.1780539,0,2.7725887,0,0,2.3025851,4.6249728,3.8066626,7.3689704,4.0943446,3.713572,5.5529594,7.113142,0,4.7273879,5.6903596,4.0775375,5.6524892,0,5.4380794,0,0,2.7080503,6.8490663,5.7525725,9.7152281,9.9611902,9.7519665,9.670167,9.7095385,0,10.191483,9.623311,9.6456881,10.026722,0,8.9423304,0,0,9.1477203,9.5898037,9.67206,1.28,1.28,.70999998,.66000003,1.67,1.6,.93000001,.93000001,0,0,1.49,2.1600001,1.9,1.8,.60000002,.46000001,.79000002,.93000001,0,0,1.67,1.79,0,0,0,0,.30000001,.25,.98000002,.93000001,.95999998,1.02,9.111845125227083,1.7917595,-7.6566596,0,9.111845,1.7917595,1,-7.6566596,0
21,21141,0,2,0,2,2,1,2,1,1,2,1,2,1,2,1,3,2,1,1,1,2,6.1202974,2.4849067,3.1354942,2.7080503,6.0038872,3.583519,3.583519,3.4011974,3.5553482,4.3820267,1.7917595,3.4339871,3.583519,2.0794415,4.0253515,5.7838254,4.882802,8.9951649,4.4659081,4.7621741,6.5998707,8.8715057,4.9698133,5.1119876,6.2186003,5.3659759,8.4116106,4.94876,5.9788857,8.3490114,4.6728287,5.187386,7.8735976,6.9584484,9.7880201,10.08364,9.9085751,9.8057642,9.77985,9.4213305,9.4136896,9.6884985,9.6992273,9.9264717,9.7358971,8.5812941,9.9507055,9.4958954,9.790431,9.4646721,9.408371,.36000001,.38,.40000001,.41,.94,.94999999,1.0599999,1.0599999,.19,.11,.43000001,.27000001,.63,.60000002,.41999999,.31999999,2.45,2.4300001,.68000001,.47999999,.56,.38999999,3.2,3.1700001,.82999998,.63999999,.69999999,1.05,.52999997,.41999999,.63,.47999999,10.10299393408418,0,-7.8897171,0,10.102994,0,1,-7.8897171,0
21,21143,0,26,21,19,26,16,19,17,16,13,17,13,28,24,21,25,24,26,28,17,31,5.0039463,1.7917595,2.9957323,2.3978953,4.7184987,0,2.5649493,2.1972246,1.9459101,2.9444389,0,2.8332133,0,0,1.7917595,4.5325994,3.7841897,7.4736371,3.583519,6.1463294,5.2574954,6.9707303,0,4.5432949,4.9698133,3.3672957,5.8318825,0,5.4553213,0,0,2.7080503,6.5847912,5.5984221,9.5719929,10.247219,9.8259039,9.644846,9.3815165,0,9.797905,9.1796751,9.5218611,9.7205257,0,8.7038383,0,0,9.3197327,9.1710796,9.3886538,.69,1.0700001,7.2600002,8.5,1.12,1.21,.72000003,.61000001,0,0,1.12,1.25,.82999998,.57999998,.25999999,.20999999,.85000002,.85000002,0,0,1.53,1.49,0,0,0,0,.27000001,.31,.68000001,.49000001,.74000001,.68000001,8.798454696065095,1.6094379,-8.2985086,0,8.7984543,1.6094379,1,-8.2985086,0
21,21145,0,185,196,193,185,217,193,242,217,166,242,166,200,249,274,301,268,296,275,256,291,7.4570322,2.9444389,3.7376697,3.0910425,7.4085307,5.0998664,0,5.1474943,4.8675346,5.4293456,3.0910425,4.9558272,4.1896548,0,5.209486,7.2598195,6.4134588,10.361767,7.0219765,6.6463904,7.6838641,10.22423,7.1553965,0,8.5438347,7.1906762,8.5318851,6.8762646,8.1811609,8.206584,0,6.7452364,10.020782,9.1434526,9.8709641,10.377981,9.8988771,9.9464989,9.8365459,9.7675533,0,10.118961,9.7700701,10.157432,10.06352,8.8277617,10.239674,0,9.360569,9.7473602,9.7140207,1.2,1.55,.67000002,.62,.70999998,.75999999,1.04,1.02,.41999999,.33000001,0,0,1.65,2.2,.67000002,.5,.69999999,.81,1.2,1.08,1.3,1.0599999,.70999998,.86000001,0,0,.83999997,.75999999,1.17,1.12,1.4299999,1.36,11.04896752366874,4.5325994,-7.8228331,0,11.048967,4.5325994,1,-7.8228331,0
21,21147,0,15,11,19,15,19,19,15,19,18,15,18,30,28,20,30,24,23,20,11,33,5.1532917,2.3978953,2.5649493,1.9459101,4.9558272,2.3978953,0,2.3978953,2.4849067,3.2580965,0,2.3978953,2.5649493,0,0,4.7535901,4.0943446,7.6381984,4.919981,4.2626801,6.2915692,7.1914291,3.5263605,0,4.8441873,4.6821313,6.3403592,0,4.9836068,6.300786,0,0,6.6346335,5.749393,9.5006189,9.90942,9.7518501,9.7403803,9.305378,9.5686436,0,9.5675249,9.746541,9.2154274,0,8.8293724,9.1993809,0,0,9.3675146,9.2480211,2.23,2.6099999,.94,1.09,2.6700001,3.4000001,.75999999,.63999999,.17,.16,0,0,.62,.69,.82999998,.88,1.2,.77999997,0,0,.81,.95999998,1.6,1,0,0,0,0,.60000002,.56999999,.73000002,.63,9.655218482441182,2.4849067,-8.0358572,0,9.6552181,2.4849067,1,-8.0358572,0
21,21149,0,13,4,9,13,4,9,5,4,3,5,3,6,4,15,3,10,6,10,8,9,5.1416636,1.9459101,2.3025851,2.1972246,4.9767337,0,0,2.8332133,2.6390574,3.3322046,0,2.5649493,2.5649493,0,2.6390574,4.7621741,3.8501475,7.4018416,3.7612002,4.0604429,5.6835799,7.1260872,0,0,5.4971681,4.2484951,6.0520892,0,3.8501475,5.9839363,0,3.7841897,6.7093043,5.8971539,9.5694122,9.9723606,9.7669802,9.750453,9.4922056,0,0,9.2752848,9.6681452,9.6618614,0,8.7928534,9.6834021,0,9.4229488,9.3914948,9.4663,.88999999,1.04,.97000003,1.0700001,1.84,2.21,.91000003,.85000002,0,0,0,0,1.51,1.17,.68000001,.63,1.14,1.08,0,0,.33000001,.34999999,1.48,1.39,0,0,.83999997,1.09,.81999999,.75,1.0700001,1.0700001,9.172430798902962,0,-8.1240435,0,9.172431,0,1,-8.1240435,0
21,21151,0,183,113,152,183,191,152,196,191,229,196,229,198,273,298,298,318,313,270,233,257,6.9994226,2.5649493,3.4657359,2.9444389,6.9392538,4.4426513,0,4.6151204,4.4426513,5.0875964,2.7725887,4.7791233,4.2195077,0,4.8202815,6.7684932,5.8200831,9.8944969,6.4248691,7.7608933,7.3932629,9.6312199,5.9914646,0,7.635304,6.5352411,8.4696817,6.3952618,7.8087292,8.3485374,0,6.3044486,9.2557917,8.2139235,9.7520828,10.095264,10.088555,9.7781515,9.6675749,9.5314093,0,9.8180389,9.7260342,10.046982,9.6088476,8.7137461,10.079623,0,9.165657,9.4315624,9.437396,1.05,1.15,3.24,4.1199999,.83999997,.86000001,.92000002,.86000001,.20999999,.15000001,0,0,1.0599999,1.1799999,.56,.44999999,1.0599999,1.23,1.1799999,.75999999,1.4299999,1.17,1.3,1.52,0,0,.87,.72000003,.87,.68000001,.89999998,.73000002,10.95967934754248,4.0430512,-7.5710258,0,10.95968,4.0430512,1,-7.5710258,0
21,21153,0,27,31,33,27,27,33,28,27,37,28,37,37,40,54,35,35,28,59,44,39,5.2417469,2.0794415,2.7080503,2.4849067,5.0369525,2.1972246,0,2.4849067,1.9459101,3.6109178,0,2.3978953,0,2.8332133,0,4.7621741,4.2626801,7.5475016,3.7376697,4.2046928,6.2614918,7.1412449,4.7791233,0,5.2574954,3.8286414,6.0776424,0,4.5325994,0,5.0498562,0,6.7165947,5.8493247,9.6763363,9.6645317,9.8300028,9.6624985,9.6736336,9.6760225,0,9.200593,9.9644413,10.019847,0,8.7495737,0,10.247751,0,9.4273052,9.4813595,.75,.56999999,.97000003,1.03,2.8399999,2.8,.80000001,.81,.64999998,.56999999,0,0,1.03,.67000002,.38999999,.43000001,1.01,1.23,0,0,.56999999,.51999998,0,0,5.1300001,9.3999996,0,0,.72000003,.61000001,.88,.81,9.478610240906502,3.1780539,-8.0281763,0,9.47861,3.1780539,1,-8.0281763,0
21,21155,0,3,6,9,3,7,9,8,7,5,8,5,5,7,4,7,7,6,9,8,7,5.8051348,2.0794415,3.1354942,2.3978953,5.6698809,3.1780539,0,3.0910425,2.8332133,4.2341065,0,3.1780539,3.0910425,0,0,5.3981628,4.5849676,8.224432,4.0775375,4.3694477,6.20859,8.0381889,5.4380794,0,6.0234475,4.8903489,7.2254815,0,5.220356,7.0942349,0,0,7.4518223,6.4567695,9.596487,10.004735,9.7674961,9.7949553,9.5456696,10.131062,0,9.5153961,9.7142019,9.6100559,0,8.6529474,9.634038,0,0,9.4912243,9.2687979,.52999997,.62,.57999998,.62,1.37,1.67,.99000001,.95999998,.63999999,.94999999,0,0,1.13,1.08,.56999999,.52999997,1.62,1.42,0,0,.56999999,.51999998,1.97,1.72,0,0,0,0,.75999999,.74000001,.81999999,.66000003,9.711055051991444,1.6094379,-7.8718333,0,9.7110548,1.6094379,1,-7.8718333,0
21,21157,0,52,59,44,52,32,44,48,32,36,48,36,38,48,65,68,60,77,58,65,66,6.3279366,2.6390574,3.1780539,2.7080503,6.2285109,3.7841897,0,3.3672957,3.583519,4.6249728,2.3978953,4.2341065,3.5553482,0,3.8066626,6.0038872,5.1474943,9.1232567,5.0304379,5.9506426,6.7810578,8.9551897,5.9939613,0,6.0063534,5.872118,8.2932997,4.8675346,6.8308744,7.9557757,0,4.8362818,8.2297773,7.2499256,10.0846,10.16616,9.4154825,9.8356371,10.131062,10.123305,0,9.4386702,9.8191814,10.470732,9.90728,8.8637571,10.537575,0,9.2727518,9.5671749,9.6336451,.56,.47999999,1.15,.52999997,.99000001,.76999998,1.01,1.0700001,.46000001,.41,0,0,.44999999,.25,.62,.38999999,1.92,2.4400001,.55000001,.34,1.16,.80000001,1.9,2.52,0,0,.43000001,.28999999,.67000002,.43000001,.74000001,.51999998,10.21115605892003,3.2580965,-7.5417871,0,10.211156,3.2580965,1,-7.5417871,0
21,21159,0,20,27,24,20,16,24,12,16,17,12,17,28,13,23,18,14,16,14,22,14,5.4249501,1.6094379,2.3978953,2.4849067,5.2882671,3.2958369,0,2.6390574,2.0794415,3.583519,0,2.9957323,0,3.2958369,0,5.0875964,4.3438053,8.0468693,3.1354942,4.1271343,6.1420374,7.8532162,5.1179938,0,4.2766662,4.1431346,7.3264656,0,4.6051702,0,7.2758646,0,6.9603477,6.3135481,10.374647,9.9270573,9.7554512,9.7263327,10.470448,9.7201653,0,9.7036943,9.9017363,10.795219,0,8.7148962,0,10.824168,0,9.6648493,9.6496267,.25,.13,.54000002,.27000001,1.53,.80000001,.98000002,1.1,.56,.25,0,0,.23,.12,.31999999,.17,2.1400001,2.8099999,0,0,.37,.16,0,0,28.85,46.759998,0,0,.55000001,.30000001,.85000002,.46000001,9.435561763085358,3.2188759,-7.9168959,0,9.4355621,3.2188759,1,-7.9168959,0
21,21161,0,22,33,28,22,43,28,30,43,28,30,28,47,40,45,38,54,42,40,31,37,6.1377273,2.5649493,2.9444389,2.5649493,6.0378709,3.5553482,0,3.5553482,3.3672957,4.0253515,1.6094379,3.583519,3.1780539,0,4.0073333,5.894403,5.1298985,8.9455929,4.1588831,5.3278761,6.3699012,8.8274679,5.57973,0,6.4707994,5.5984221,8.0693426,4.4426513,6.3767271,8.0179663,0,5.2364421,8.1950579,7.3664451,9.7505693,10.029415,9.854455,9.8371878,9.7363701,9.4058247,0,9.7443161,9.6527805,9.9155149,9.7188435,8.813736,9.9322205,0,8.8941212,9.5463839,9.6890564,.28,.28999999,.73000002,.74000001,.77999997,.85000002,1.0599999,1.0599999,.36000001,.22,0,0,.86000001,.88,.56,.41999999,1.83,1.86,.43000001,.31,.88,.80000001,2.4100001,2.4400001,0,0,.76999998,.49000001,.77999997,.69,1,1.04,9.721125994942152,2.7725887,-7.7015686,0,9.7211256,2.7725887,1,-7.7015686,0
21,21163,0,27,22,36,27,38,36,48,38,40,48,40,51,65,57,64,63,65,68,64,67,5.602119,1.9459101,2.6390574,2.3025851,5.480639,0,3.5553482,2.7725887,3.0445225,3.9120231,0,3.1354942,1.9459101,2.0794415,3.2188759,5.2470241,4.4308167,7.9186287,3.6109178,4.0943446,6.1355648,7.6916566,0,4.9126549,4.882802,4.6821313,6.5998707,0,5.4116459,6.2747622,4.2195077,4.5643482,7.2827611,6.5525079,9.8757048,9.9667444,9.7005138,9.9056854,9.8720999,0,9.3886538,9.3246508,9.5416565,10.327742,0,8.5805435,10.516238,9.8084621,9.2355204,9.527338,9.6640873,.44999999,.38999999,.60000002,.44999999,1.73,1.78,.94999999,.95999998,0,0,1.04,.56999999,.49000001,.28999999,.63,.37,1.1799999,1.6,0,0,.94,.60000002,1.1799999,1.88,1.54,1.49,1.1,.87,.87,.67000002,1.23,1.11,10.09286747369753,3.2580965,-7.7649345,0,10.092868,3.2580965,1,-7.7649345,0
21,21165,0,10,6,6,10,5,6,5,5,7,5,7,3,6,7,7,6,13,4,7,8,4.3820267,2.1972246,2.5649493,1.7917595,3.9512436,0,0,0,0,0,0,0,2.0794415,0,0,0,2.9444389,6.3456364,4.3040652,3.8286414,5.0625949,5.6733232,0,0,0,0,0,0,0,4.1108737,0,0,0,4.6913481,9.5387087,9.9685259,9.7887497,9.6962175,9.2180109,0,0,0,0,0,0,0,9.2289658,0,0,0,9.3323812,4.3800001,5.2600002,2.21,2.5799999,2.8499999,3.3399999,.61000001,.44999999,0,0,0,0,0,0,0,0,0,0,0,0,0,0,.64999998,.41,0,0,0,0,0,0,.92000002,.82999998,8.535425959677298,.69314718,-8.5003729,0,8.5354261,.69314718,1,-8.5003729,0
21,21167,0,1,1,1,1,1,1,1,1,1,1,1,1,1,1,1,1,1,1,2,1,5.9635792,2.3025851,2.8903718,2.6390574,5.8493247,3.2580965,3.8286414,3.2580965,3.2580965,4.2766662,1.3862944,3.583519,2.8903718,2.0794415,3.8066626,5.6167712,4.7273879,8.6135941,4.0604429,4.4067192,6.3044486,8.4803219,4.4426513,5.3518581,5.8971539,5.0625949,7.7527647,4.2626801,6.5998707,7.5832477,5.0304379,4.8040209,7.8204393,6.8627577,9.7589245,10.070019,9.817112,9.8286562,9.7452536,9.4919033,9.6850204,9.5145845,9.7313337,9.9603872,9.9067326,8.9598255,10.026457,9.1718073,9.1298895,9.4911489,9.72472,.36000001,.38,.41,.38999999,1.02,1.09,1.05,1.05,.16,.11,.80000001,.67000002,.67000002,.55000001,.46000001,.37,1.86,1.96,.5,.43000001,1.54,1.6,2.1800001,2.4000001,1.73,1,.69999999,.55000001,.74000001,.62,.83999997,.89999998,9.859953550512399,0,-7.4255052,0,9.8599539,0,1,-7.4255052,0
21,21169,0,2,1,2,2,1,2,1,1,2,1,2,4,2,5,6,2,5,5,3,6,5.0304379,2.1972246,2.6390574,2.1972246,4.7957907,2.0794415,0,2.0794415,1.7917595,3.3322046,0,2.3978953,2.7080503,0,0,4.5432949,3.9318256,7.8184304,3.4965076,4.0943446,5.8861041,7.6172676,3.1780539,0,3.9512436,4.0073333,7.3264656,0,4.5108595,7.2964134,0,0,6.2383246,5.6167712,9.3909101,9.8955564,9.6132689,9.58459,9.3335314,8.5000467,0,9.7256165,9.569273,9.3429461,0,8.5627403,9.3330002,0,0,9.3050137,9.3533144,.44999999,.56999999,.66000003,.75,1.49,1.8099999,.98000002,.94,.1,.039999999,0,0,.20999999,.31,.34999999,.34999999,2.6900001,2.21,0,0,.41999999,.43000001,3.6199999,2.8800001,0,0,0,0,.34,.34,.52999997,.56999999,9.100860271357362,0,-7.6970797,0,9.1008606,0,1,-7.6970797,0
21,21171,0,2,1,0,2,0,0,1,0,1,1,1,1,5,2,2,6,3,2,3,5,5.480639,2.3978953,2.8332133,2.7080503,5.2832036,0,0,2.8332133,2.3025851,3.6375861,0,2.9444389,3.2580965,0,3.1354942,5.0689044,4.3694477,8.2043982,3.8501475,4.3307333,6.3243589,7.9979992,0,0,4.934474,4.2766662,7.4988699,0,5.1532917,7.4849305,0,3.9889841,7.0639038,6.0707378,9.4550104,9.9927797,9.9044867,9.6270752,9.3919954,0,0,9.2177134,9.6304312,9.534234,0,8.6258678,9.5358963,0,8.9481964,9.1224918,9.4025297,.43000001,.57999998,.56999999,.81,1.5700001,1.86,.97000003,.93000001,0,0,0,0,.38999999,.31999999,.31999999,.31,2.1700001,2.03,0,0,.54000002,.55000001,2.97,2.71,0,0,.46000001,.41,.51999998,.41,.56999999,.60000002,9.34145634983372,0,-7.2347097,0,9.3414564,0,1,-7.2347097,0
21,21173,0,55,57,55,55,68,55,81,68,59,81,59,88,112,126,116,99,98,112,90,99,6.2105999,2.3025851,3.0910425,2.8903718,6.1025586,3.5553482,0,3.6375861,3.5263605,4.4188404,1.3862944,3.2958369,3.3322046,0,4.0073333,5.8971539,5.1416636,8.7623329,4.3040652,4.6634393,6.5453496,8.6148643,5.2522736,0,6.3491392,5.6347895,7.7557673,4.0604429,5.9532433,7.5968943,0,5.1119876,8.0640078,7.3304052,9.7023497,10.017709,9.8353691,9.8259583,9.6777153,9.7997923,0,9.5683641,9.6360006,9.9086246,9.6140041,8.7735395,9.9284725,0,9.2338619,9.4659901,9.4845572,.38999999,.41999999,.44999999,.47,1.12,1.27,1.03,1.02,.31,.30000001,0,0,.91000003,.82999998,.69999999,.54000002,1.61,1.71,.36000001,.23999999,.69,.63999999,1.9,2.01,0,0,.81999999,.75999999,.81999999,.69999999,1.15,1.03,9.881293067026359,4.0073333,-8.0850525,0,9.8812933,4.0073333,1,-8.0850525,0
21,21175,0,4,2,1,4,2,1,1,2,3,1,3,1,2,3,1,1,4,3,1,1,5.2257466,1.9459101,2.9957323,1.9459101,5.0238805,2.1972246,0,2.6390574,2.3025851,3.2580965,1.6094379,2.3025851,2.0794415,0,2.6390574,4.8362818,4.1588831,7.7146773,3.8918202,6.0473723,5.9788857,7.2262092,3.3672957,0,5.1119876,4.5747108,5.9558372,4.6634393,4.3438053,5.3278761,0,4.2626801,6.8966942,6.0935698,9.654706,9.6757078,9.7119036,9.7172785,9.6166048,9.2088394,0,9.9102144,9.7709846,9.6064281,9.7614632,8.7832432,9.4664545,0,9.0718822,9.6205273,9.6106586,.74000001,.58999997,5.1700001,4.9699998,1.8099999,1.9299999,.73000002,.72000003,.13,.07,0,0,.75,1.01,.69,.64999998,.75999999,.62,1.85,1.53,.40000001,.38,.56,.38999999,0,0,.99000001,.82999998,.72000003,.75999999,.95999998,1.02,9.362889770436468,.69314718,-7.8283315,0,9.3628902,.69314718,1,-7.8283315,0
21,21177,0,21,19,15,21,17,15,20,17,35,20,35,26,32,46,29,18,37,45,31,24,6.3279366,2.4849067,2.9957323,2.8332133,6.2363696,3.583519,3.6109178,3.8501475,3.4965076,4.6347289,1.7917595,3.713572,3.583519,3.4011974,4.2626801,6.0137153,5.1647859,9.0823936,7.123673,4.7874918,6.8606639,8.7772474,5.1929569,5.6058021,6.6732979,5.6664267,7.6957579,4.2341065,6.3664703,6.7334018,6.9920964,5.3033047,8.3631096,7.6838641,9.9823446,10.373491,9.6540642,9.8698273,9.9089231,9.1874809,9.9459724,9.7774706,9.7377872,10.274499,9.832099,8.7018452,9.6387405,10.634292,9.4227057,9.6521378,9.7895908,4.7600002,5.48,.37,.23999999,1.11,1,.88,.82999998,.20999999,.079999998,.64999998,.56,.91000003,.76999998,.52999997,.34,1.1,1.27,.31,.2,.75999999,.49000001,.57999998,.34999999,7.71,15.3,.72000003,.61000001,.80000001,.62,1.1900001,1.09,10.35194829110539,2.0794415,-7.93261,0,10.351949,2.0794415,1,-7.93261,0
21,21179,0,127,103,137,127,146,137,173,146,154,173,154,202,187,159,193,177,185,157,165,170,6.4738908,2.3978953,3.0445225,2.7725887,6.3969297,3.713572,4.5432949,3.8066626,3.583519,4.9416423,1.6094379,4.0073333,3.7376697,1.3862944,4.1108737,6.1312265,5.3752785,9.1500597,4.4886365,5.1357985,6.7511015,9.0242519,4.919981,6.5820251,6.508769,5.5333896,8.3366299,4.5217886,6.6541524,8.1262226,4.2484951,5.5012584,8.3253059,7.5740452,9.7451363,10.045681,9.6700411,9.8145466,9.7353649,9.3479261,9.825202,9.5923319,9.6547699,9.9619923,10.050959,8.7000151,9.9960213,9.5236902,8.9710674,9.4380331,9.5623341,.31999999,.34,.49000001,.41999999,.93000001,1,1.05,1.0599999,.15000001,.090000004,1.61,1.5599999,.72000003,.64999998,.43000001,.33000001,1.95,2.0899999,.38,.38999999,.94999999,.76999998,2.1900001,2.3699999,.46000001,.38,.81999999,.56999999,.72000003,.56999999,1,.92000002,10.29923896845665,3.8066626,-7.8035612,0,10.299239,3.8066626,1,-7.8035612,0
21,21181,0,0,0,0,0,0,0,0,0,0,0,0,1,1,0,0,1,1,0,1,3,4.59512,1.9459101,2.1972246,1.9459101,4.3307333,0,2.0794415,0,1.9459101,2.7080503,0,0,0,0,1.9459101,4.1108737,3.2580965,7.3815017,3.1354942,3.2580965,5.5490761,7.1701198,0,3.0445225,0,3.6635616,6.7031879,0,0,0,0,2.3978953,6.182085,5.0814042,9.6051493,9.9406385,9.6946783,9.5765791,9.6016388,0,9.5249319,0,9.7396145,9.7292528,0,0,0,0,9.037652,9.3412809,9.3454828,.47999999,.54000002,.44,.44,1.65,1.6,.97000003,.98000002,0,0,.27000001,.22,0,0,.38999999,.37,2.23,2.1800001,0,0,0,0,0,0,0,0,.20999999,.19,.49000001,.41,.47999999,.41,8.813587204470039,0,0,0,8.8135872,0,0,0,0
21,21183,0,22,14,21,22,16,21,19,16,21,19,21,35,36,20,43,27,28,38,27,22,5.855072,2.5649493,2.9444389,2.7080503,5.7104268,3.1354942,3.1354942,3.3322046,2.7725887,4.2195077,1.6094379,2.9444389,3.3322046,2.8332133,3.6109178,5.4595857,4.6728287,8.4887934,4.4543471,4.7535901,6.7405195,8.246172,4.2484951,5.0172796,5.9889612,4.882802,7.4933171,4.1108737,5.521461,7.1252832,5.9964519,4.7621741,7.6088705,6.8956828,9.7360153,10.053544,9.7355423,9.6790304,9.7399092,10.34782,9.9745979,9.4352427,9.7487621,9.9104633,9.2382469,8.6661301,9.6220522,10.469568,9.4211683,9.5587416,9.6676388,.60000002,.63999999,.64999998,.58999997,1.79,1.6900001,.94,.95999998,.15000001,.23999999,.64999998,.74000001,.82999998,.63999999,.43000001,.36000001,1.62,1.67,.49000001,.22,.58999997,.47,1.5599999,1.17,5.1599998,11.12,.75999999,.81999999,.68000001,.62,.98000002,1.02,9.9572652582166,2.7080503,-7.7783589,0,9.9572649,2.7080503,1,-7.7783589,0
21,21185,0,243,235,249,243,262,249,308,262,320,308,320,357,375,429,409,409,448,362,402,405,6.4264884,1.7917595,3.0910425,2.4849067,6.3595738,4.3174882,4.8751974,3.6635616,3.4965076,5.1929569,1.9459101,3.713572,3.4011974,2.9444389,3.9120231,5.9864521,5.0369525,9.0138388,4.2484951,7.1739583,6.7912216,8.6914825,6.1025586,6.7844572,6.7979403,5.3375382,7.5368972,3.9889841,6.669498,6.6644092,5.3327188,5.5947113,8.312871,7.2534704,9.7244806,10.0507,9.8824167,9.9376955,9.6438093,9.573802,9.7739477,9.5237637,9.7061338,9.9128933,9.9674006,8.8826694,10.085851,9.7373743,9.6756458,9.4905443,9.5930147,.28999999,.31,4.3499999,4.6199999,1.11,1.38,.87,.81,.56999999,.41999999,2.26,2.1199999,1.11,.94,.41,.33000001,1,1.05,.25999999,.23999999,1.1,1.1,.57999998,.69999999,1.5700001,1.65,1.03,1.47,.81,.69999999,.82999998,.81,10.41220094711584,4.8598123,-7.5984287,0,10.412201,4.8598123,1,-7.5984287,0
21,21187,0,14,20,13,14,9,13,23,9,17,23,17,16,15,32,32,21,25,34,27,28,4.919981,2.1972246,2.5649493,2.3025851,4.6634393,0,0,2.0794415,2.3025851,0,0,2.3025851,0,0,2.8903718,4.5217886,3.6635616,7.3537221,3.4339871,4.0253515,5.8230457,7.0361485,0,0,5.2040067,4.4773369,0,0,4.7004805,0,0,3.7612002,6.6605749,5.817111,9.6886225,9.855505,9.9550362,9.6218538,9.6878777,0,0,9.319643,9.5621233,0,0,8.722743,0,0,9.1423826,9.5553474,9.8481331,.67000002,.62,.98000002,1.16,2.22,2.0799999,.87,.88,0,0,0,0,1.1799999,.85000002,.89999998,.66000003,0,0,0,0,.81,.70999998,0,0,0,0,.86000001,.75,.81999999,.77999997,1.04,1.35,9.108861203026329,1.7917595,-7.7314997,0,9.108861,1.7917595,1,-7.7314997,0
21,21189,0,1,1,1,1,1,1,1,1,1,1,1,1,1,1,1,1,1,1,1,1,4.0253515,1.7917595,2.1972246,2.1972246,3.4657359,0,0,0,0,0,0,0,0,0,0,0,2.5649493,6.1696105,3.0445225,3.7376697,5.3471074,5.32301,0,0,0,0,0,0,0,0,0,0,0,4.1896548,9.5563383,9.6817179,9.8279552,9.6778412,9.3216133,0,0,0,0,0,0,0,0,0,0,0,9.0693531,1.48,1.28,2.4000001,2.8699999,4.52,5.0999999,.50999999,.41,0,0,0,0,0,0,0,0,0,0,0,0,0,0,0,0,0,0,0,0,0,0,.67000002,.44999999,8.524367395164237,0,-7.8963976,0,8.5243673,0,1,-7.8963976,0
21,21191,0,9,6,8,9,13,8,10,13,10,10,10,12,14,13,17,18,14,18,12,9,5.2933049,1.9459101,2.5649493,2.3025851,5.1239638,2.3978953,0,2.4849067,2.8903718,3.1780539,0,2.6390574,1.9459101,0,0,4.9698133,4.2046928,7.668561,3.5263605,4.3820267,6.0234475,7.3864708,3.7612002,0,4.6443911,4.5108595,6.5861716,0,4.8362818,6.1025586,0,0,6.7900972,6.0730443,9.663516,9.9830379,9.6619253,9.6100559,9.6689034,9.5982523,0,9.1401329,9.3799992,9.983223,0,8.5814819,9.8332262,0,0,9.3106384,9.4646721,.54000002,.57999998,1.02,.92000002,1.98,1.88,.89999998,.92000002,.20999999,.17,0,0,.49000001,.30000001,.68000001,.43000001,1.49,1.77,0,0,.68000001,.52999997,1.27,1.27,0,0,0,0,.68000001,.51999998,.98000002,.88999999,9.395657437749936,1.7917595,-7.6508093,0,9.3956575,1.7917595,1,-7.6508093,0
21,21193,0,15,18,8,15,7,8,11,7,16,11,16,11,16,9,12,12,10,13,17,13,6.5610309,2.4849067,3.7376697,2.5649493,6.4630294,3.8501475,3.4657359,4.1271343,3.6109178,4.4773369,2.6390574,3.7612002,2.7080503,3.7376697,3.9120231,6.3135481,5.6970935,9.2148304,5.1647859,6.338594,7.123673,8.9950409,5.5053315,4.9698133,7.1057863,5.811141,7.8674884,5.09375,6.5736804,5.3981628,7.7164607,5.1357985,8.6037378,7.8590269,9.9781771,10.084434,9.8962107,9.7001467,10.017842,9.8364925,9.6214561,9.9667912,10.074411,10.408708,9.9636412,8.7598257,10.051304,10.47127,9.1516514,9.7578259,9.7866726,.58999997,.50999999,1.54,1.29,1.27,.95999998,.95999998,1.01,.25,.19,.30000001,.19,1.23,1.27,.52999997,.49000001,1.14,1.52,.63,.46000001,.81999999,.56,.13,.12,13.94,23.6,.52999997,.34999999,.88999999,.77999997,1.25,1.14,10.31834177794098,1.6094379,-7.7636318,0,10.318342,1.6094379,1,-7.7636318,0
21,21195,0,163,169,140,163,174,140,172,174,184,172,184,151,188,222,219,228,171,181,189,174,7.3607397,2.7725887,3.4011974,2.8903718,7.3198647,4.8202815,4.59512,4.8202815,4.4067192,5.971262,2.3025851,4.4998097,3.6109178,5.5451775,4.7449322,7.0192966,6.3491392,9.9579754,5.9188938,6.329721,7.8022094,9.783577,6.6871085,6.4831076,7.6939373,6.8341088,8.8464966,5.3659759,7.1770186,5.6131282,8.7031746,6.09131,9.286375,8.4963779,9.9661341,10.211303,9.9933281,9.7422619,9.9868631,9.8896418,9.8684816,9.8783751,9.9013348,10.327676,10.150426,8.8558064,9.7806416,10.385141,9.3316727,9.683651,9.6548338,.58999997,.58999997,.73000002,.68000001,1.1900001,.94999999,1,1.04,.40000001,.31999999,.64999998,.52999997,1.0599999,1.01,.69999999,.55000001,1.45,1.79,.40000001,.34999999,.70999998,.55000001,.079999998,.059999999,17.780001,27.959999,.66000003,.51999998,.83999997,.69,1.12,.91000003,11.19248601361359,4.8675346,-7.7825885,0,11.192486,4.8675346,1,-7.7825885,0
21,21197,0,2,1,1,2,1,1,2,1,1,2,1,1,2,1,2,2,2,3,2,1,5.2149358,2.1972246,2.6390574,2.3025851,5.0172796,2.3025851,0,2.4849067,2.4849067,3.4339871,0,2.4849067,2.7725887,0,0,4.7874918,4.1108737,7.6801758,3.9702919,5.0106354,5.9215784,7.372118,2.7725887,0,4.7957907,4.1743875,6.6106958,0,4.2904596,6.5206213,0,0,6.7428808,6.2576675,9.5993376,9.8796558,9.5700407,9.7595015,9.5494518,9.5409384,0,9.2160244,9.741086,9.4756231,0,8.756525,9.4525805,0,0,9.6098547,9.7555676,.82999998,.85000002,1.9,1.67,1.77,2.0799999,.88,.85000002,.079999998,.059999999,0,0,.56999999,.40000001,.47999999,.46000001,1.51,1.15,0,0,.38999999,.38999999,1.91,1.39,0,0,0,0,.63999999,.70999998,1.16,1.51,9.366146823114383,0,-7.5572295,0,9.366147,0,1,-7.5572295,0
21,21199,0,134,138,137,134,173,137,180,173,164,180,164,195,222,260,198,225,229,258,221,214,7.1090622,2.7725887,3.8066626,3.2188759,7.0361485,4.5747108,4.8751974,4.5747108,4.3307333,5.4205351,2.8903718,4.4886365,4.4308167,2.3025851,4.6821313,6.8145428,6.0567842,9.8162947,5.4205351,7.2115569,7.2772479,9.6357384,6.2915692,6.7557688,7.6792512,6.4583383,8.5558367,5.5645204,7.2189097,8.3530254,4.5538769,6.1003189,9.2207861,8.4538269,9.6653576,10.046202,9.7640533,9.8018427,9.6350193,9.6442633,9.466609,9.7503948,9.7786608,9.7889185,9.9099169,8.8589373,9.8386822,9.9829912,9.276783,9.545598,9.5356073,.41999999,.47999999,2.02,2.03,.81,.93000001,1,.98000002,.31,.25999999,.98000002,.72000003,1.2,1.36,.56,.51999998,1.25,1.22,.56,.52999997,.86000001,.88999999,1.41,1.41,.31999999,.46000001,.75999999,.77999997,.91000003,.87,1.24,1.21,10.80950570163954,4.7004805,-7.8205128,0,10.809505,4.7004805,1,-7.8205128,0
21,21201,0,5,1,1,5,2,1,1,2,2,1,2,4,2,4,2,1,2,4,4,2,3.583519,1.6094379,0,0,2.7080503,0,0,0,0,0,0,0,0,0,0,0,1.9459101,5.1239638,2.0794415,0,0,3.7612002,0,0,0,0,0,0,0,0,0,0,0,3.0910425,9.5614195,9.8513517,0,0,9.5500927,0,0,0,0,0,0,0,0,0,0,0,9.924221,1.61,1.73,0,0,0,0,.31,.31,0,0,0,0,0,0,0,0,0,0,0,0,0,0,0,0,0,0,0,0,0,0,.63,1.03,7.66105638236183,1.3862944,-7.6184392,0,7.6610565,1.3862944,1,-7.6184392,0
21,21203,0,14,15,14,14,21,14,33,21,17,33,17,23,21,49,33,27,35,34,32,38,5.3033047,2.0794415,2.6390574,2.4849067,5.1239638,2.1972246,0,2.6390574,2.3025851,3.6109178,0,2.9957323,2.5649493,0,0,4.8751974,4.1588831,8.0365734,3.6109178,4.2341065,6.1180973,7.8371596,3.8286414,0,5.9989367,4.356709,7.1147695,0,5.8318825,7.0066953,0,0,7.1724248,5.971262,9.4713964,9.8479223,9.8334942,9.7340031,9.3963223,9.0156631,0,9.6066303,9.5747747,9.481741,0,8.9122038,9.4638195,0,0,9.3083744,9.1838942,.40000001,.46000001,.61000001,.79000002,1.51,1.96,.98000002,.92000002,.15000001,.079999998,0,0,1.33,1.58,.40000001,.37,1.75,1.53,0,0,1.27,1.6799999,2.1800001,1.8200001,0,0,0,0,.69,.63999999,.61000001,.50999999,9.602585141913492,2.8903718,-8.1691303,0,9.6025848,2.8903718,1,-8.1691303,0
21,21205,0,1,4,4,1,3,4,4,3,3,4,3,5,4,4,7,5,8,3,7,5,6.0544395,2.3025851,3.4657359,2.5649493,5.9188938,3.1780539,0,3.5263605,3.1354942,4.0775375,1.9459101,3.871201,3.0445225,0,3.3672957,5.7462034,5.0039463,8.8457775,4.7095304,7.3543625,6.3491392,8.4553175,4.3307333,0,6.9431224,4.9904327,7.0414119,4.8751974,6.6871085,6.7369671,0,4.6051702,8.1766729,7.1436176,9.6795311,9.913537,9.9852057,9.775938,9.5317717,9.5302477,0,9.8743162,9.8204317,9.6680813,9.9270573,8.7797117,9.6298399,0,9.2701178,9.4837208,9.3061962,.54000002,.52999997,6.1599998,7.5900002,.85000002,.93000001,.81,.70999998,.11,.090000004,0,0,1.52,1.91,.34,.31999999,.72000003,.62,.74000001,.69999999,1.33,1.25,.74000001,.58999997,0,0,.44999999,.44999999,.83999997,.75,.88,.67000002,9.92098360015288,.69314718,-7.6901679,0,9.9209833,.69314718,1,-7.6901679,0
21,21207,0,5,9,14,5,15,14,19,15,13,19,13,19,19,23,13,23,23,16,23,18,5.6698809,2.0794415,2.8903718,2.3025851,5.5373344,2.9444389,0,3.0445225,2.9957323,3.8501475,1.6094379,3.0445225,2.9444389,0,3.1354942,5.3327188,4.5849676,8.7957335,4.3174882,5.3423343,6.4297194,8.6483965,3.8066626,0,5.2983174,5.3423343,8.2774124,4.5849676,5.8406415,8.2241631,0,4.5432949,7.4770384,6.6541524,9.5361853,10.154946,9.5789337,9.738554,9.498147,9.3526211,0,9.5595169,9.4443054,9.571784,9.6623707,8.8322954,9.5671053,0,9.2292604,9.3116322,9.3235798,.38,.56,.87,.81999999,.95999998,1.1799999,1.03,1.01,.07,.050000001,0,0,.31,.33000001,.50999999,.38,2.6199999,2.3399999,.57999998,.49000001,.60000002,.69,3.45,2.99,0,0,.44999999,.49000001,.44,.38,.56999999,.50999999,9.596690616224665,1.9459101,-7.6932678,0,9.5966902,1.9459101,1,-7.6932678,0
21,21209,0,15,9,13,15,15,13,17,15,16,17,16,15,18,24,22,20,24,21,27,29,6.2557502,2.0794415,2.8903718,2.3978953,6.182085,3.8501475,4.2766662,3.7612002,3.6635616,4.8520303,1.6094379,3.713572,3.713572,2.7080503,4.1271343,5.8749309,4.7874918,9.2789335,4.1108737,4.6728287,6.8585649,9.1684761,5.891644,6.0867748,6.6883545,5.5909872,8.6392336,4.2904596,6.7405195,8.5297146,4.9836068,5.2832036,8.2791901,7.2384968,10.090672,10.070399,9.8530884,9.7291346,10.122744,9.4805965,9.8901997,9.5974379,9.6690302,10.403444,9.9687138,8.8751469,10.452995,9.6043396,9.5065861,9.4982977,9.6447172,.19,.15000001,.27000001,.2,.91000003,.63999999,1.0700001,1.12,.34999999,.17,.86000001,.63,.75999999,.47999999,.40000001,.22,2.3199999,2.74,.27000001,.18000001,.91000003,.63,2.8800001,3.49,.85000002,.54000002,.57999998,.47999999,.60000002,.36000001,.63,.44999999,10.08025203066354,1.6094379,-7.1558456,0,10.080252,1.6094379,1,-7.1558456,0
21,21211,0,34,29,62,34,46,62,46,46,45,46,45,55,69,83,86,70,73,78,54,55,6.2728772,2.3025851,3.1354942,2.5649493,6.182085,3.8501475,4.0604429,3.5553482,3.8286414,4.7361984,1.9459101,3.6109178,3.6888795,2.7080503,3.8501475,5.9162021,5.0238805,9.1166887,4.356709,5.7137327,6.50279,8.994421,5.676754,5.4467373,6.7141705,5.9348941,8.2411766,5.1119876,6.3818159,8.149313,4.6151204,5.4638319,8.3579626,7.4826818,9.7662354,10.109323,9.8107138,9.8729248,9.7512102,9.5915813,9.6542568,9.6712399,9.7210655,9.9260311,10.103853,8.7137461,9.9537525,9.3885698,9.3592777,9.5648632,9.6194658,.28999999,.31999999,.91000003,.86000001,.75,.83999997,1.0599999,1.0599999,.33000001,.23999999,.52999997,.43000001,.92000002,.87,.66000003,.52999997,1.83,1.86,.70999998,.74000001,.75,.60000002,2.3199999,2.3599999,.69,.49000001,.81,.81,.76999998,.68000001,.94,.89999998,10.11956620612822,2.3978953,-7.6430435,0,10.119566,2.3978953,1,-7.6430435,0
21,21213,0,33,29,42,33,26,42,23,26,37,23,37,26,33,46,34,42,52,44,56,55,5.8289456,1.7917595,2.6390574,2.4849067,5.7333412,3.4011974,3.2580965,3.0445225,0,4.1431346,0,3.3672957,3.5263605,0,3.6109178,5.5053315,4.6151204,8.8237953,3.8286414,4.3040652,6.3526292,8.7160444,5.655992,4.6347289,5.2364421,0,8.1886892,0,6.4488893,8.1101265,0,5.0751739,7.8236461,6.906755,9.8761168,10.117711,9.6964016,9.7403212,9.8879681,10.186145,9.5530081,9.2547398,0,10.091832,0,8.8808632,10.107612,0,9.2926579,9.4937134,9.5327864,.23,.23,.30000001,.23,.87,.75999999,1.0700001,1.1,.44,.51999998,.31999999,.20999999,.28,.16,0,0,2.3299999,2.5,0,0,1.0700001,.92000002,2.99,3.1700001,0,0,.74000001,.62,.60000002,.44999999,.70999998,.56,9.625425723461337,2.1972246,-7.0407138,0,9.6254253,2.1972246,1,-7.0407138,0
21,21215,0,3,4,2,3,4,2,4,4,3,4,3,3,2,4,4,2,6,2,2,2,4.5217886,1.9459101,2.5649493,1.7917595,4.1896548,2.5649493,1.7917595,1.3862944,1.3862944,2.3025851,0,1.7917595,0,0,0,4.0253515,2.9957323,6.7153835,3.3322046,3.6375861,5.433722,6.2728772,3.9120231,3.2580965,4.2626801,3.4011974,4.2341065,0,4.3174882,0,0,0,6.1333981,5.3659759,9.5532207,10.024598,9.7310963,9.7145042,9.4244833,9.3031015,9.2962427,10.037056,9.8071966,9.3949099,0,9.037652,0,0,0,9.428833,9.2495613,1.15,1.4,1.26,1.37,2.8499999,3.3499999,.76999998,.69,.63,.41999999,.66000003,.46000001,.88,1.47,.57999998,.62,.37,.27000001,0,0,1.05,1.45,0,0,0,0,0,0,.92000002,.88,1.25,1.03,8.824824939175638,0,-7.8338342,0,8.8248253,0,1,-7.8338342,0
21,21217,0,1,1,1,1,1,1,1,1,1,1,1,1,1,1,2,1,1,1,1,1,6.2878585,2.5649493,3.1354942,2.3978953,6.196444,3.8918202,0,3.9120231,3.6888795,4.5747108,1.6094379,3.4339871,3.6635616,0,3.8501475,5.9763508,5.1532917,9.181941,4.5217886,4.7621741,6.8885727,9.0513449,4.9126549,0,6.1696105,5.771441,8.5874653,4.7791233,6.1333981,8.54811,0,4.8675346,8.0602245,7.3277807,9.7019224,10.047241,9.7461319,9.7633057,9.6894274,9.7268105,0,9.6631975,9.6702938,9.7688122,9.9213276,8.7577839,9.772296,0,9.2276888,9.5387802,9.5978451,.31999999,.34999999,.33000001,.31,1.04,1.1,1.05,1.05,.15000001,.13,0,0,.5,.5,.52999997,.41999999,2.4200001,2.24,.47999999,.44,.55000001,.49000001,3.24,2.9300001,0,0,.41999999,.38999999,.52999997,.49000001,.75999999,.75999999,9.959206041292472,0,-7.9594536,0,9.9592056,0,1,-7.9594536,0
21,21219,0,13,14,7,13,10,7,10,10,18,10,18,28,14,20,24,21,30,22,14,19,5.3278761,2.3978953,2.6390574,2.6390574,5.1119876,2.5649493,0,2.3978953,2.3978953,3.5263605,0,2.1972246,2.9444389,0,0,4.882802,4.1271343,7.8811822,3.8918202,3.6375861,5.9532433,7.6852436,3.4657359,0,4.0775375,4.4998097,7.2291141,0,4.2626801,7.1823521,0,0,6.6808548,6.1717005,9.5268288,9.9746447,9.710206,9.5635996,9.5038309,9.2960596,0,9.1078644,9.396986,9.5945139,0,8.5369959,9.5954666,0,0,9.3245611,9.4572001,.63,.75999999,.38999999,.43000001,1.5,1.55,.98000002,.97000003,.13,.090000004,0,0,.23,.15000001,.54000002,.38999999,2.29,2.1199999,0,0,.31,.27000001,3.03,2.73,0,0,0,0,.49000001,.44,.87,.91000003,9.300181075975972,1.3862944,-7.548286,0,9.3001814,1.3862944,1,-7.548286,0
21,21221,0,16,25,18,16,24,18,33,24,29,33,29,29,32,34,48,42,36,30,33,35,5.3518581,2.5649493,2.7725887,2.3025851,5.1474943,1.9459101,2.8903718,2.8332133,2.6390574,3.8918202,0,2.7725887,3.0445225,2.3025851,0,4.8121843,3.9120231,7.8773971,5.4380794,5.3423343,5.771441,7.5374298,3.1780539,4.3820267,5.3082676,4.5849676,6.9027429,0,5.1929569,6.7696419,3.7841897,0,6.7821922,5.768321,9.6792183,10.161882,9.4783812,9.8005686,9.5981169,9.5778265,9.6203947,9.3900757,9.6871338,9.7881889,0,8.7602959,9.8184738,9.3894901,0,9.3287458,9.3845453,2.95,3.72,2.1700001,1.61,1.25,1.41,.85000002,.80000001,.090000004,.07,.63999999,.54000002,.77999997,.61000001,.58999997,.5,1.66,1.6,0,0,.79000002,.73000002,2.02,1.95,1.04,.80000001,0,0,.55000001,.41999999,.58999997,.49000001,9.245804036251752,2.6390574,-7.9231663,0,9.2458038,2.6390574,1,-7.9231663,0
21,21223,0,10,11,12,10,10,12,18,10,16,18,16,13,21,17,20,20,21,14,13,19,4.3040652,1.7917595,0,0,4.0073333,1.3862944,2.4849067,1.3862944,1.9459101,2.7725887,0,1.7917595,0,0,0,3.6635616,0,7.097549,2.9957323,0,0,6.8977051,3.5263605,3.4965076,4.1431346,3.871201,4.1743875,0,3.2958369,0,0,0,6.8297939,0,10.100328,9.9182281,0,0,10.161998,10.222559,9.4222212,9.1755419,9.7906551,9.3257208,0,8.384347,0,0,0,10.200848,0,.56,.37,0,0,0,0,.98000002,1.0599999,.28999999,.28999999,.56999999,.25999999,.52999997,.22,.63999999,.38,.23999999,.090000004,0,0,.25999999,.11,0,0,0,0,0,0,1.26,1.51,0,0,8.714403360703942,1.3862944,-7.8101621,0,8.7144032,1.3862944,1,-7.8101621,0
21,21225,0,10,16,7,10,15,7,17,15,9,17,9,13,25,29,18,20,18,22,20,13,5.855072,1.9459101,2.3978953,2.6390574,5.7557421,2.9444389,3.3672957,3.2188759,2.8903718,4.3040652,0,3.3322046,3.0910425,3.1354942,0,5.4889379,4.7449322,8.7719908,4.0775375,3.871201,6.2422233,8.6707726,4.7184987,5.3327188,6.9460139,5.0434251,8.0974264,0,5.5093884,7.0833879,7.5427437,0,7.8414931,6.7499313,10.114396,10.171796,9.8144379,9.8458052,10.136502,10.099547,10.245196,9.6738853,9.725915,10.410425,0,8.6659584,9.7803593,10.681987,0,9.6140041,9.6595669,.31,.25,.2,.14,.81999999,.63,1.08,1.12,.18000001,.15000001,.67000002,.69,1.64,1.1,.38,.22,2.24,2.5999999,0,0,.44,.23999999,1.13,.68000001,18.25,33.27,0,0,.64999998,.43000001,.63999999,.44999999,9.714564252107611,1.0986123,-7.5739613,0,9.7145643,1.0986123,1,-7.5739613,0
21,21227,0,193,226,211,193,260,211,246,260,275,246,275,285,317,335,406,347,331,409,380,375,7.5606012,3.1780539,3.8501475,2.8332133,7.5137091,5.2311087,5.3033047,5.1984968,5.0498562,5.7807436,3.1780539,5.0751739,4.6151204,3.0910425,5.3082676,7.3192024,6.3935909,10.48114,6.0776424,7.8766384,7.8371596,10.310052,7.7861366,7.5595593,8.2850084,7.2377782,9.1038685,6.2915692,8.2656498,8.8472157,4.7535901,6.8035054,9.9543228,8.980298,9.8036118,10.225933,10.043771,9.8630819,9.7663498,9.5759554,9.8501396,9.9322205,9.9219656,10.099424,9.8937407,8.8186302,10.164428,9.6273384,9.2552185,9.5813522,9.5691328,.41,.49000001,2.02,2.3399999,.73000002,.77999997,1.01,.98000002,.69999999,.49000001,1.13,1.0599999,1.13,1.34,.62,.57999998,1.11,1.29,.58999997,.47999999,1.26,1.09,1.1900001,1.4400001,.2,.18000001,.79000002,.69,.97000003,.83999997,1.08,.94999999,11.24730490452096,4.9272537,-6.9979048,0,11.247305,4.9272537,1,-6.9979048,0
21,21229,0,22,16,24,22,33,24,38,33,25,38,25,37,34,38,24,28,40,29,34,23,5.3612924,2.0794415,2.6390574,2.1972246,5.2040067,2.1972246,2.9957323,2.5649493,2.5649493,3.6375861,0,2.1972246,2.6390574,1.3862944,0,4.9698133,4.3040652,7.6568103,3.7841897,4.0073333,5.891644,7.4115562,3.3672957,5.0106354,4.9416423,4.4067192,6.7178049,0,4.2046928,6.4738908,3.3672957,0,6.7190132,5.9814143,9.5487394,9.9265203,9.6750174,9.606226,9.5187807,9.3182974,9.8156395,9.2445488,9.7481194,9.7384949,0,8.8456335,9.7235832,9.6506577,0,9.2370796,9.19238,.69999999,.79000002,.70999998,.73000002,1.76,1.86,.94,.92000002,.14,.1,1.49,1.74,.67000002,.51999998,.62,.63,1.72,1.79,0,0,.36000001,.41999999,1.87,1.87,.86000001,.99000001,0,0,.63999999,.50999999,.89999998,.69999999,9.25349564229011,2.7725887,-7.7230349,0,9.2534952,2.7725887,1,-7.7230349,0
21,21231,0,34,31,26,34,36,26,26,36,32,26,32,25,48,28,54,45,47,49,54,45,5.6801724,2.0794415,2.9957323,2.4849067,5.5373344,2.4849067,2.8332133,2.9957323,2.6390574,4.1588831,1.6094379,2.9957323,3.713572,1.7917595,3.2958369,5.2470241,4.5325994,8.3753996,3.8501475,4.9698133,6.2672005,8.1945057,3.4657359,3.7841897,5.7071104,4.7095304,7.527256,5.3890719,5.8141303,7.4656553,4.1896548,4.4659081,7.4753394,6.5206213,9.4611769,9.9474087,9.8293028,9.8201056,9.3683691,9.3771248,9.2921972,9.4925823,9.7316313,9.4815884,9.1908522,8.6950045,9.4972467,9.1224918,9.2950487,9.2334709,9.1995831,.37,.46000001,.91000003,1.1900001,1.25,1.79,1,.92000002,.079999998,.059999999,.20999999,.16,.70999998,.75999999,.41,.44999999,1.88,1.66,1.97,1.12,.88999999,.95999998,2.46,2.1500001,.94999999,.69999999,.63,.79000002,.67000002,.57999998,.75999999,.64999998,9.768125914605452,3.2958369,-7.7485209,0,9.7681255,3.2958369,1,-7.7485209,0
21,21233,0,18,13,18,18,25,18,20,25,15,20,15,17,15,24,18,21,41,25,23,30,5.5984221,1.9459101,2.6390574,2.5649493,5.4638319,2.9444389,2.7725887,2.6390574,3.0445225,3.8918202,0,2.9444389,2.8332133,2.7725887,0,5.2311087,4.3944492,8.347827,3.871201,4.4773369,6.2859979,8.174139,4.4426513,3.9120231,5.267858,5.0814042,7.5832477,0,4.8751974,6.7262335,6.985642,0,7.3677087,6.8068295,10.10115,9.9913149,9.6928282,9.7272272,10.156539,9.3585882,9.7120247,9.119978,9.683713,10.414963,0,8.5348368,9.6843357,10.767959,0,9.701004,9.9423237,.38,.27000001,.56999999,.34,1.3099999,.89999998,1,1.08,.20999999,.090000004,.25,.15000001,.47,.18000001,.61000001,.33000001,2.05,2.4200001,0,0,.36000001,.17,1.21,.67000002,15.97,32.169998,0,0,.62,.44999999,1.03,.98000002,9.543593145970423,2.8332133,-7.778286,0,9.5435934,2.8332133,1,-7.778286,0
21,21235,0,24,22,13,24,40,13,26,40,22,26,22,16,28,31,32,28,29,27,33,33,6.5323343,2.6390574,3.1780539,2.7725887,6.4536252,3.8918202,3.7612002,4.3174882,3.8501475,4.6821313,2.6390574,4.0073333,3.4011974,3.5553482,4.1271343,6.2672005,5.4161005,9.1917686,4.9272537,5.7004437,6.9772816,9.0249739,5.6419072,5.4467373,7.506042,5.9964519,7.6746173,5.2832036,6.669498,7.0139155,6.6970344,5.2983174,8.7250204,7.8103528,9.7380228,10.222305,9.7156506,9.7912703,9.7213058,9.6865749,9.6368494,9.9045372,9.6673851,9.947648,9.7638235,8.8122482,9.7443743,10.23218,9.3225079,9.6282606,9.5664053,.47,.60000002,.82999998,.74000001,1.12,1.1799999,1.01,1.01,.30000001,.25,.5,.40000001,1.88,2.3099999,.66000003,.50999999,.95999998,1.03,.79000002,.60000002,.92000002,.85000002,.69,.58999997,5.1500001,8.7200003,.63999999,.63,1.03,1,1.21,1.14,10.41409315209857,3.2580965,-8.0959768,0,10.414093,3.2580965,1,-8.0959768,0
21,21237,0,1,0,0,1,1,0,1,1,1,1,1,1,2,1,3,1,3,1,0,2,4.6634393,2.0794415,2.3978953,2.0794415,4.3694477,0,0,1.7917595,0,2.6390574,0,1.6094379,1.9459101,0,1.3862944,4.1743875,3.8066626,6.7557688,3.6635616,4.1271343,5.556828,6.212606,0,0,4.0073333,0,5.1416636,0,3.713572,4.8903489,0,2.1972246,5.7960577,5.3033047,9.5559845,10.071372,9.9014359,9.6252279,9.4040966,0,0,9.2223673,0,9.4649048,0,8.6767578,9.419385,0,9.0215979,9.3710127,9.4834929,1.53,2,1.98,2.53,3.0999999,3.3199999,.69,.61000001,0,0,0,0,.64999998,.47999999,0,0,.87,.69,0,0,.55000001,.52999997,.94,.69,0,0,.33000001,.28,.63,.56999999,1.13,1.17,8.780018887869153,0,0,0,8.7800188,0,0,0,0
21,21239,0,93,82,108,93,115,108,91,115,121,91,121,149,175,229,176,177,172,196,165,175,6.2728772,2.1972246,2.8332133,2.4849067,6.1984787,4.0775375,4.1588831,3.5263605,3.5553482,4.8520303,1.9459101,3.6888795,2.9957323,3.7841897,4.3438053,5.8971539,4.7273879,9.0432224,3.8066626,4.0604429,6.4297194,8.9538984,5.9635792,5.602119,6.4216223,5.4510384,8.4565935,4.0430512,6.1180973,8.1789198,6.7684932,5.5134287,8.0169773,6.9431224,9.9211311,10.205442,9.7865038,9.7959023,9.9295454,9.8693104,9.5898037,9.663516,9.845541,10.088099,9.7870665,9.1699352,10.187538,9.7222052,9.5559845,9.6193323,9.5919905,.18000001,.19,.19,.15000001,.75,.66000003,1.09,1.12,.47999999,.38999999,.67000002,.43000001,.74000001,.58999997,.44,.34,2.4400001,2.5,.25999999,.17,.62,.68000001,2.5699999,2.8299999,6.4099998,5.4400001,.92000002,.95999998,.58999997,.47,.58999997,.47,9.901235017482835,3.871201,-7.6910229,0,9.9012346,3.871201,1,-7.6910229,0
32,32001,0,19,20,21,19,30,21,31,30,23,31,23,22,29,32,35,37,39,32,28,24,6.2065759,2.8332133,0,0,6.1548581,4.2046928,4.3944492,3.4011974,3.7612002,4.7535901,1.7917595,3.8286414,2.8332133,2.8903718,3.7612002,5.872118,4.7874918,8.6747093,6.1025586,0,0,8.3975086,6.9177055,5.9661469,5.9635792,5.1357985,6.669498,4.0604429,6.7615728,5.572154,4.9126549,5.0814042,8.2016602,6.8987145,9.8670311,9.8779135,0,0,9.8123589,10.051865,10.045247,9.6678286,9.8693619,10.038892,9.9795685,9.0936937,10.121056,9.8356371,9.7060118,9.7558575,9.8307018,2.5799999,2.03,0,0,0,0,.91000003,.87,1.8,1.87,1.4,1.49,.68000001,.57999998,.46000001,.38999999,.58999997,.61000001,.38999999,.31999999,1.7,1.8200001,.27000001,.30000001,1.45,1.45,.86000001,1.1,1.02,.99000001,.81999999,.88,9.794676646677948,1.7917595,-8.1354446,0,9.7946768,1.7917595,1,-8.1354446,0
32,32003,0,4931,3995,5028,4931,5707,5028,6237,5707,6151,6237,6151,6662,7405,9822,11441,11055,10226,8762,7216,6886,9.6134024,4.0943446,2.1972246,3.0910425,9.6073027,7.840313,7.6572828,7.2598195,7.4211774,7.9323621,5.4722705,7.3138866,6.418365,4.0604429,7.1220598,9.3998861,8.1501789,12.830087,8.8464966,8.9404984,10.119204,12.718543,10.650909,10.468773,9.8879681,9.8921232,10.731799,8.6926584,11.746597,9.2244406,6.1047931,9.1390591,12.571038,11.078336,10.011265,10.332181,10.030473,10.284899,9.9790125,10.103035,10.245232,10.353097,10.036181,10.223866,10.216472,9.7294321,10.14894,10.16053,9.7801895,9.9339199,9.97334,.63,.68000001,.56,.51999998,.68000001,.89999998,1.0700001,1.05,1.1799999,1.12,1.98,2.24,.54000002,.77999997,.85000002,.72000003,.54000002,.57999998,.62,.56999999,3.9000001,6.8200002,.17,.16,.07,.090000004,.77999997,.93000001,1.27,1.27,.83999997,.89999998,13.51637514570705,6.2265368,-8.1088772,1,13.516376,6.2265368,1,-8.1088772,1
32,32005,0,126,128,121,126,99,121,115,99,117,115,117,127,115,140,138,132,138,81,78,77,6.8046145,2.8332133,0,0,6.7684932,4.8121843,5.1984968,3.7612002,4.7621741,5.4249501,2.9444389,4.5643482,3.4965076,2.5649493,4.3438053,6.4661446,5.1239638,9.8121395,4.3694477,0,0,9.7367239,6.1841488,6.9498563,5.749393,6.280396,7.7345591,5.3706379,9.3532276,7.0553126,4.4308167,6.1003189,9.5916491,6.9660244,9.8684301,10.237993,0,0,9.8432598,10.103485,10.132772,9.6532936,10.109037,10.16304,10.383194,9.7326994,10.199919,10.002473,9.6988592,9.7826185,9.848609,.15000001,.16,0,0,0,0,1.11,1.1,.28,.30000001,1.2,1.4,.17,.15000001,.47,.49000001,.55000001,.63999999,.46000001,.56999999,7.2800002,14.73,.38999999,.44999999,.28999999,.34,.76999998,.97000003,1.3200001,1.3099999,.28,.31,10.22691073364068,2.8332133,-8.0172348,0,10.226911,2.8332133,1,-8.0172348,0
32,32007,0,38,34,52,38,49,52,61,49,43,61,43,36,39,45,62,49,75,69,51,55,6.8090391,3.2188759,0,0,6.7615728,4.5538769,5.0238805,3.6888795,4.0430512,5.4467373,2.7080503,4.8675346,3.0910425,4.0604429,4.0943446,6.4488893,5.4380794,9.6403027,5.9269261,0,0,9.4576693,6.2383246,7.1260872,6.1717005,6.0354815,7.9494443,5.2729998,8.6244316,4.8520303,7.2875605,5.480639,9.2074366,7.8062892,9.8636551,10.176944,0,0,9.8205948,10.055779,10.18893,9.7715549,9.8237944,10.277118,9.9649115,9.3399639,9.9065332,10.371364,9.8304863,9.6408882,9.9591112,.81999999,.88,0,0,0,0,1,.97000003,.34999999,.36000001,1.7,2.0999999,.31999999,.30000001,.44,.34999999,.81,1.0599999,.5,.41,4.1700001,5.73,.050000001,.039999999,5.9299998,10.19,.49000001,.70999998,1.0700001,.93000001,.76999998,.94,10.42019583946027,2.6390574,-8.5818205,0,10.420196,2.6390574,1,-8.5818205,0
32,32009,0,4,5,4,4,3,4,7,3,3,7,3,3,3,2,1,1,2,3,4,0,3.4657359,.69314718,0,0,3.2580965,0,0,0,0,2.5649493,0,0,0,0,0,2.4849067,0,5.8971539,1.3862944,0,0,5.5606818,0,0,0,0,5.31812,0,0,0,0,0,4.0253515,0,9.9916811,10.54831,0,0,10.079707,0,0,0,0,10.26615,0,0,0,0,0,8.7314978,0,.37,.47999999,0,0,0,0,.85000002,.94999999,0,0,0,0,0,0,0,0,2.46,2.79,0,0,0,0,0,0,0,0,0,0,.25,.079999998,0,0,7.203405521083095,0,0,0,7.2034054,0,0,0,0
32,32011,0,0,2,2,0,2,2,2,2,0,2,0,3,0,0,1,2,1,0,0,0,4.1743875,1.3862944,0,0,4.0253515,0,0,0,0,3.3322046,0,0,0,0,0,3.3322046,0,8.3005285,1.6094379,0,0,8.2591991,0,0,0,0,8.2356253,0,0,0,0,0,4.5108595,0,10.492523,9.5677347,0,0,10.510015,0,0,0,0,10.524441,0,0,0,0,0,9.5814209,0,.039999999,.0099999998,0,0,0,0,1.15,1.1799999,0,0,0,0,0,0,0,0,4.1199999,3.6700001,0,0,0,0,0,0,0,0,0,0,.039999999,.02,0,0,7.344072850573066,.69314718,-8.2979259,0,7.3440728,.69314718,1,-8.2979259,0
32,32013,0,16,8,12,16,8,12,8,8,10,8,10,14,9,8,14,16,15,19,14,11,5.9558372,2.7080503,0,0,5.8971539,3.3672957,3.9318256,2.7725887,3.2188759,4.6821313,1.9459101,4.0073333,2.5649493,3.7841897,3.2958369,5.5451775,4.5538769,8.7194805,5.0106354,0,0,8.5444193,4.8520303,6.2595816,4.4188404,4.5643482,7.8156104,4.3944492,7.0867381,4.5643482,7.5277939,4.2046928,7.8860812,6.8977051,10.068451,10.168272,0,0,10.07479,10.255622,10.314404,9.250618,10.058951,10.377856,9.7841969,9.2557917,10.031265,10.409823,9.4751635,9.6743889,9.9385166,.82999998,.70999998,0,0,0,0,1,1.02,.22,.23,1.79,2.05,.14,.059999999,.25,.20999999,1.78,2.0999999,.51999998,.28999999,2.25,2.3099999,.1,.079999998,18.940001,27.559999,.34,.28,.70999998,.51999998,.77999997,.75999999,9.460632055209405,1.0986123,-7.9093795,0,9.4606323,1.0986123,1,-7.9093795,0
32,32015,0,3,5,5,3,2,5,5,2,3,5,3,4,9,2,7,2,7,4,7,7,4.9904327,2.0794415,0,0,4.8903489,0,0,1.3862944,2.1972246,3.6888795,0,2.7725887,0,3.2580965,0,4.5325994,3.7376697,7.8732171,4.4998097,0,0,7.6898289,0,0,2.1972246,3.2580965,7.3018222,0,5.6937323,0,7.2384968,0,6.5539336,5.6835799,10.264583,10.247149,0,0,10.29482,0,0,9.5149536,10.018289,10.531483,0,8.9419374,0,10.539932,0,9.4648275,9.7548132,1.16,.88,0,0,0,0,1,1.04,0,0,0,0,.029999999,.02,.16,.1,2.48,2.8,0,0,1.3,.81,0,0,33.060001,45.02,0,0,.44,.20999999,.54000002,.36000001,8.742893471512136,0,0,0,8.7428932,0,0,0,0
32,32017,0,5,0,7,5,6,7,7,6,11,7,11,5,3,8,4,10,7,6,7,6,4.5217886,2.3025851,0,0,4.2484951,0,0,0,1.9459101,2.7080503,0,2.6390574,0,2.1972246,0,4.0073333,2.9444389,7.5104303,3.8066626,0,0,7.1770186,0,0,0,3.4339871,3.9120231,0,4.3174882,0,3.4657359,0,7.138073,4.8202815,10.262665,10.060962,0,0,10.336925,0,0,0,9.2852621,9.6675119,0,8.7833958,0,9.6018419,0,10.356217,9.063695,.82999998,.52999997,0,0,0,0,.86000001,.94,0,0,0,0,0,0,.27000001,.079999998,.12,.059999999,0,0,.47,.25,0,0,1.09,.57999998,0,0,1.13,1.35,.33000001,.11,8.236155661683124,0,0,0,8.2361555,0,0,0,0
32,32019,0,40,34,48,40,38,48,40,38,50,40,50,46,54,80,103,94,88,50,53,52,6.2045579,2.7080503,0,0,6.1548581,3.6888795,4.4188404,3.0445225,3.3672957,5.1704841,1.7917595,3.9512436,3.9889841,3.6888795,3.3672957,5.6869755,4.7791233,8.5728168,3.9512436,0,0,8.3829756,5.9188938,6.1202974,5.2933049,4.8520303,7.6033993,3.871201,6.0867748,7.0749631,5.908083,5.7589016,7.7689562,6.7580943,9.8617277,10.119727,0,0,9.8349943,10.059123,10.092992,9.5335102,9.6694727,9.9601984,9.6496267,9.1258717,9.932415,9.8686886,9.6787176,9.7150469,9.8209209,.33000001,.34,0,0,0,0,.99000001,.98000002,.73000002,.76999998,1.8,2.04,.38,.28999999,.38999999,.27000001,1.67,1.59,.36000001,.20999999,.95999998,1.0700001,1.36,1.23,4.3400002,4.52,1.88,2.3499999,.74000001,.69,.79000002,.83999997,9.903537551286171,1.7917595,-5.3120055,0,9.9035378,1.7917595,1,-5.3120055,0
32,32021,0,6,5,2,6,2,2,5,2,3,5,3,2,0,5,5,4,3,5,3,1,4.9416423,2.1972246,0,0,4.8362818,0,2.4849067,2.0794415,2.3025851,3.4965076,0,2.8332133,0,0,0,4.5325994,3.6635616,7.8532162,4.6913481,0,0,7.6265702,0,3.6888795,3.8501475,3.8066626,6.4815769,0,5.9215784,0,0,0,7.2427979,5.4293456,10.059508,10.220085,0,0,10.065777,0,9.8610497,9.2645445,9.7407331,10.535982,0,9.1123972,0,0,0,9.7365475,9.7903185,1.4299999,1.3099999,0,0,0,0,.94999999,.97000003,0,0,.33000001,.23999999,.19,.090000004,.28,.17,1.11,1.55,0,0,1.67,1.5,0,0,0,0,0,0,.88999999,.69999999,.43000001,.36000001,8.775703886567738,0,-7.9964809,0,8.7757034,0,1,-7.9964809,0
32,32023,0,64,58,79,64,75,79,90,75,79,90,79,72,88,130,173,141,125,111,71,77,5.9763508,3.0445225,0,0,5.9026332,3.9120231,3.9512436,2.4849067,3.0910425,4.6249728,2.4849067,4.1271343,2.5649493,3.6109178,2.9957323,5.57973,4.4426513,9.235033,5.3082676,0,0,9.1195402,8.4815664,5.4722705,4.2484951,4.8362818,7.7557673,4.1896548,6.8895912,4.9972124,7.5750718,4.2341065,8.8242369,6.4488893,10.324826,10.350926,0,0,10.349774,10.523069,10.261617,9.5157642,9.7576523,10.407198,9.9920473,9.3600531,9.4972467,10.467266,9.2966099,10.329246,9.8107138,.67000002,.52999997,0,0,0,0,1.0599999,1.11,4.9000001,5.1799998,.49000001,.41,.07,.029999999,.2,.090000004,1,.94,.25,.13,1.1,.97000003,.090000004,.029999999,11.86,14.14,.20999999,.11,1.09,1.1900001,.30000001,.2,9.785885750455948,2.3025851,-7.0697622,0,9.7858858,2.3025851,1,-7.0697622,0
32,32027,0,1,4,2,1,3,2,2,3,3,2,3,1,2,7,5,3,3,3,3,2,4.8202815,1.7917595,0,0,4.7004805,2.1972246,0,1.3862944,1.6094379,3.5553482,0,2.8332133,0,2.9444389,0,4.3174882,3.3322046,7.4730692,2.7725887,0,0,7.2570028,3.1780539,0,2.3025851,2.9444389,6.7696419,0,5.31812,0,6.5366917,0,6.3044486,5.57973,10.067858,10.073442,0,0,10.104508,10.287559,0,10.428482,9.7674389,10.343128,0,9.0464087,0,10.356186,0,9.5441666,9.6638336,.31,.23,0,0,0,0,.95999998,1.01,.14,.16,0,0,.059999999,.079999998,.17,.11,2.1700001,2.47,0,0,1.34,1.11,0,0,24.450001,33.759998,0,0,.50999999,.33000001,.73000002,.54000002,8.374707543119483,0,-7.868516,0,8.3747072,0,1,-7.868516,0
32,32029,0,5,9,4,5,6,4,5,6,3,5,3,4,6,3,2,4,2,5,3,7,4.3944492,.69314718,0,0,4.3307333,0,0,0,0,2.3978953,0,3.1780539,0,0,0,4.1588831,3.1780539,6.6025877,1.0986123,0,0,6.4002576,0,0,0,0,5.209486,0,5.0689044,0,0,0,6.0402546,4.7621741,9.9768772,10.108141,0,0,9.9940596,0,0,0,0,10.470788,0,9.3127165,0,0,0,9.6851454,9.9701176,.14,.12,0,0,0,0,.98000002,1.01,0,0,0,0,0,0,0,0,1.09,1.54,0,0,2.49,2.96,0,0,0,0,0,0,.94,.75999999,.76999998,.83999997,7.834392302910437,.69314718,-8.2374163,0,7.8343921,.69314718,1,-8.2374163,0
32,32031,0,921,842,932,921,1002,932,1015,1002,1022,1015,1022,1039,1158,1342,1476,1441,1179,1020,978,782,8.9929304,3.8066626,2.8903718,2.7725887,8.9830637,7.2370591,6.8351846,6.5971456,6.8308744,7.2612252,4.6913481,6.6293631,5.9610052,4.6539602,6.5308776,8.7863035,7.5678625,11.864202,8.0465498,8.5960045,9.1221647,11.73125,9.3628902,8.9881964,9.3119936,9.0118895,9.7276449,8.2106676,10.538555,8.9339275,7.0749631,8.2406492,11.586399,10.354277,10.011175,10.398854,10.187613,10.174354,9.9772491,10.212662,10.235198,10.280107,10.079162,10.234337,10.095924,9.5631075,10.186597,10.491385,9.7052803,9.9305191,9.9923677,.74000001,.85000002,1.04,1.13,.66000003,.77999997,1.05,1.03,.85000002,.91000003,1.1799999,1.3200001,.79000002,1.08,.92000002,.81999999,.51999998,.56,1.01,.81999999,3.0599999,4.5300002,.33000001,.33000001,.51999998,.87,.83999997,.92000002,1.24,1.25,1.0700001,1.16,12.44771208838021,5.1647859,-7.9584813,0,12.447712,5.1647859,1,-7.9584813,0
32,32033,0,6,5,3,6,7,3,7,7,3,7,3,3,8,8,27,28,17,12,10,13,5.7037826,2.4849067,0,0,5.6276212,3.4657359,0,2.4849067,2.9444389,4.2626801,2.0794415,3.7376697,0,3.4657359,2.3025851,5.3327188,4.4188404,8.2725706,5.0689044,0,0,7.9473252,4.6051702,0,4.9052749,4.4067192,7.0184016,4.0430512,6.1590953,0,6.8341088,3.7612002,7.4448333,6.6707664,9.9982977,10.137096,0,0,9.9894361,9.9496078,0,9.7083235,9.9634533,10.340128,9.5861712,9.0603313,0,10.407077,9.9008341,9.6687775,9.8444271,1.37,1.23,0,0,0,0,.86000001,.87,.27000001,.22,0,0,.34999999,.27000001,.34,.27000001,1.25,1.52,.56999999,.28,1.39,1.26,0,0,14.8,23.02,.34,.46000001,.72000003,.56,.97000003,.93000001,9.133891199812776,.69314718,-8.0937014,0,9.1338911,.69314718,1,-8.0937014,0
32,32510,0,73,76,79,73,66,79,72,66,47,72,47,57,57,63,81,69,61,53,43,42,7.2247534,3.0910425,2.0794415,1.0986123,7.2004247,5.3612924,0,4.882802,5.0106354,5.6970935,2.8903718,4.8441873,4.6539602,0,4.6821313,6.9488974,5.676754,9.9754362,6.2785215,8.4844637,7.5469742,9.5627565,7.5548587,0,6.8627577,6.5510802,8.2807112,5.2311087,7.95015,7.9405837,0,6.280396,9.2377605,8.056427,9.981513,10.325875,10.188291,10.029195,9.8761168,9.9575024,0,10.102462,9.8932352,10.069679,9.8839989,9.2483101,10.076516,0,9.7280025,9.7905426,9.9178343,.83999997,.92000002,6.1599998,6.8800001,.91000003,.94999999,.79000002,.72000003,.92000002,.77999997,0,0,.44999999,.52999997,.51999998,.40000001,.81,.75999999,.34,.23,1.52,1.6900001,.80000001,.74000001,0,0,.77999997,.91000003,.79000002,.69999999,.70999998,.74000001,10.60764885435917,2.4849067,-7.887116,0,10.607649,2.4849067,1,-7.887116,0
45,45001,1,31,23,29,31,38,29,31,38,26,31,26,36,37,46,55,47,37,53,49,43,5.771441,1.9459101,2.5649493,2.1972246,5.676754,2.9444389,0,3.1780539,3.2188759,4.3174882,1.6094379,2.8903718,3.5553482,0,3.4965076,5.3798971,4.5325994,8.8153696,4.1108737,5.3327188,6.8330317,8.6201105,4.6443911,0,5.9427996,4.882802,8.2697573,4.2904596,5.3981628,8.2303104,0,4.2626801,7.4012313,6.4861608,9.8289261,10.099547,9.8041639,9.718482,9.8438435,9.5515871,0,9.6850824,9.6382847,9.9620867,9.9718933,8.8408699,9.9665089,0,9.2848911,9.4883509,9.4293156,.31,.31,.83999997,.74000001,1.42,1.27,.98000002,1.01,.16,.11,0,0,.57999998,.51999998,.31,.22,2.55,2.51,.41999999,.36000001,.38,.33000001,3.4000001,3.28,0,0,.33000001,.28999999,.40000001,.31,.47,.34999999,10.08004251443575,.69314718,-9.0896883,0,10.080043,.69314718,1,-9.0896883,0
45,45003,1,287,241,267,287,309,267,318,309,317,318,317,402,428,528,598,698,682,560,559,525,7.5989003,2.6390574,2.9957323,3.2580965,7.5683794,5.433722,5.602119,5.0106354,5.0814042,5.9635792,2.9957323,5.1817837,4.4659081,3.4657359,5.5872488,7.3440728,6.2822666,10.997724,6.6567264,7.2320104,8.2857656,10.889509,9.855032,9.0143251,7.8300281,7.2254815,9.7750854,6.3784261,8.0857944,9.0986261,6.059123,6.7250338,10.49183,9.0344381,10.167811,10.49847,9.9676352,9.9041872,10.183843,10.493411,10.337799,9.8308096,9.9323177,10.227056,10.082094,8.978282,10.118921,10.113424,9.3788166,10.162037,9.5727587,.44,.47999999,.63,.47,.68000001,.51999998,1.0700001,1.11,3.3199999,3.99,2.8800001,3.0599999,.43000001,.31999999,.37,.23999999,1.29,1.1900001,.38999999,.25999999,.63,.44,.91000003,.73000002,.44999999,.44,.44,.30000001,.99000001,1.0700001,.68000001,.41999999,11.7030498338272,1.6094379,-9.1042728,0,11.70305,1.6094379,1,-9.1042728,0
45,45005,1,10,9,11,10,10,11,12,10,11,12,11,21,7,14,17,21,19,14,27,19,5.3612924,1.7917595,2.6390574,2.0794415,5.220356,2.7080503,2.9957323,2.0794415,2.1972246,3.8501475,0,2.3978953,2.6390574,2.5649493,0,4.934474,4.2766662,8.1789198,3.6109178,6.2576675,6.3985949,7.785305,4.6347289,4.5325994,4.7449322,4.2341065,7.2203736,0,4.6347289,6.985642,5.2574954,0,6.9460139,6.3699012,9.7795668,9.9511814,9.9402056,9.6996565,9.7578259,9.9745979,9.7413807,9.3717785,9.6399126,9.756321,0,8.909235,9.8014545,9.464983,0,9.7598476,9.934453,.34999999,.31999999,4.0100002,4.27,1.73,1.6,.81,.80000001,.30000001,.31999999,.55000001,.47,.33000001,.23,.31,.22,1.6799999,1.42,0,0,.33000001,.31999999,1.85,1.59,3.3599999,2.54,0,0,.47999999,.50999999,.79000002,1.03,9.369222697036374,.69314718,-9.0307617,0,9.3692226,.69314718,1,-9.0307617,0
45,45007,1,369,278,372,369,452,372,457,452,465,457,465,573,567,682,686,760,928,769,679,727,7.8777761,2.4849067,2.7725887,3.2958369,7.8567066,5.6094718,5.8888779,5.4071717,5.3706379,6.3952618,2.7725887,5.3890719,5.4026775,2.7725887,5.6167712,7.5928702,6.6333184,10.884835,6.0112672,7.1041441,8.6879482,10.732126,7.9208097,7.8046594,7.9076514,7.3858509,10.027385,6.4199948,8.2581635,9.9021368,5.3659759,7.3421316,10.050441,9.2162228,9.816349,10.28254,9.8104944,9.9005833,9.7996817,9.4885025,9.8489256,9.9679632,9.8854256,9.979661,10.021537,8.856946,9.9972515,9.6873198,9.7765064,9.5856209,9.561842,.25999999,.31999999,.62,.56,1.14,1.24,1.03,1.02,.54000002,.34,.95999998,.88999999,.51999998,.63,.47999999,.43000001,1.86,1.9,.44999999,.41,.82999998,.74000001,2.28,2.3,.25,.23,.91000003,1.3099999,.70999998,.61000001,.91000003,.77999997,11.88583983278401,3.0445225,-6.9827585,0,11.885839,3.0445225,1,-6.9827585,0
45,45009,1,15,19,16,15,19,16,15,19,29,15,29,25,19,32,32,34,33,33,35,24,5.6664267,1.7917595,2.1972246,2.3025851,5.5759492,3.0445225,3.2958369,3.2580965,2.9444389,4.0604429,0,2.8903718,2.9444389,2.5649493,0,5.3278761,4.3944492,8.3414106,3.9318256,5.6347895,6.6669569,8.0317106,4.0775375,5.1119876,5.8200831,4.9698133,7.3901815,0,4.3438053,7.2406497,4.0943446,0,7.2841349,6.5875502,9.6577787,10.060576,9.9334345,9.7998476,9.5787268,9.2669096,9.5550642,9.7050362,9.6289186,9.6500778,0,8.812397,9.6699152,9.4068937,0,9.4928093,9.455245,.41,.47999999,1.83,2.1800001,1.9299999,2.22,.88,.81999999,.15000001,.090000004,.82999998,.67000002,.81999999,.88999999,.55000001,.44,1.7,1.46,0,0,.20999999,.20999999,2.03,1.73,.88999999,.72000003,0,0,.56999999,.52999997,.83999997,.75999999,9.735187237104428,.69314718,-9.6210241,0,9.7351875,.69314718,1,-9.6210241,0
45,45011,1,1,1,2,1,1,2,1,1,2,1,2,2,2,2,2,2,1,1,4,3,5.9242558,1.9459101,2.3025851,2.8332133,5.8289456,3.4339871,3.3672957,3.583519,2.7725887,4.0943446,1.6094379,3.2958369,3.1780539,2.0794415,3.7376697,5.6347895,4.8121843,8.8793335,4.0073333,5.4116459,7.0326242,8.6604271,6.4861608,5.7838254,6.1463294,4.2341065,8.0904026,4.2046928,5.6347895,7.9462638,4.7361984,4.3438053,7.8268423,6.7912216,9.8760138,10.031617,9.9084253,9.6631975,9.9101648,10.842732,10.101478,9.3705015,9.7816591,9.8567629,9.918376,8.6844015,9.8452225,9.1500597,9.0371771,9.9757156,9.3218813,.25999999,.23,.85000002,.80000001,1.62,1.3099999,.95999998,1.01,.94999999,2.1700001,.94999999,1.0599999,.66000003,.41,.15000001,.12,2,1.6900001,.36000001,.28,.44999999,.31999999,2.4000001,1.96,.99000001,.49000001,.34,.22,.56999999,.69,.60000002,.38,9.918031277976969,0,-8.4999933,0,9.9180317,0,1,-8.4999933,0
45,45013,1,724,727,773,724,1025,773,1077,1025,1124,1077,1124,1258,1219,1515,1744,1796,1676,1388,1268,1136,7.9302063,3.1354942,3.0910425,2.9957323,7.9065471,6.0614572,6.0684257,5.1532917,5.7104268,6.280396,3.583519,5.6903596,4.4773369,2.6390574,5.7300997,7.6875386,6.4520488,10.435908,7.46451,6.9593987,8.0026941,10.249662,8.2311096,7.9416513,7.4348478,7.7557673,8.3143425,6.4264884,8.9390564,6.9593987,5.3798971,7.5251007,10.093736,8.7490978,9.743084,9.9745979,9.6213894,9.9642067,9.7043657,9.9186716,9.9149714,9.9209833,10.025439,9.8863411,10.089926,9.3170404,9.8847122,9.4260159,9.6086464,9.670167,9.5904198,1.73,1.7,.85000002,.68000001,.89999998,1.13,.99000001,.97000003,1.15,1.1900001,1.73,1.84,.50999999,.63,1.1,1.21,.52999997,.52999997,.70999998,.75,2.5799999,3.9000001,.19,.18000001,.40000001,.30000001,1.71,2.24,1.17,1.1799999,.88999999,.85000002,11.36703226478983,3.8066626,-8.8711348,0,11.367032,3.8066626,1,-8.8711348,0
45,45015,1,190,156,204,190,226,204,246,226,316,246,316,371,433,573,653,771,796,692,615,610,7.0859013,2.7725887,2.7080503,2.3978953,7.0509896,4.7706847,5.4249501,4.2904596,4.5108595,5.7462034,2.1972246,4.7004805,4.0253515,3.4011974,4.8121843,6.7345915,5.7557421,10.164042,7.41998,7.3472996,8.2625589,9.8445864,7.579679,7.8551569,6.5694814,6.0210233,9.0325289,5.1532917,7.671361,8.5865326,6.0707378,6.5308776,9.2577009,8.3882227,9.921524,10.165813,10.249379,9.8938913,9.8693619,10.009153,9.914279,9.4658346,9.6432905,10.149957,10.065181,8.7764759,10.272841,9.6906033,9.2507143,9.5701103,9.6171379,2.1700001,2.1600001,1.64,2.0599999,1.54,1.49,.87,.83999997,.77999997,.74000001,2.0799999,1.85,.28,.18000001,.25,.16,1.42,1.54,.25999999,.22,.94999999,.69999999,1.26,1.51,1.04,.85000002,.82999998,.63999999,.66000003,.50999999,.81999999,.67000002,11.76582973988607,1.9459101,-8.9919882,0,11.76583,1.9459101,1,-8.9919882,0
45,45017,1,5,5,10,5,7,10,11,7,9,11,9,13,10,17,18,14,22,19,16,22,5.3752785,1.7917595,2.1972246,1.6094379,5.2781148,2.4849067,3.2580965,2.5649493,0,3.9120231,0,2.6390574,2.4849067,2.4849067,3.6375861,4.9836068,3.9702919,8.1684866,3.713572,5.4510384,6.0567842,7.9469714,3.5263605,4.6539602,5.2983174,0,7.5326238,0,4.4067192,7.3963351,4.8903489,4.4188404,6.865891,6.212606,10.119606,10.044032,9.5469551,9.778038,10.197276,8.805975,9.7470675,9.4445429,0,10.412592,0,9.1341066,10.495819,9.2756596,9.1123972,9.5665455,9.7382002,.38999999,.28,1.8099999,.93000001,1.24,.88,.95999998,1.05,.1,.02,.62,.38,.57999998,.31,0,0,2.3299999,2.6900001,0,0,.27000001,.23,2.8199999,3.46,2.3499999,1.05,.74000001,.40000001,.44999999,.28,.68000001,.51999998,9.4535218170269,0,-8.8537626,0,9.4535217,0,1,-8.8537626,0
45,45019,1,1547,1347,1807,1547,2036,1807,2279,2036,2241,2279,2241,2628,2862,3419,4130,4317,3671,3406,2948,3633,8.994421,4.0073333,3.4339871,3.6109178,8.9791651,7.0387836,6.9402223,6.6200733,6.5750756,7.2034054,4.2626801,6.5652652,5.6240177,3.5263605,7.0621915,8.7936125,7.6157908,11.963676,9.7802458,9.3640051,9.3104572,11.66611,9.4939394,9.2680435,9.2894287,9.0381279,10.029415,7.9006367,9.8307018,9.3622885,6.1047931,8.5779123,11.449677,10.45533,9.8837442,10.313807,10.038892,9.897419,9.7788305,9.734477,9.9273996,9.9254446,9.9563169,10.037275,10.159253,9.0495844,10.14612,9.2897062,9.4884262,9.704915,9.7863922,3.8,4.5599999,2.03,2.1500001,.72000003,.73000002,.88999999,.81,.88,.66000003,1.41,1.3200001,.69999999,.75999999,.86000001,.75999999,.63,.63999999,.67000002,.66000003,1.36,1.37,.44999999,.5,.18000001,.1,1.0599999,1.0700001,.98000002,.88999999,1.0700001,1.08,12.59486282997369,4.4773369,-8.155076,0,12.594863,4.4773369,1,-8.155076,0
45,45021,1,68,59,75,68,67,75,58,67,71,58,71,91,89,90,80,113,99,90,84,69,6.6605749,2.1972246,2.4849067,2.4849067,6.617403,4.0430512,4.6249728,4.0073333,4.0604429,5.2149358,2.1972246,4.2484951,4.2626801,2.4849067,4.5217886,6.3350544,5.4071717,9.8132896,4.6539602,5.4026775,7.1974354,9.7178202,6.3473892,6.8035054,6.8134446,5.817111,9.2033157,4.5108595,7.167038,9.07932,5.5451775,5.6629605,8.807023,8.0630627,9.8307018,10.083515,9.8476572,10.006585,9.8130159,9.3949099,9.9695091,9.7972937,9.7456636,9.9355679,10.067433,9.0540371,9.9370193,9.7484703,9.4476233,9.5977097,9.7100849,.19,.2,.33000001,.31,.75,.89999998,1.09,1.08,.33000001,.18000001,1.03,1.0599999,.50999999,.50999999,.28999999,.22,2.3900001,2.29,.19,.18000001,.81999999,.87,2.9300001,2.74,.87,.82999998,.49000001,.50999999,.60000002,.51999998,.83999997,.82999998,10.70337929052606,1.3862944,-9.1697636,0,10.70338,1.3862944,1,-9.1697636,0
45,45023,1,15,9,13,15,19,13,15,19,15,15,15,17,21,22,21,22,20,24,21,18,6.2709885,2.0794415,2.5649493,2.5649493,6.2045579,3.6635616,3.9702919,3.2580965,3.7841897,4.8121843,1.9459101,3.5553482,3.9889841,2.7725887,4.1743875,5.9188938,5.0498562,9.3794918,4.3040652,5.6903596,7.3951077,9.1948204,5.9135032,5.8833222,4.89784,5.4889379,8.8220272,4.8121843,6.418365,8.7462397,4.9052749,5.0369525,8.0274763,7.26473,9.7744036,10.093612,9.8478689,9.8220062,9.761117,9.0047913,9.6246996,10.383503,9.7319279,9.8649025,10.079791,8.7973976,9.8750362,9.9535151,9.2121391,9.484025,9.5634594,.20999999,.23,.68000001,.67000002,1.41,1.48,.99000001,1,.33000001,.13,.63999999,.49000001,.12,.22,.33000001,.25999999,2.52,2.3800001,.41,.41,.60000002,.51999998,3.24,3.02,.70999998,.88,.41,.34999999,.41999999,.34,.57999998,.51999998,10.37878962023307,0,-8.6964531,0,10.37879,0,1,-8.6964531,0
45,45025,1,38,36,38,38,50,38,56,50,58,56,58,78,78,72,79,84,97,107,96,83,6.4738908,1.9459101,2.5649493,2.4849067,6.4232469,3.7376697,4.0604429,3.7841897,3.8501475,4.9904327,1.9459101,3.7841897,4.1743875,3.2188759,4.2195077,6.1506028,5.3798971,9.5864449,4.6913481,5.8805332,7.138073,9.4603987,5.4424176,5.521461,6.3508859,5.7620516,9.1093035,4.0943446,6.2822666,9.0219603,6.2265368,5.6383548,8.2432823,7.4983158,9.7577677,10.10459,9.7856607,9.8608408,9.7426729,9.5852776,9.6016388,9.6160717,9.6957865,9.8355303,10.047891,9.094593,9.845541,9.7725811,9.2735968,9.4795275,9.474472,.25,.28,.67000002,.63,.88999999,.99000001,1.05,1.05,.16,.12,.36000001,.28,.40000001,.36000001,.34999999,.27000001,2.73,2.55,.16,.16,.41999999,.5,3.47,3.1900001,2.1700001,2.28,.61000001,.56,.43000001,.34999999,.60000002,.5,10.56041152293855,.69314718,-10.120872,0,10.560411,.69314718,1,-10.120872,0
45,45027,1,49,35,61,49,45,61,66,45,56,66,56,60,87,102,116,125,131,113,102,104,6.2166061,1.9459101,2.3978953,2.3978953,6.1569791,3.3322046,4.0073333,3.583519,0,4.7184987,0,3.6635616,3.1780539,3.4965076,4.0073333,5.8861041,5.1059456,8.8381166,4.4659081,5.7525725,7.0012455,8.5926714,5.0562458,6.2285109,5.9427996,0,7.7415338,0,6.3699012,7.1785455,6.182085,5.0875964,8.0362501,7.3575563,9.5634594,10.063819,9.863863,9.8093967,9.4716272,10.150933,9.6099882,9.5354624,0,9.5483828,0,8.6669912,9.6097202,9.2765961,9.1163597,9.4104204,9.4302788,.43000001,.55000001,1.25,1.53,1.64,2.0899999,.94,.87,.23999999,.37,1.54,1.45,.56,.56999999,0,0,1.47,1.25,0,0,.98000002,.92000002,1.16,1.02,4.3800001,3.4000001,.74000001,.70999998,.74000001,.69,1.1,1.0700001,10.25590343955448,1.0986123,-9.5219154,0,10.255903,1.0986123,1,-9.5219154,0
45,45029,1,87,74,103,87,124,103,131,124,141,131,141,132,166,163,198,182,202,142,129,128,6.5525079,2.0794415,2.5649493,2.1972246,6.5072775,4.2046928,4.6051702,3.6375861,4.1588831,5.1416636,1.6094379,3.9120231,3.4965076,3.6375861,4.2195077,6.2146082,5.3327188,9.2305355,4.7095304,5.9687076,7.133296,9.0419216,5.8522024,6.4297194,6.5381398,6.0684257,8.0407686,4.7361984,7.0808678,7.6755462,5.7990928,5.0998664,8.5839167,7.7836404,9.6910982,10.014268,9.8639669,9.8080778,9.6584177,9.6789055,9.724062,9.6966476,9.7777538,9.8602667,10.048583,8.929965,9.9021864,9.8194532,9.2684202,9.5192947,9.5861712,.37,.38999999,1.05,1.13,1.26,1.42,.99000001,.97000003,.34999999,.30000001,1.27,1.1799999,.69,.72000003,.68000001,.61000001,1.34,1.37,.44,.47,1.34,1.45,1.29,1.34,2.02,2.3699999,.5,.49000001,.86000001,.79000002,1.14,1.14,10.44514301509456,.69314718,-8.2664595,0,10.445143,.69314718,1,-8.2664595,0
45,45031,1,101,95,107,101,126,107,132,126,126,132,126,168,178,176,178,196,208,224,164,167,7.009409,2.1972246,2.5649493,2.5649493,6.9763479,4.5849676,4.8040209,4.4998097,4.4067192,5.3423343,2.1972246,4.4998097,4.0943446,3.2958369,4.919981,6.7592554,5.872118,9.9589224,4.882802,5.869297,7.6449194,9.8289795,6.914731,7.1514854,7.5294065,6.2499752,9.128479,4.6151204,7.075809,8.9467649,5.5412636,5.9480348,9.1431313,8.3626423,9.9459238,10.084434,9.8872566,9.85781,9.9554157,9.5110378,9.9093208,9.6616707,9.7985716,10.194925,9.9357615,8.973732,10.25418,9.2893362,9.2897062,9.6452351,9.790431,.20999999,.19,.46000001,.38999999,1.02,.93000001,1.05,1.08,.5,.28,1.27,1.09,.89999998,.69999999,.38999999,.28,1.91,2.1199999,.19,.14,.63999999,.56999999,2.22,2.54,.75,.40000001,.56999999,.44,.73000002,.57999998,.98000002,.93000001,11.03248354583868,1.6094379,-9.0661621,0,11.032483,1.6094379,1,-9.0661621,0
45,45033,1,37,38,34,37,49,34,57,49,62,57,62,57,57,57,73,75,72,74,62,75,6.1984787,2.3025851,2.3978953,2.0794415,6.1377273,3.1780539,3.4657359,3.6888795,3.4657359,4.5538769,1.3862944,3.7612002,3.5263605,3.4011974,3.9120231,5.908083,5.1647859,9.088625,4.4998097,5.3518581,7.0596175,8.9076128,4.7621741,4.882802,6.4134588,5.2574954,8.2150068,4.1271343,6.4800444,8.1185055,5.3375382,4.8520303,8.2141943,7.5663109,9.639782,10.098478,9.856081,9.742732,9.6082439,9.9157619,9.2139339,9.769556,9.7229843,9.6606512,9.8766813,8.8727674,9.6975698,9.1852274,9.3096428,9.552866,9.5989981,.34,.41999999,.64999998,.73000002,1.35,1.5,1,.98000002,.14,.16,.31,.18000001,.69999999,.82999998,.34999999,.31,1.83,1.62,.27000001,.25999999,.85000002,.91000003,2.3099999,2.0599999,1.47,.95999998,.44999999,.49000001,.68000001,.68000001,1.05,1.12,10.27897443712461,.69314718,-8.9700661,0,10.278975,.69314718,1,-8.9700661,0
45,45035,1,100,87,122,100,127,122,168,127,176,168,176,203,197,259,309,367,431,375,310,276,7.1522689,2.3025851,2.7725887,2.8903718,7.1172056,5.0106354,5.3471074,4.5325994,4.5217886,5.7365723,2.0794415,4.4659081,4.1896548,3.5263605,5.1119876,6.8276291,5.7930136,9.7934494,5.2626901,7.2710085,7.7012,9.552084,6.9324479,7.2041492,7.2276626,6.1136823,8.3758602,4.5108595,7.5923662,7.8890843,5.7930136,6.6306834,9.1832771,8.3012733,9.6886845,10.138718,9.7893105,9.9392405,9.6232443,9.6745777,9.7195044,9.3022814,9.6828413,9.9919558,10.009468,8.7038383,10.068832,10.276189,9.3501024,9.4014568,9.5430193,.36000001,.44999999,2.2,2.21,1.27,1.63,.94,.88999999,.60000002,.50999999,1.5700001,1.45,.77999997,.55000001,.40000001,.33000001,1.0599999,1.25,.2,.2,1.27,1.1,.91000003,1.12,1.14,2.1199999,1.33,1.42,.88999999,.73000002,1.09,1.04,11.32731851718474,1.7917595,-9.322257,0,11.327318,1.7917595,1,-9.322257,0
45,45037,1,3,2,6,3,8,6,6,8,5,6,5,11,13,6,17,20,21,10,12,22,5.8200831,2.0794415,2.3025851,1.9459101,5.7430034,3.0910425,3.4657359,2.9444389,0,4.59512,0,2.5649493,3.1780539,3.7612002,3.2188759,5.3612924,4.6821313,8.4767876,4.3174882,4.9972124,6.5072775,8.2712927,4.8441873,4.882802,5.3612924,0,7.8280382,0,5.09375,7.4650826,6.4504704,4.6151204,7.2435131,6.4785094,9.6294451,9.8619366,9.8681707,9.8303251,9.5746365,10.202703,9.6850204,9.4550104,0,9.5671053,0,9.0308552,9.6649761,9.1961403,9.5202484,9.5880919,9.5573282,.52999997,.51999998,.83999997,.97000003,1.4299999,1.75,.97000003,.94,.28,.41999999,.57999998,.55000001,.44999999,.38999999,0,0,2.3,1.87,0,0,.38999999,.5,2.22,1.9400001,8.2200003,5.5100002,.66000003,.88999999,.47999999,.5,.64999998,.68000001,9.818746324081037,0,0,0,9.8187466,0,0,0,0
45,45039,1,20,25,26,20,27,26,37,27,26,37,26,31,40,46,55,58,58,57,49,53,5.8971539,1.7917595,2.4849067,2.0794415,5.8260002,3.4011974,3.5263605,3.0445225,3.0910425,4.59512,0,3.4011974,3.1354942,3.7612002,0,5.4764633,4.5849676,8.8946705,4.1588831,5.1590552,6.89467,8.7109489,6.4892049,5.676754,5.6312118,4.6443911,7.9672804,0,5.4510384,7.7371802,5.7104268,0,8.0658932,7.4905295,10.029724,9.944006,9.8302174,9.9390965,10.049621,9.9779921,10.325285,9.4238377,9.7503948,10.087766,0,8.8020716,10.058951,10.04338,0,10.013776,10.206846,.30000001,.20999999,.64999998,.47999999,1.39,1.27,.99000001,1.03,.94,.76999998,.83999997,1.01,.38999999,.22,.23,.14,1.74,1.59,0,0,.37,.25,1.92,1.66,2.5799999,2.7,0,0,.72000003,.76999998,1.1900001,1.5700001,10.01211771706158,0,-8.5716429,0,10.012117,0,1,-8.5716429,0
45,45041,1,285,225,242,285,301,242,346,301,356,346,356,369,378,434,490,571,587,493,443,450,7.9135208,3.0910425,2.9444389,3.3672957,7.8879595,5.484797,5.7137327,5.4722705,5.484797,6.2005091,3.4657359,5.2983174,5.0039463,3.6888795,5.7268476,7.6834035,6.812345,10.889062,6.4846354,7.911324,8.6604271,10.70176,7.7968802,8.0264969,8.4035769,8.283494,9.7129326,6.6871085,8.3703156,9.4786863,5.971262,7.3323693,10.236526,9.2489843,9.8432598,10.18524,9.9170456,9.9773884,9.8134537,9.8368673,9.9350348,10.094356,9.7082634,9.9799395,10.061517,8.9576397,10.000115,9.5696917,9.4713192,9.6999626,9.6685247,.41,.44999999,1.39,1.36,1.11,1.27,.99000001,.98000002,.47,.41,1.2,1.1799999,.85000002,1.13,1.1799999,.86000001,1.36,1.34,.58999997,.54000002,.93000001,.88999999,1.49,1.47,.46000001,.36000001,.89999998,.92000002,.86000001,.80000001,.94,.87,11.64696672758895,2.3025851,-8.7800236,0,11.646967,2.3025851,1,-8.7800236,0
45,45043,1,265,227,292,265,348,292,321,348,367,321,367,402,460,552,636,657,557,485,422,425,7.0370278,1.9459101,2.6390574,2.4849067,7.0076008,4.6249728,4.9904327,4.4886365,4.4659081,5.5093884,2.5649493,4.8520303,3.9512436,3.871201,4.8121843,6.7557688,5.7589016,9.7452536,4.6539602,6.4861608,7.8139958,9.5351734,6.2690964,7.0698743,6.6133842,6.1590953,8.698514,5.5451775,7.805882,8.3647413,6.2633982,6.4520488,8.9675045,7.9208097,9.8234701,10.124309,10.101929,9.9047365,9.7898712,9.7210655,9.7533617,9.6934452,10.001476,10.0734,9.866045,9.1885033,10.157277,9.9654293,9.4758539,9.5015907,9.4905443,.20999999,.22,1.05,1.26,1.49,1.62,.97000003,.94999999,.31999999,.25,1.4400001,1.21,.44,.41,.44,.44,1.54,1.71,.58999997,.44999999,1.66,2.03,1.53,1.8,1.92,2.28,1.17,1.23,.75,.58999997,.77999997,.62,10.74294043568566,2.8903718,-8.9350042,0,10.742941,2.8903718,1,-8.9350042,0
45,45045,1,1893,1732,2055,1893,2277,2055,2257,2277,2129,2257,2129,2523,2721,3119,3110,3300,3483,2895,2656,2629,8.9905663,3.1354942,3.0445225,3.9318256,8.9786606,7.0621915,6.8977051,6.4199948,6.4815769,7.426549,4.2046928,6.3902407,6.4937539,3.3672957,6.763885,8.7406569,7.7275352,12.129704,7.3011479,7.9557757,9.6150055,12.019574,10.178806,9.2037182,9.2317104,9.1612549,10.909016,8.1679192,9.5653543,10.702525,5.57973,8.4652681,11.620029,10.659398,9.9840994,10.338188,9.878067,10.033287,9.9774351,10.050829,10.021092,10.058138,10.092081,10.124389,10.319101,9.0410929,10.146317,10.075801,9.483036,9.8965635,9.8898954,.27000001,.30000001,.41999999,.34,.82999998,.87,1.0700001,1.08,1.48,1.37,1.12,1.04,.56,.63,.81999999,.75999999,1.3,1.29,.74000001,.76999998,.88999999,.80000001,1.46,1.45,.090000004,.1,.80000001,.73000002,.99000001,.98000002,1.11,1.12,12.67659801364651,4.3944492,-7.1916294,0,12.676598,4.3944492,1,-7.1916294,0
45,45047,1,79,53,72,79,67,72,81,67,84,81,84,112,93,120,116,103,100,99,88,108,7.1838708,2.6390574,2.9444389,2.7080503,7.1475592,4.8675346,5.0106354,4.7004805,4.7273879,5.6131282,2.4849067,4.6821313,4.6347289,3.0910425,5.1239638,6.9037471,5.8636312,10.276912,5.3706379,7.1260872,8.1859074,10.086018,7.385231,7.4271441,7.2196422,6.7322106,9.4145861,5.6698809,7.7450027,9.2586546,4.4998097,6.3279366,9.3706722,8.4637928,9.848609,10.061517,9.9354706,9.8890839,9.8355303,9.9177351,10.08735,9.8754482,9.9730606,10.036225,9.9895277,8.8542366,10.028975,9.8914652,9.1910553,9.5712261,9.4949179,.25,.23999999,1.17,1.16,1.27,1.3200001,.99000001,.99000001,.57999998,.54000002,1.21,1.38,.47999999,.50999999,.46000001,.43000001,1.85,1.9299999,.38999999,.33000001,.92000002,.79000002,2.2,2.22,.19,.20999999,.60000002,.47,.66000003,.55000001,.79000002,.61000001,10.99485700843465,1.0986123,-9.2943316,0,10.994857,1.0986123,1,-9.2943316,0
45,45049,1,25,28,34,25,32,34,27,32,46,27,46,53,37,62,81,88,70,60,68,70,5.9989367,1.9459101,2.4849067,2.3025851,5.9242558,3.3672957,3.8286414,3.0445225,0,4.4998097,0,3.2580965,3.2188759,2.9444389,3.9512436,5.6489744,4.8675346,8.5967436,4.1743875,5.1532917,6.8875527,8.3418865,5.0106354,5.602119,5.0562458,0,7.6610565,0,6.0185933,7.4000096,5.3844953,5.2149358,7.6362696,6.8926415,9.7460728,9.9693689,9.8815489,9.7079592,9.7449608,10.266914,9.6905422,9.1682673,0,9.9957476,0,8.6687117,10.062626,9.7818279,9.2123384,9.3993063,9.3882351,.41,.40000001,.87,.91000003,1.86,1.79,.93000001,.94,.28999999,.41999999,1.05,.88999999,.28999999,.17,0,0,1.72,1.91,0,0,.87,.69,1.84,2.1300001,2.51,2.6900001,1.0700001,.93000001,.63,.47999999,.88,.68000001,9.808682245262217,0,-10.120872,0,9.8086824,0,1,-10.120872,0
45,45051,1,1136,1072,1229,1136,1333,1229,1315,1333,1287,1315,1287,1479,1635,2098,2619,2857,2536,2147,1874,1839,8.480114,3.2958369,2.8332133,2.8903718,8.4671621,6.1882639,6.5352411,5.5451775,6.0684257,6.7833252,3.6888795,6.8875527,5.0172796,3.7612002,6.0497336,8.262043,7.1268907,11.063978,7.158514,7.2435131,8.5109739,10.936263,8.1095257,8.2902927,8.0727797,8.3579626,9.2019053,6.9948502,9.7964592,8.6294498,5.8230457,7.4622149,10.742055,9.5913076,9.6237736,9.9069319,10.034121,9.9109097,9.5729675,9.7278833,9.8085728,10.045334,9.7580566,9.8132343,10.03605,9.1987734,9.8190727,9.7704134,9.4223824,9.5129604,9.5139942,.68000001,.69999999,.60000002,.81999999,.80000001,1.0700001,1.05,1.01,.54000002,.51999998,1.3099999,1.41,.50999999,.81,1.0700001,1.01,.68000001,.70999998,.67000002,.75,3.24,4.9200001,.52999997,.55000001,.33000001,.40000001,.86000001,1.05,1.1900001,1.16,1.11,1.1,11.87793656639786,4.2195077,-8.8468409,0,11.877936,4.2195077,1,-8.8468409,0
45,45053,1,19,27,22,19,46,22,23,46,28,23,28,24,21,44,42,60,61,43,39,49,5.7235851,1.9459101,2.3025851,2.1972246,5.6383548,3.0445225,3.9120231,2.9444389,0,4.2484951,0,3.713572,2.3978953,2.1972246,3.0910425,5.3518581,4.4998097,8.1727295,3.8918202,5.267858,6.5220928,7.8709297,4.6151204,5.7203116,5.817111,0,6.5352411,0,6.4264884,5.7868972,4.0775375,4.1271343,7.5657935,6.5424719,9.530611,10.035568,9.8236866,9.7489367,9.4244032,9.3230438,9.6851454,9.279213,0,9.6123323,0,8.9410219,9.4977722,9.8020639,9.1305389,9.3477516,9.5699015,.47,.60000002,1.5,1.83,1.97,2.45,.88,.81,.30000001,.20999999,1.8,1.88,.95999998,.77999997,0,0,.85000002,.80000001,0,0,2.01,2.5799999,.56,.46000001,1.04,1.4,.55000001,.55000001,.88999999,.81,.94999999,1.09,9.647756241316175,1.6094379,-7.4171019,0,9.6477566,1.6094379,1,-7.4171019,0
45,45055,1,87,81,89,87,95,89,116,95,108,116,108,138,180,179,232,217,224,199,225,183,6.8638034,2.0794415,2.7080503,2.0794415,6.8308744,4.4659081,4.934474,3.9512436,4.3307333,5.4722705,2.4849067,4.5849676,3.9702919,3.8286414,4.919981,6.5337887,5.4249501,9.7093563,4.8441873,5.9738097,7.6083746,9.5422306,6.4297194,6.944087,6.2934194,6.3207684,8.8997307,5.0039463,7.1147695,8.6712866,6.1312265,5.9480348,8.7958851,8.0481491,9.9041872,10.067264,9.8645391,9.9146252,9.9021368,9.4866076,10.207215,9.758462,9.7774706,10.160916,9.9083757,8.9069357,10.18074,9.7130527,9.3371496,9.5052462,9.5734549,.25999999,.23999999,.64999998,.56999999,1.26,1.27,1.01,1.02,.38999999,.22,1.3200001,1.6,.33000001,.30000001,.54000002,.38999999,1.96,2.1800001,.34999999,.25999999,.86000001,.74000001,2.1600001,2.4000001,1.74,1.49,.73000002,.62,.66000003,.47999999,.92000002,.73000002,10.68278949329428,1.6094379,-8.6700926,0,10.68279,1.6094379,1,-8.6700926,0
45,45057,1,57,61,80,57,63,80,86,63,89,86,89,128,135,154,188,164,251,273,238,214,6.7821922,1.9459101,2.5649493,2.4849067,6.7452364,4.0604429,4.9972124,4.2766662,4.0943446,5.4293456,2.1972246,4.0430512,4.1108737,2.9957323,4.4773369,6.43294,5.6312118,9.7952337,4.7004805,5.9839363,7.5883236,9.6463346,6.2383246,6.7661915,7.0492549,6.5847912,9.0698128,5.0625949,6.7855878,8.9513102,4.6347289,5.6970935,8.8211422,8.0222406,9.8218975,10.061687,9.9822521,9.801898,9.8180389,9.7399092,9.7741756,9.9700708,9.7932262,9.9541807,10.066159,8.840435,9.9701176,10.123466,9.3852177,9.6109943,9.5188541,.20999999,.20999999,.61000001,.64999998,1.13,1.11,1.03,1.04,.30000001,.23999999,1.01,.87,.64999998,.79000002,.64999998,.51999998,2.1300001,2.0999999,.34,.33000001,.56999999,.49000001,2.6199999,2.5599999,.36000001,.5,.51999998,.5,.62,.54000002,.81999999,.67000002,10.9062495155474,0,0,0,10.906249,0,0,0,0
45,45059,1,68,67,106,68,106,106,101,106,92,101,92,140,112,129,118,161,142,139,150,118,6.6515718,1.9459101,2.7080503,2.9444389,6.5985088,4.0604429,4.4886365,3.9318256,4.1431346,5.1929569,2.3025851,4.0604429,4.2484951,3.0445225,4.4543471,6.3153582,5.433722,9.9119024,4.8121843,7.5760975,7.7169061,9.6708612,5.8777356,6.2915692,7.0273147,6.212606,9.0297775,5.2470241,6.5820251,8.9246559,5.6835799,5.6733232,8.922658,8.3691568,9.7885818,10.13567,9.7254372,9.7278833,9.801178,9.5258808,9.985528,9.5747061,9.7926674,9.932415,9.8488197,8.9916868,9.9289112,9.9209833,9.353488,9.6314163,9.7156506,.20999999,.23,2.6500001,2.26,1.14,1.08,.94,.97000003,.18000001,.12,.56,.61000001,.56999999,.47999999,.40000001,.33000001,1.8200001,1.8099999,.37,.28999999,.41,.43000001,2.27,2.2,.91000003,1.0700001,.44999999,.44,.61000001,.56999999,1.03,1.0700001,10.9697832397277,1.6094379,-8.7970238,0,10.969783,1.6094379,1,-8.7970238,0
45,45061,1,11,12,16,11,21,16,20,21,22,20,22,28,34,22,31,65,37,35,37,38,5.5759492,1.9459101,2.3025851,1.7917595,5.484797,2.5649493,2.7725887,2.8903718,2.9444389,3.9512436,0,2.6390574,2.7725887,2.9957323,0,5.2417469,4.5108595,8.1920166,3.9318256,5.1761498,6.5496507,7.8958082,3.871201,4.1431346,5.602119,4.5643482,7.2793188,0,4.5432949,7.0791845,5.3033047,0,7.1188264,6.4313312,9.8021746,10.007893,9.8563957,9.9711933,9.744668,10.318969,9.7082634,9.3837051,9.7095385,9.9179325,0,8.8948078,9.9968414,9.3622885,0,9.4935627,9.5187807,.47999999,.44999999,1.34,1.28,1.99,2.3599999,.88999999,.85000002,.14,.2,.37,.30000001,.75999999,.51999998,.43000001,.31999999,1.76,1.71,0,0,.30000001,.28,2.01,2.05,3.47,2.3099999,0,0,.56,.44999999,.82999998,.69,9.822114794070391,.69314718,-9.4149055,0,9.8221149,.69314718,1,-9.4149055,0
45,45063,1,439,424,507,439,574,507,626,574,652,626,652,742,829,1029,1090,1114,1320,1250,1012,1126,8.1047039,2.4849067,2.8332133,3.4011974,8.0870256,5.9558372,6.4361506,5.5012584,5.3798971,6.7464123,3.5553482,5.5984221,5.2933049,3.3672957,5.869297,7.7832241,6.7912216,10.941377,6.1312265,6.8145428,8.9673767,10.763208,8.2414398,8.370779,7.9226236,7.4012313,9.6950483,6.8265452,8.551981,9.3330889,6.4167323,7.4832444,10.342162,9.6117973,9.8732347,10.283498,9.9316378,9.8834381,9.8654222,9.9086246,9.8667202,9.8901997,9.9010344,10.054834,10.082721,8.9119339,10.12811,9.8382025,9.5678749,9.749753,9.8475523,.28,.31999999,.44,.41999999,1.4299999,1.4400001,1,1.01,.69999999,.63,1.6,1.4299999,.5,.52999997,.46000001,.40000001,1.26,1.3099999,.63999999,.58999997,1.0599999,.94,1.22,1.33,.68000001,.67000002,.99000001,1.09,.89999998,.87,1.28,1.38,12.02940109733464,3.4339871,-7.7245512,0,12.029401,3.4339871,1,-7.7245512,0
45,45065,1,2,1,3,2,2,3,2,2,1,2,1,3,1,0,1,4,4,4,4,3,5.0369525,1.9459101,0,0,4.8520303,1.7917595,0,2.1972246,0,3.8066626,0,1.7917595,1.9459101,0,2.6390574,4.4067192,3.6109178,7.7497535,4.5849676,0,0,7.1959372,3.9512436,0,5.0434251,0,6.7968235,0,3.3322046,6.3885612,0,3.871201,6.0844994,4.8202815,9.6910362,10.194701,0,0,9.5681543,10.414153,0,9.0810289,0,9.6250954,0,8.2877798,9.6648493,0,9.1735725,9.4406586,9.2376633,1.4299999,1.83,0,0,0,0,.69,.62,.23,.41999999,0,0,.68000001,.38,0,0,1.6900001,1.37,0,0,.14,.079999998,1.5599999,1.28,0,0,.64999998,.57999998,.31,.25999999,.25999999,.18000001,9.090204570736201,0,0,0,9.0902042,0,0,0,0
45,45067,1,36,25,39,36,30,39,43,30,39,43,39,35,57,39,50,53,49,53,38,43,6.418365,2.1972246,2.5649493,2.9444389,6.3491392,3.7841897,4.0430512,4.0073333,3.8066626,4.7706847,0,3.7612002,3.6375861,3.1780539,0,6.1180973,5.2882671,9.4098463,4.6347289,5.529429,7.5590382,9.2038193,5.5759492,5.5053315,6.1003189,6.0112672,8.7246952,0,5.6903596,8.6459379,5.3981628,0,8.2380085,7.6511202,9.6461411,10.029371,9.8645391,9.7294912,9.6179361,9.4716272,9.6357384,9.8191271,9.7769032,9.6775274,0,8.7486219,9.6992273,8.9437675,0,9.5127382,9.4683876,.28,.33000001,.56,.63999999,1.62,1.75,.97000003,.95999998,.22,.16,.41999999,.37,.37,.46000001,.52999997,.5,2.21,1.97,0,0,.28,.25999999,2.8399999,2.52,1.13,.57999998,0,0,.50999999,.47999999,.82999998,.76999998,10.43114079440838,1.0986123,-9.464921,0,10.431141,1.0986123,1,-9.464921,0
45,45069,1,27,28,31,27,31,31,29,31,28,29,28,38,34,44,45,46,59,46,59,39,6.09131,2.3978953,2.5649493,1.6094379,6.0234475,0,3.583519,3.6109178,3.583519,4.3174882,0,3.4965076,3.3322046,2.4849067,4.0253515,5.8230457,4.9416423,9.0933571,4.5432949,6.4551988,6.9402223,8.8726273,0,6.338594,6.2441669,4.8598123,8.4372835,0,5.9269261,8.262043,5.1704841,4.8675346,7.8308229,7.0003343,9.7538853,10.102298,9.8698788,9.8379354,9.7243013,0,10.243134,9.7328768,9.6554108,9.8075819,0,8.6736841,9.7302647,9.6819057,9.1481457,9.5508051,9.5389242,.36000001,.38999999,1.96,1.99,1.1900001,1.3,.95999998,.94,0,0,1.33,1.95,.58999997,.60000002,.23,.17,2.28,2.0799999,0,0,.49000001,.38,2.6600001,2.1900001,1.23,1.1900001,.46000001,.38,.46000001,.41,.60000002,.52999997,10.28742254209393,0,0,0,10.287422,0,0,0,0
45,45071,1,54,51,55,54,56,55,60,56,46,60,46,68,79,119,105,88,137,89,88,77,6.4052286,2.0794415,2.5649493,2.6390574,6.3438807,3.7376697,4.1896548,3.9318256,3.6109178,4.9972124,2.0794415,3.583519,3.5553482,3.871201,4.1743875,6.0426331,5.1984968,9.3572073,4.9767337,5.433722,7.2477927,9.190546,5.9053617,6.363028,6.3595738,5.7651911,8.6555624,4.5538769,6.2934194,8.4100533,6.508769,5.220356,8.3094311,7.5883236,9.6792183,10.016906,9.8301105,9.8230906,9.6467876,9.5552769,9.7530718,9.5716448,9.7501612,9.7592707,9.9622755,8.7892027,9.771327,9.6800938,9.4749327,9.4626541,9.4579811,.41999999,.46000001,.54000002,.56999999,1.25,1.4400001,1.01,.99000001,.33000001,.25,1.05,1.01,.50999999,.47,.44,.38999999,2.1800001,2.04,.31999999,.31999999,.54000002,.50999999,2.3699999,2.1900001,3.6099999,3.74,.5,.61000001,.57999998,.5,.81999999,.73000002,10.4094614255711,.69314718,-8.8480883,0,10.409461,.69314718,1,-8.8480883,0
45,45073,1,172,138,185,172,200,185,214,200,193,214,193,251,249,284,283,354,366,294,281,260,6.9226437,2.0794415,2.4849067,2.7080503,6.8875527,4.6443911,5.0751739,4.1431346,4.4188404,5.572154,2.6390574,4.4188404,4.3694477,3.1780539,4.356709,6.5750756,5.676754,10.116419,5.1474943,5.602119,7.802618,9.9922304,7.2633295,7.2305632,6.3699012,6.2878585,9.3497543,4.8675346,6.9536843,9.2122383,4.5747108,5.9763508,9.2457075,8.7382545,9.9455891,10.031705,9.8633423,9.8728733,9.9537048,9.9319782,10.098725,9.9202957,9.6755829,9.9220638,9.7244205,8.9120693,9.899128,9.3901587,9.5490961,9.9876451,10.153001,.23,.2,.30000001,.25,1.02,.94,1.0599999,1.08,.60000002,.50999999,1.17,1.22,.23999999,.23999999,.34999999,.22,2.04,1.72,.20999999,.12,.49000001,.40000001,2.47,1.99,.23999999,.14,.5,.5,.69,.77999997,1.22,1.66,10.95943587351474,2.3025851,-8.8564625,0,10.959435,2.3025851,1,-8.8564625,0
45,45075,1,137,105,137,137,141,137,157,141,151,157,151,170,164,221,193,218,280,238,175,171,7.3914151,2.3978953,2.8903718,3.1780539,7.3581939,4.7535901,5.1239638,4.8362818,4.7874918,5.7868972,2.7725887,4.8675346,4.59512,4.0943446,5.2832036,7.1244783,6.2859979,10.334978,5.5012584,7.5652752,8.2594585,10.116662,6.9460139,7.166266,7.4552984,6.7604146,9.3320265,5.8141303,7.8454161,9.1499529,6.3716121,6.4377518,9.5074034,8.7444878,9.7524319,10.026324,10.002563,9.9183273,9.6975698,9.7052193,9.7274666,9.7996817,9.8543501,9.8569727,9.9739456,8.8822527,9.880475,9.7365475,9.3434715,9.5407944,9.5634594,.27000001,.27000001,1.72,2,1.29,1.52,.95999998,.92000002,.34999999,.28999999,.88,.76999998,.56999999,.62,.44999999,.41,1.61,1.55,.43000001,.38999999,.95999998,.93000001,1.87,1.79,1.1900001,1.21,.63999999,.63,.72000003,.63,.98000002,.89999998,11.34808619851272,2.0794415,-8.7425909,0,11.348086,2.0794415,1,-8.7425909,0
45,45077,1,171,168,188,171,199,188,220,199,192,220,192,220,245,291,262,277,277,286,285,275,7.3356338,2.3978953,0,0,7.3072023,5.0689044,5.6970935,4.6728287,4.5643482,6.0844994,2.7080503,4.934474,4.7706847,3.1354942,4.9628448,6.9584484,5.971262,10.36964,5.6204009,0,0,10.135195,6.7007313,7.3932629,7.629004,6.5482192,9.509037,5.8861041,7.9786539,9.3628902,5.3375382,6.2653012,9.3702459,8.37885,9.8134537,10.233582,0,0,9.6944933,9.5863771,9.628787,9.7510939,9.7141418,9.8753967,9.9079771,8.8218794,9.908226,9.6983681,9.4152384,9.4359608,9.4398632,.28999999,.34999999,0,0,0,0,.94999999,.85000002,.27000001,.18000001,1.0700001,.80000001,.66000003,.63999999,.34999999,.25999999,1.86,1.71,.44,.36000001,1.05,.91000003,2.23,2.0599999,.41,.38,.51999998,.51999998,.60000002,.44999999,.66000003,.5,11.44992176539123,2.3025851,-8.6282749,0,11.449922,2.3025851,1,-8.6282749,0
45,45079,1,1902,1624,2083,1902,2277,2083,2411,2277,2471,2411,2471,2682,3010,3434,3724,4337,4815,4371,3899,3591,8.8664408,4.1743875,4.9836068,3.1354942,8.8328791,6.9837899,6.50279,6.4551988,6.6795993,6.8793559,4.2766662,6.300786,5.602119,3.5553482,6.9107509,8.6799917,7.4639368,12.088499,8.9332685,10.371834,9.4093552,11.74472,9.8192902,9.0321703,9.4203577,9.724062,9.9568386,8.4198008,9.5081463,9.4020348,6.4216223,8.5760279,11.561621,10.44004,9.9385166,10.202221,10.033024,10.001657,9.8876629,9.8474989,9.9298372,10.06126,10.062583,10.020337,10.281204,8.9824352,10.090962,9.7134161,9.6260195,9.8587513,9.8654222,1.4400001,1.46,4.9200001,4.9000001,.70999998,.75,.85000002,.81999999,1.08,.85000002,.99000001,.88,.70999998,.82999998,1.5,1.41,.51999998,.49000001,1,1.04,.87,.77999997,.41999999,.41,.22,.18000001,.94,1.03,.97000003,.97000003,.93000001,.95999998,12.56276758926891,5.6204009,-6.4722352,1,12.562768,5.6204009,1,-6.4722352,1
45,45081,1,2,3,3,2,6,3,10,6,6,10,6,7,9,9,14,10,15,13,11,13,5.5984221,2.0794415,0,0,5.4889379,0,3.6888795,2.9444389,2.6390574,4.2904596,0,2.7080503,2.7080503,2.8903718,3.2580965,5.1298985,4.4067192,8.2382727,3.9889841,0,0,7.9926066,0,5.2470241,4.934474,4.4426513,7.6093664,0,4.3944492,7.3808789,5.4026775,4.2195077,6.8490663,6.2324481,9.5747747,10.042814,0,0,9.5280666,0,9.5167217,9.1486778,9.6035976,9.5983877,0,8.8141823,9.5874062,9.7347727,9.4320431,9.3587608,9.4038486,.47999999,.60000002,0,0,0,0,.93000001,.91000003,0,0,1.05,.88999999,.37,.25,.36000001,.31,2.3399999,2.0699999,0,0,.25,.27000001,2.5899999,2.21,3.6600001,4.4299998,.56,.73000002,.41,.36000001,.64999998,.61000001,9.702411219258526,0,-8.6255674,0,9.7024117,0,1,-8.6255674,0
45,45083,1,597,571,623,597,723,623,723,723,697,723,697,881,901,1037,1154,1111,1220,1093,1065,930,8.4217834,2.7080503,3.0910425,3.7376697,8.4042482,6.212606,6.300786,5.9763508,5.8377304,6.914731,3.4011974,5.8141303,6.0661082,3.4339871,6.2576675,8.148735,7.1951871,11.554528,6.3225651,7.9455552,9.1693096,11.421588,8.9996195,8.6274815,8.7261562,7.9776249,10.657753,6.9392538,8.8515205,10.50504,6.0844994,7.802618,10.79446,9.9572182,9.9252977,10.206957,9.9381304,9.9910402,9.9157124,9.8623009,10.005683,9.9777136,9.9682446,10.066499,10.154985,9.1554613,10.08109,9.4307604,9.6101894,9.762557,9.7643404,.18000001,.19,.74000001,.68000001,.94999999,1.01,1.05,1.05,.81,.66000003,1.12,1.09,.60000002,.66000003,.44999999,.38999999,1.79,1.78,.38999999,.36000001,.76999998,.82999998,2.1400001,2.0999999,.25999999,.17,.74000001,.81,.76999998,.70999998,.98000002,.92000002,12.33182385083573,3.6109178,-8.8990898,0,12.331824,3.6109178,1,-8.8990898,0
45,45085,1,158,123,163,158,163,163,182,163,204,182,204,212,235,281,305,317,268,268,255,249,7.4271441,2.8332133,2.8903718,2.6390574,7.3975616,5.0369525,5.3936276,4.8283138,5.0172796,5.8377304,2.5649493,4.7361984,4.4998097,3.5263605,5.3565865,7.161622,6.251904,10.427328,7.2499256,7.0983758,8.1131268,10.233294,7.6004024,7.7714887,7.7906961,7.113956,9.4262581,5.9053617,7.601902,9.1648197,6.1800165,6.8783264,9.6423826,8.7623329,9.7403803,9.9184752,9.8279552,9.7962923,9.7193842,9.3670025,9.7998476,9.8270388,9.8460169,9.8683262,10.000206,8.9190521,9.9003325,9.485013,9.4388294,9.5808687,9.6182022,1.41,1.3099999,.98000002,.97000003,1.02,1.0700001,.98000002,.98000002,.62,.37,1.47,1.4,.73000002,.82999998,.57999998,.54000002,1.61,1.59,.43000001,.41,.68000001,.69999999,1.73,1.71,.88999999,.72000003,.89999998,1,.75,.69,.91000003,.89999998,11.53895377049136,2.1972246,-8.7673082,0,11.538954,2.1972246,1,-8.7673082,0
45,45087,1,44,31,33,44,33,33,36,33,38,36,38,40,60,52,58,67,50,45,54,58,6.1180973,1.9459101,2.6390574,2.6390574,6.0378709,3.6109178,3.7612002,3.4657359,3.6888795,4.6051702,0,3.5553482,3.6888795,2.7725887,0,5.768321,4.8362818,9.2197952,4.6728287,5.5053315,7.2730927,9.0240107,5.6204009,5.2729998,5.6454468,5.4638319,8.6623316,0,6.0038872,8.6077652,4.7273879,0,7.8316174,7.0246491,9.7533035,9.8909092,9.9345503,9.7825623,9.740262,9.1778173,9.5112591,9.6341038,9.7766199,9.8706026,0,8.6767578,9.8840494,9.7249584,0,9.3553057,9.3395252,.36000001,.31999999,.67000002,.73000002,1.47,1.51,.98000002,.98000002,.28,.14,.40000001,.28,.28999999,.25999999,.37,.31999999,2.52,2.45,0,0,.46000001,.37,3.3099999,3.1800001,.69999999,.69999999,0,0,.41,.30000001,.54000002,.38999999,10.32012336864647,0,-10.917371,0,10.320124,0,1,-10.917371,0
45,45089,1,29,21,46,29,27,46,31,27,36,31,36,34,46,34,53,65,66,53,70,64,6.2952662,2.4849067,2.5649493,2.3978953,6.2265368,3.5263605,3.6109178,3.7376697,0,4.6821313,0,3.3322046,3.5553482,3.583519,4.2766662,5.9864521,5.209486,9.2977104,4.6539602,5.9864521,7.3178763,9.0942554,4.4308167,5.4026775,6.753438,0,8.4994364,0,6.4754329,8.4002094,5.4889379,5.5134287,8.2917967,7.3639135,9.6467876,9.9946985,9.7951221,9.6777782,9.6292477,9.9378891,9.5631075,9.8618317,0,9.6397171,0,8.9095058,9.6352158,9.7793407,9.1541929,9.6162052,9.507329,.31999999,.36000001,1,1.05,1.42,1.46,.98000002,.97000003,.079999998,.090000004,.43000001,.34999999,.80000001,1.03,0,0,1.98,1.7,0,0,.69,.75999999,2.49,2.0699999,1.38,1.63,.70999998,.64999998,.60000002,.63,.69999999,.67000002,10.51366064980282,0,0,0,10.51366,0,0,0,0
45,45091,1,381,369,443,381,473,443,478,473,485,478,485,591,661,736,836,1086,1193,1040,806,845,7.8958082,2.4849067,2.9444389,3.1780539,7.8751192,5.7037826,5.9814143,5.2040067,5.2983174,6.4630294,3.2580965,5.3936276,5.3981628,3.1780539,5.556828,7.5963922,6.6795993,10.778602,5.9162021,7.5755849,8.3560848,10.631206,7.931644,7.8248458,8.1013746,7.3388882,9.7013712,6.6306834,8.4107208,9.5236168,5.0689044,7.1284962,10.129308,9.2929335,9.9285212,10.023357,9.9825296,10.024643,9.9145756,9.843154,9.8567629,9.9639711,9.9304218,10.044683,10.145021,8.9709406,10.076516,9.9564123,9.484025,9.819562,9.9779921,.25999999,.22,1.11,1.0700001,.91000003,1,1.03,1.03,.60000002,.47999999,1.09,.91000003,.69999999,.75,.50999999,.43000001,1.5,1.45,.62,.56999999,1.08,.95999998,1.74,1.7,.20999999,.22,.81999999,.77999997,.86000001,.83999997,1.09,1.28,11.78673931665151,2.1972246,-8.6117659,0,11.786739,2.1972246,1,-8.6117659,0
47,47001,0,68,50,47,68,45,47,42,45,31,42,31,40,43,50,52,75,58,72,66,53,7.2240248,2.8903718,0,0,7.1951871,5.2626901,4.94876,5.1179938,4.6913481,5.5490761,3.3322046,4.5538769,4.6539602,2.3978953,5.0106354,6.9810057,5.8021183,10.358155,7.3802557,0,0,10.212332,8.2741022,6.9688506,7.9564767,6.6770835,9.4750099,6.2653012,7.5632005,9.3725443,5.3327188,6.3421216,9.5614901,8.1850719,10.162075,10.535265,0,0,10.155141,10.32042,10.213323,10.074579,9.7310371,10.377826,10.066414,8.8599319,10.39678,10.010502,9.4232721,9.8953037,9.5136251,1.72,1.9400001,0,0,0,0,1.03,1.04,1.29,1.3200001,.70999998,.67000002,.92000002,.88,.40000001,.22,1.8200001,1.95,.64999998,.44,.69999999,.44,2.28,2.4200001,.41,.36000001,.56999999,.40000001,.74000001,.62,.55000001,.31999999,11.13093271304721,3.6109178,-7.441494,0,11.130933,3.6109178,1,-7.441494,0
47,47003,0,45,38,52,45,37,52,50,37,38,50,38,34,51,62,70,79,82,70,67,67,6.3664703,1.7917595,0,0,6.3171649,3.713572,4.3820267,3.9512436,3.6888795,4.9628448,2.3025851,3.6375861,4.0073333,2.0794415,4.0253515,6.0185933,5.1590552,9.3264332,4.2195077,0,0,9.1771975,5.2149358,6.3733196,6.0497336,5.749393,8.6887903,5.1647859,6.4377518,8.5760279,3.8501475,4.8598123,8.226306,7.5368972,9.7827873,10.231423,0,0,9.797349,9.818964,9.8156939,9.4546194,9.6816559,9.8993788,10.318309,8.9221249,9.9088726,9.8236866,9.2564602,9.6103239,9.6927052,.2,.25,0,0,0,0,1.03,1.0599999,.17,.15000001,1.09,1.01,.38,.28999999,.44999999,.33000001,2.3199999,2.25,.61000001,.76999998,.63999999,.63,2.8800001,2.75,.25999999,.28,.36000001,.31999999,.55000001,.5,.81,.81999999,10.32255966405051,3.2958369,-7.3879108,1,10.322559,3.2958369,1,-7.3879108,1
47,47005,0,25,20,21,25,20,21,12,20,15,12,15,17,9,26,10,13,30,20,8,19,5.7071104,1.6094379,0,0,5.6489744,0,2.9957323,3.2580965,2.8332133,3.8286414,0,3.2188759,3.0910425,1.6094379,3.4011974,5.46806,4.7874918,8.3172779,5.6419072,0,0,8.0962086,0,4.9836068,6.1506028,4.4188404,7.1770186,0,5.5333896,7.0021558,4.1743875,4.6249728,7.5873103,6.9027429,9.6645956,10.248778,0,0,9.5792799,0,10.377141,9.377717,9.7496948,9.8496122,0,8.5151911,9.7322836,10.126231,9.5592356,9.3487101,9.4201145,2.3299999,3.25,0,0,0,0,.95999998,.88999999,0,0,.75,1.36,1.16,.91000003,.31999999,.28999999,1.4,1.46,0,0,.70999998,.51999998,1.64,1.48,.99000001,1.61,.77999997,1.05,.79000002,.63,1.17,1.02,9.583557732534226,2.3025851,-7.4661984,0,9.5835581,2.3025851,1,-7.4661984,0
47,47007,0,1,1,2,1,1,2,1,1,1,1,1,1,1,1,1,2,2,1,1,1,4.6821313,1.0986123,0,0,4.5325994,1.3862944,2.6390574,2.3978953,1.7917595,3.4011974,0,2.0794415,2.5649493,1.3862944,0,4.1431346,3.1780539,7.3689704,2.3025851,0,0,7.1082439,2.3025851,4.0253515,4.8598123,3.4965076,6.6908422,0,4.0430512,6.5944133,2.8903718,0,6.0330863,4.7957907,9.6055527,9.8774519,0,0,9.6219196,9.3616867,9.412138,9.7158318,9.7035112,9.634038,0,9.0851173,9.6534863,9.4369183,0,9.5979805,9.4469137,.20999999,.22,0,0,0,0,.92000002,.94999999,.07,.039999999,.74000001,.55000001,.82999998,.95999998,.33000001,.30000001,2.23,1.98,0,0,.41,.56999999,2.8099999,2.49,.70999998,.60000002,0,0,.43000001,.47,.37,.34999999,9.176680170483548,0,-7.3305979,0,9.1766806,0,1,-7.3305979,0
47,47009,0,174,152,177,174,163,177,167,163,144,167,144,179,169,201,213,268,262,246,228,201,7.2786288,2.0794415,0,0,7.2570028,4.9698133,5.209486,5.0304379,4.6821313,5.7170277,2.8332133,4.8441873,4.7004805,2.3978953,5.0369525,7.0157123,6.0210233,10.084517,5.1298985,0,0,9.9182777,6.6066504,7.3733745,7.6843243,6.9527287,8.9318161,6.0330863,7.5438027,8.6738548,4.8520303,6.6424866,9.4516382,8.6475191,9.9562225,10.222523,0,0,9.9618034,9.92974,9.910265,9.851141,9.6496267,10.316491,10.061431,8.9214573,10.410456,9.8898449,9.5444527,9.6699781,9.7138996,.23999999,.23999999,0,0,0,0,1.01,1.03,.31999999,.27000001,1.39,1.1900001,.92000002,.86000001,.69999999,.43000001,1.39,1.72,.68000001,.56,.91000003,.75,1.49,1.97,.33000001,.31999999,1,1,.87,.70999998,1.15,1,11.3617420451362,4.1743875,-7.3215423,0,11.361742,4.1743875,1,-7.3215423,0
47,47011,0,188,154,164,188,142,164,338,142,136,338,136,183,176,161,192,218,261,192,157,162,7.181592,2.3025851,0,0,7.158514,4.94876,4.7957907,4.7449322,4.8362818,5.6629605,2.7080503,4.59512,5.0238805,2.7080503,4.8598123,6.9047508,5.9188938,10.320749,5.484797,0,0,10.198989,7.1049652,7.1324978,7.5791678,6.8844867,9.5419436,5.3612924,7.5989003,9.4405785,4.5108595,7.5928702,9.4683876,8.4335938,9.8655262,10.303236,0,0,9.8487148,9.6763983,10.027782,9.9521351,9.8198881,9.9945154,10.127911,9.1447344,9.9918184,9.9027872,9.6473045,9.6636429,9.6371107,.27000001,.31999999,0,0,0,0,1.0599999,1.0599999,.41999999,.30000001,.86000001,.91000003,.66000003,.74000001,.51999998,.41,2.02,1.98,.27000001,.27000001,.75999999,.85000002,2.53,2.4200001,.19,.2,2.05,2.47,.69999999,.62,.73000002,.64999998,11.2079208871757,4.5325994,-7.1178112,0,11.207921,4.5325994,1,-7.1178112,0
47,47013,0,63,59,57,63,61,57,51,61,65,51,65,59,55,64,64,75,92,57,39,50,6.253829,1.6094379,1.7917595,2.7725887,6.2005091,3.2958369,3.9512436,3.2580965,3.713572,4.8121843,1.7917595,3.8501475,3.7612002,3.3322046,3.713572,5.9162021,5.1929569,9.047821,4.3438053,4.6821313,7.4042792,8.8056746,4.4659081,5.811141,6.3261495,5.5984221,8.0765152,4.356709,6.4937539,7.825645,5.9401712,4.882802,8.1475773,7.415175,9.5877485,10.342613,9.944006,9.6736336,9.5448103,9.3771248,9.8209209,9.6214561,9.8236866,9.6732569,9.8641224,8.9487162,9.5572577,10.131419,9.4441471,9.408289,9.361515,.31,.50999999,.34999999,.44999999,1.99,2.1700001,.94,.91000003,.11,.079999998,.81999999,.93000001,.67000002,.72000003,.50999999,.52999997,1.66,1.5700001,.36000001,.34999999,.89999998,1.1,1.8,1.47,2.79,4.9699998,.49000001,.63,.67000002,.61000001,.94,.83999997,10.46535793980843,3.583519,-7.534615,0,10.465358,3.583519,1,-7.534615,0
47,47015,0,2,2,2,2,2,2,2,2,2,2,2,1,3,2,1,2,3,1,2,2,4.8903489,1.0986123,0,0,4.7957907,0,0,2.7080503,2.4849067,3.2580965,0,1.6094379,2.8332133,0,2.6390574,4.5538769,3.6635616,7.6058898,2.6390574,0,0,7.420579,0,0,5.5174527,4.9272537,6.7546039,0,4.2341065,6.7093043,0,3.4011974,6.6995006,5.6970935,9.5863771,9.968854,0,0,9.58953,0,0,9.5311909,9.4420872,9.700882,0,8.9055796,9.714262,0,9.0855703,9.4564972,9.5233974,.23999999,.27000001,0,0,0,0,.99000001,1.01,0,0,0,0,1.26,1.24,1.1,.79000002,1.88,1.8200001,0,0,.40000001,.46000001,2.49,2.3800001,0,0,.47,.41999999,.66000003,.63,.72000003,.75,9.255982729854884,0,-8.1665888,0,9.2559824,0,1,-8.1665888,0
47,47017,0,10,10,19,10,3,19,14,3,10,14,10,11,15,13,9,13,9,7,10,16,6.1654177,1.3862944,1.6094379,3.2188759,6.0935698,3.3322046,3.6635616,3.871201,3.2580965,4.4886365,2.3978953,3.8501475,3.6635616,2.3978953,3.713572,5.869297,5.0304379,9.0552063,3.4965076,4.5538769,6.8700533,8.9189177,4.3307333,5.0434251,6.9177055,5.4161005,8.373785,5.1761498,5.8805332,8.3216648,4.1743875,4.4886365,8.0519781,7.0942349,9.5577526,10.010457,9.8866463,9.7441988,9.5232515,9.2811718,9.4220591,9.4701633,9.745429,9.6029902,9.6424475,8.5352297,9.6107931,9.4940147,9.3111811,9.4017038,9.4116468,.13,.16,.30000001,.38,1.16,1.39,1.04,1.02,.090000004,.059999999,.38,.30000001,1.2,1.14,.41999999,.41999999,2.22,2.01,.81,.64999998,.47999999,.40000001,2.9300001,2.5999999,.47,.46000001,.33000001,.38,.60000002,.56,.68000001,.64999998,10.22245024502094,2.0794415,-7.739665,0,10.22245,2.0794415,1,-7.739665,0
47,47019,0,41,29,31,41,28,31,27,28,36,27,36,35,35,45,41,44,40,48,24,43,6.3919172,2.0794415,0,0,6.3491392,3.9512436,3.8501475,4.2341065,3.8918202,4.5643482,0,3.9889841,3.6375861,2.3978953,0,6.1654177,5.1761498,9.2302408,4.9904327,0,0,9.0553226,5.9295893,6.2747622,7.0184016,5.8522024,8.3133621,0,6.6025877,8.1545,4.2195077,0,8.4087172,7.374002,9.7122059,10.249733,0,0,9.679719,9.8548222,9.8416119,9.6431608,9.7216663,9.8788872,0,8.8430376,9.8845081,9.8750362,0,9.4562626,9.3152409,.49000001,.64999998,0,0,0,0,1,.99000001,.38,.38,1.09,1.11,1.11,1.08,.55000001,.46000001,1.76,1.79,0,0,.82999998,.81,2.0799999,2.0799999,.41999999,.50999999,0,0,.72000003,.61000001,.75,.56,10.84943416931779,2.8332133,-7.0070257,0,10.849434,2.8332133,1,-7.0070257,0
47,47021,0,26,24,26,26,31,26,37,31,37,37,37,32,37,46,57,32,56,47,49,50,5.572154,1.3862944,0,0,5.5093884,3.1354942,0,2.4849067,2.8332133,4.3820267,1.0986123,2.7725887,3.2580965,0,2.7725887,5.1179938,4.3944492,8.3490114,3.2580965,0,0,8.123558,4.356709,0,3.8066626,4.4067192,7.7514753,2.3978953,4.9628448,7.635304,0,3.871201,6.954639,6.4645882,9.8496647,10.162655,0,0,9.8824682,9.4562626,0,9.0249739,9.9077282,10.011535,9.1864576,8.874588,10.022248,0,9.6977539,9.5175304,9.5850029,.20999999,.22,0,0,0,0,.94999999,1,.19,.11,0,0,.11,.050000001,.31,.27000001,2.4200001,2.46,.1,.039999999,.38999999,.34,2.99,2.99,0,0,.36000001,.44999999,.41,.31999999,.73000002,.63,10.20876393338886,2.5649493,-7.4286752,0,10.208764,2.5649493,1,-7.4286752,0
47,47023,0,1,2,5,1,3,5,1,3,2,1,2,3,3,6,2,5,3,5,4,3,5.220356,1.0986123,0,0,5.1532917,2.3025851,3.0445225,2.3025851,2.3025851,3.7841897,0,2.5649493,2.9957323,0,0,4.8598123,4.2904596,7.969358,2.9444389,0,0,7.7702231,4.3040652,4.7095304,5.6835799,4.3820267,7.0228682,0,5.0304379,6.9077554,0,0,7.1284962,6.4052286,9.6487885,10.094934,0,0,9.668335,8.9672489,9.8193445,9.8691549,9.7736063,9.7848167,0,8.672657,9.7831259,0,0,9.5505199,9.5379162,.22,.27000001,0,0,0,0,.98000002,1.01,.27000001,.12,.80000001,.85000002,1.03,1.34,.44,.41,1.71,1.6900001,0,0,.61000001,.52999997,2.1099999,2.03,0,0,0,0,.70999998,.69999999,1.01,1,9.458683724312134,0,-7.4843216,0,9.458684,0,1,-7.4843216,0
47,47025,0,4,3,23,4,3,23,7,3,7,7,7,4,3,7,5,6,6,2,7,2,5.8998976,1.3862944,0,0,5.8464389,3.0910425,3.2958369,3.3672957,3.2188759,4.2766662,1.9459101,3.1354942,3.4657359,2.6390574,3.583519,5.6131282,4.8751974,8.9147606,3.3322046,0,0,8.756053,5.1239638,4.4998097,6.5337887,5.3082676,8.2579041,4.2626801,6.1463294,8.1101265,6.089045,4.4659081,7.8204393,6.6908422,9.5545683,9.8532467,0,0,9.5321341,9.5201015,9.3217926,9.6246328,9.6817808,9.628458,9.5339441,8.7452841,9.4307604,10.507722,9.3535748,9.3618593,9.213336,.13,.13,0,0,0,0,1.02,1.01,.23,.2,.25,.18000001,.94,1.05,.43000001,.41,2.28,2.1199999,.37,.27000001,.72000003,.75,2.73,2.03,3.7,9.8999996,.37,.44999999,.55000001,.49000001,.51999998,.41,10.17110721395085,1.6094379,-7.3504839,0,10.171107,1.6094379,1,-7.3504839,0
47,47027,0,5,7,3,5,3,3,1,3,3,1,3,5,5,7,4,5,5,3,2,4,4.6634393,1.0986123,0,0,4.5217886,1.3862944,0,2.3025851,1.7917595,2.8903718,0,2.8332133,2.0794415,0,0,4.3040652,3.2958369,7.8497138,2.3025851,0,0,7.7177963,1.3862944,0,5.3981628,3.4965076,7.4535618,0,4.6539602,7.4259539,0,0,6.2576675,4.9126549,9.5443096,9.865941,0,0,9.5389967,8.9926815,0,9.2761278,9.5776186,9.58953,0,9.2067337,9.5939007,0,0,9.3509712,9.5068083,.13,.15000001,0,0,0,0,1.05,1.0599999,.02,.0099999998,0,0,.88,.69999999,.20999999,.18000001,2.96,2.6700001,0,0,.47,.77999997,3.99,3.54,0,0,0,0,.33000001,.30000001,.25999999,.27000001,8.887100204123687,.69314718,-7.2219639,0,8.8871002,.69314718,1,-7.2219639,0
47,47029,0,12,13,7,12,12,7,8,12,14,8,14,4,8,13,21,25,18,13,7,14,6.0063534,1.6094379,1.6094379,2.5649493,5.9506426,3.3322046,0,3.2580965,3.4011974,4.3174882,1.9459101,3.9120231,3.5553482,0,3.6109178,5.7300997,4.882802,8.8783579,3.6109178,4.2766662,6.828712,8.7230682,5.8051348,0,6.3099184,5.480639,7.9959803,4.3307333,6.5985088,7.911324,0,5.0106354,8.062748,6.9930153,9.6607151,10.056638,9.9179325,9.8295717,9.6260862,9.7251978,0,9.6878777,9.5822487,9.8234701,10.083014,8.9356403,9.8449574,0,9.1540871,9.3978157,9.2699289,.17,.2,.27000001,.31999999,1.3200001,1.5700001,1.02,1,.47999999,.44,0,0,.77999997,.82999998,.54000002,.41,1.8200001,1.85,.41,.47,1.1799999,1.3200001,2.3199999,2.3499999,0,0,.66000003,.58999997,.73000002,.61000001,.73000002,.55000001,10.27990139625029,1.0986123,-7.0674424,0,10.279902,1.0986123,1,-7.0674424,0
47,47031,0,38,27,25,38,37,25,33,37,27,33,27,34,32,37,46,57,59,55,63,58,6.7719355,2.1972246,1.6094379,2.8332133,6.7369671,4.4543471,4.4886365,4.5747108,4.3040652,5.1704841,2.1972246,4.2195077,4.3694477,2.0794415,4.3174882,6.50279,5.5490761,9.8974695,5.9506426,6.0185933,7.4181809,9.7653742,8.3509026,6.4892049,7.1530519,6.5235624,8.8352108,5.4205351,6.8627577,8.7163715,4.7184987,5.8200831,9.2636919,7.9494443,9.9522305,10.110909,10.318275,9.845541,9.9476957,10.404778,9.7627878,9.8456469,9.7454882,9.8882217,9.7850418,8.8836403,9.905036,9.6240377,9.3434715,9.9846525,9.5161324,.64999998,.58999997,.56999999,.74000001,.86000001,.76999998,1.05,1.0599999,2.22,3.02,.69,.50999999,.64999998,.61000001,.55000001,.37,1.52,1.23,.44,.28,.55000001,.44,1.87,1.5,.34999999,.25999999,.52999997,.43000001,.87,.98000002,.69,.49000001,10.60507402190992,2.0794415,-7.139967,0,10.605074,2.0794415,1,-7.139967,0
47,47033,0,4,11,18,4,13,18,11,13,9,11,9,11,19,21,10,15,13,13,11,11,5.4638319,1.0986123,0,0,5.3936276,2.7080503,3.4339871,2.4849067,2.6390574,4.1588831,0,0,2.8332133,2.8332133,3.1780539,5.0498562,4.3174882,8.1956091,3.2580965,0,0,8.0576944,4.5217886,5.0498562,5.5333896,4.8283138,7.6458759,0,0,7.4871736,5.0238805,3.713572,6.9716687,6.1136823,9.6483374,9.9436693,0,0,9.6466579,9.3417196,9.7485867,9.3378534,9.6833391,9.7491703,0,0,9.7640533,9.5569048,9.2750978,9.408535,9.4536791,.23999999,.25999999,0,0,0,0,1.04,1.0599999,.25999999,.17,.89999998,.88999999,.70999998,.54000002,.55000001,.47,2.54,2.4200001,0,0,0,0,3,2.8399999,2.6199999,2.47,.34999999,.36000001,.47999999,.41,.60000002,.55000001,9.501366845678353,2.1972246,-7.2687979,0,9.5013666,2.1972246,1,-7.2687979,0
47,47035,0,100,68,84,100,54,84,69,54,66,69,66,75,87,91,120,95,120,86,107,84,6.5102582,1.6094379,1.7917595,2.4849067,6.4769726,4.0073333,4.2904596,4.1271343,3.9512436,5.0625949,2.3025851,4.1743875,4.0604429,3.3322046,3.9702919,6.196444,5.2729998,9.227787,4.1108737,4.9052749,6.8700533,9.1068668,5.6347895,6.7742238,7.075809,5.8493247,8.2393293,5.3936276,7.1921821,7.8781552,5.6094718,5.0625949,8.5621662,7.4448333,9.6411486,10.137334,9.8708611,9.7119036,9.6249638,9.4028597,9.5782423,9.7389669,9.7957907,9.7849855,10.012162,8.9468956,9.8324213,9.9069319,9.4835682,9.490696,9.4766197,.2,.25999999,.36000001,.41,.97000003,1.04,1.0599999,1.0599999,.28999999,.2,1.8,1.52,1.1799999,1.35,.55000001,.52999997,1.64,1.63,.85000002,.91000003,1.5,1.74,1.58,1.61,1.67,2.25,.49000001,.62,.83999997,.79000002,.81,.76999998,10.45553189211807,4.1108737,-7.5369296,0,10.455532,4.1108737,1,-7.5369296,0
47,47037,0,2408,2240,2168,2408,2054,2168,1954,2054,1985,1954,1985,2055,2294,2511,2773,2797,2934,2718,2577,2733,9.5515156,4.0430512,3.8066626,3.3672957,9.5421591,7.6492162,7.0647593,7.2793188,7.3479438,7.5898414,5.855072,6.9697905,6.6631327,3.2580965,7.4933171,9.3890724,8.1925707,12.773561,8.9875717,10.416611,9.8148746,12.588099,10.328069,9.6508512,10.697927,10.123867,10.913596,9.412219,10.441296,10.566381,6.3561077,9.2691755,12.38058,11.30451,10.026943,10.345638,9.9986162,10.152338,10.011445,9.9499416,10.09547,10.166313,10.17873,10.214569,10.200848,9.3124456,10.253968,10.492052,9.6599503,9.9580708,9.9521828,.76999998,.81999999,2.5899999,2.29,.52999997,.60000002,.99000001,.99000001,.89999998,.72000003,.92000002,.88999999,1.28,1.52,1.13,1.09,.68000001,.70999998,1.36,1.2,1.12,1.27,.67000002,.70999998,.1,.17,.94,.98000002,1.11,1.12,1.11,1.15,13.14370207923568,7.3926477,-7.1719766,1,13.143703,7.3926477,1,-7.1719766,1
47,47039,0,20,19,15,20,14,15,7,14,38,7,38,15,12,12,19,21,21,20,14,17,5.4249501,1.0986123,0,0,5.3565865,2.4849067,2.7080503,2.5649493,2.3025851,3.9512436,1.3862944,3.2580965,3.4657359,1.6094379,2.9444389,5.0751739,4.3438053,8.1110277,3.713572,0,0,7.9508548,3.2580965,4.7095304,5.4380794,4.5108595,7.4804282,3.9702919,4.9836068,7.3472996,4.6913481,3.4657359,6.9707303,6.1923623,9.5425177,10.221941,0,0,9.5114813,9.5420876,9.9289608,9.6168718,9.7054634,9.4891081,10.041596,8.741456,9.4154825,9.8573914,9.1184444,9.5475979,9.5998793,.41999999,.64999998,0,0,0,0,1.02,1,.079999998,.07,.69999999,.92000002,.69999999,.79000002,.44,.41999999,2.3399999,1.92,.62,.75,.5,.51999998,2.8399999,2.1099999,2.04,2.9000001,.30000001,.28999999,.52999997,.56999999,.70999998,.82999998,9.256460307589736,2.8903718,-7.5167708,0,9.2564602,2.8903718,1,-7.5167708,0
47,47041,0,5,3,5,5,12,5,8,12,11,8,11,3,9,5,10,8,16,4,11,7,5.572154,1.0986123,0,0,5.5053315,3.0910425,3.0910425,3.2188759,2.9957323,4.0253515,0,3.1780539,3.4011974,1.3862944,0,5.2470241,4.3040652,8.4680033,3.0910425,0,0,8.3567896,4.5747108,4.0604429,6.0210233,4.94876,7.8991537,0,5.2522736,7.8127828,5.0998664,0,7.3556409,6.3578424,9.624567,10.053071,0,0,9.6129351,9.6855183,9.480978,9.6740112,9.683713,9.6339731,0,9.3421574,9.648531,9.4472294,0,9.5756779,9.4295559,.16,.19,0,0,0,0,1.0700001,1.0700001,.20999999,.2,.25999999,.2,.88,.95999998,.47,.41999999,2.49,2.1700001,0,0,.46000001,.81,3.1700001,2.73,2.1500001,1.86,0,0,.54000002,.56,.58999997,.52999997,9.572201842602215,1.3862944,-7.1133595,0,9.5722017,1.3862944,1,-7.1133595,0
47,47043,0,59,66,63,59,70,63,77,70,75,77,75,79,75,93,105,122,143,99,87,88,6.403574,1.3862944,1.6094379,2.7080503,6.363028,3.9120231,4.5432949,3.6635616,3.9318256,4.9972124,1.3862944,4.0073333,3.8501475,2.0794415,3.7376697,6.0684257,5.2522736,9.1391668,3.9318256,4.1743875,7.1623974,8.9755039,5.6937323,6.3099184,7.1252832,5.771441,7.9892216,5.4116459,6.7604146,7.7706451,3.3672957,5.4930615,8.5087576,7.4776044,9.764513,10.085142,9.9143286,9.7389078,9.7648573,9.6529083,9.9859428,9.8812418,9.9275455,9.9747381,10.095223,8.8129921,9.9745979,9.7488203,9.7134762,9.6153383,9.4989719,.18000001,.2,.19,.2,1.42,1.39,1.01,1.03,.33000001,.25999999,1.24,1.38,1.36,1.59,.55000001,.54000002,1.39,1.48,.94,.97000003,1.0700001,.95999998,1.55,1.61,.19,.2,.81999999,1.17,.87,.81999999,.92000002,.77999997,10.46484468060127,3.6375861,-7.2093005,0,10.464845,3.6375861,1,-7.2093005,0
47,47045,0,68,53,73,68,56,73,51,56,41,51,41,45,41,78,56,73,61,65,47,46,6.617403,1.6094379,1.7917595,2.5649493,6.5847912,4.0775375,0,4.2195077,4.1431346,4.882802,1.9459101,4.1743875,3.8066626,0,4.4773369,6.3835068,5.4889379,9.6126003,4.4188404,5.5984221,7.192934,9.4932613,6.6039438,0,6.8956828,6.3613024,8.8433266,4.7706847,6.7923446,8.7140751,0,5.7203116,8.7547922,7.909122,9.8322601,10.261896,9.9779453,9.8796558,9.8208122,9.4060717,0,9.7517338,9.7745171,10.007577,10.016235,8.8629084,10.020782,0,9.2685146,9.5668249,9.6504641,.19,.22,.49000001,.51999998,.91000003,.95999998,1.0599999,1.0599999,.50999999,.28999999,0,0,.67000002,.63999999,.62,.47999999,2.04,2.0999999,.31,.28,.69,.60000002,2.48,2.53,0,0,.63999999,.55000001,.69999999,.57999998,.88,.81,10.45892318722059,3.6375861,-7.3643723,1,10.458923,3.6375861,1,-7.3643723,1
47,47047,0,40,37,50,40,50,50,63,50,44,63,44,41,68,59,89,85,111,85,84,71,5.6733232,1.0986123,0,0,5.602119,2.8903718,3.5553482,2.8332133,2.9957323,4.356709,0,2.8332133,3.4965076,2.3978953,0,5.2626901,4.4067192,8.4912596,3.4657359,0,0,8.2287111,4.8520303,5.1761498,5.4510384,4.8121843,7.7591872,0,4.8598123,7.603898,5.0751739,0,7.2470808,6.505784,9.725915,9.9139328,0,0,9.7734356,9.9843302,9.7860546,9.4856205,9.9183273,9.8423567,0,8.8147764,9.8794508,9.3078299,0,9.6467228,9.7060118,.22,.20999999,0,0,0,0,.92000002,.98000002,.27000001,.31,.75999999,.72000003,.49000001,.40000001,.40000001,.41,2.1099999,2.05,0,0,.31,.28,2.51,2.47,2.05,1.39,0,0,.47,.47,.66000003,.72000003,10.14874478409545,2.1972246,-6.7222819,0,10.148745,2.1972246,1,-6.7222819,0
47,47049,0,24,13,17,24,48,17,16,48,25,16,25,20,23,19,26,35,36,28,30,24,5.4205351,1.0986123,0,0,5.3612924,2.6390574,3.0910425,2.8903718,2.8332133,4.1588831,0,2.3025851,3.3672957,2.5649493,0,5.0039463,4.2484951,8.2071295,3.2188759,0,0,8.0468693,3.0445225,4.3820267,6.2045579,4.7957907,7.415175,0,4.7273879,7.3336763,3.9120231,0,7.2882442,6.4614682,9.4447012,10.18339,0,0,9.381938,8.964056,9.3648624,9.6124001,9.7229843,9.340579,0,8.73069,9.3304319,9.581007,0,9.4269028,9.3044682,.23,.38,0,0,0,0,1.02,.97000003,.059999999,.029999999,.46000001,.38,1.37,1.6900001,.52999997,.57999998,1.99,1.55,0,0,.34999999,.40000001,2.55,1.91,.85000002,1,0,0,.66000003,.69999999,.83999997,.81,9.593491702487762,2.1972246,-7.4742379,0,9.5934916,2.1972246,1,-7.4742379,0
47,47051,0,32,47,30,32,28,30,25,28,24,25,24,34,33,37,62,66,75,60,51,59,6.2441669,1.7917595,0,0,6.1923623,3.6375861,3.9889841,3.9889841,0,4.7004805,0,3.6635616,3.7376697,2.6390574,4.0943446,5.9348941,4.9972124,8.8688354,4.6347289,0,0,8.7031746,5.2626901,5.2364421,7.2056351,0,7.7052627,0,6.2785215,7.5115247,5.3132062,4.9698133,8.2432823,7.2108183,9.6865749,10.196008,0,0,9.6675749,9.9681511,9.4561062,9.9342108,0,9.7510357,0,8.70996,9.77355,9.7813196,9.3599663,9.6154051,9.4221401,.49000001,.63999999,0,0,0,0,1.01,1.01,.28,.31999999,.55000001,.38999999,1.9299999,2.5699999,0,0,1.37,1.26,0,0,.86000001,.75,1.5700001,1.4400001,1.78,2.03,.63999999,.68000001,.88,.88999999,.92000002,.77999997,10.45521516762254,2.3978953,-7.4755182,0,10.455215,2.3978953,1,-7.4755182,0
47,47053,0,24,21,16,24,20,16,22,20,9,22,9,19,26,23,31,30,26,28,38,32,6.8276291,1.9459101,0,0,6.7821922,4.0073333,4.5643482,4.3438053,4.2904596,5.267858,2.5649493,4.1743875,4.4773369,2.3025851,4.59512,6.5337887,5.7268476,9.73985,4.94876,0,0,9.6117306,5.7899604,6.505784,7.1530519,6.1675167,9.0989618,4.9836068,6.5971456,9.0077343,4.7184987,5.5333896,8.6983471,7.9276853,9.7516756,10.240067,0,0,9.748353,10.07133,9.7624998,9.3546143,9.679781,9.8901997,9.976366,8.7850809,9.9038877,9.5442381,9.2920122,9.4901667,9.5372667,.28,.36000001,0,0,0,0,1.05,1.0599999,.2,.23999999,.82999998,.75,.76999998,.52999997,.44999999,.34999999,2.3099999,2.3,.34,.31,.5,.44,2.9300001,2.8800001,.41,.34,.47,.44,.57999998,.47999999,.79000002,.70999998,10.74322116168813,2.5649493,-7.030334,0,10.743221,2.5649493,1,-7.030334,0
47,47055,0,9,6,4,9,6,4,11,6,3,11,3,12,6,8,8,13,11,10,12,7,6.1696105,1.7917595,1.6094379,3.0445225,6.1003189,3.583519,3.3322046,3.6635616,3.4657359,4.4426513,2.0794415,3.7841897,3.871201,2.1972246,3.9889841,5.8888779,5.0039463,8.9891949,3.5263605,4.0775375,6.763885,8.8619165,5.1179938,5.09375,6.505784,5.6094718,8.3101692,3.9702919,6.0185933,8.2586813,3.713572,4.934474,8.0043659,7.1577353,9.7806416,10.219721,9.8728218,9.7805853,9.7771873,9.8374014,9.5675249,9.8249855,9.7444334,9.9017363,9.4459658,8.8693981,9.914032,9.864747,9.235033,9.5786572,9.5551348,.14,.17,.2,.2,1.11,1.11,1.05,1.0599999,.22,.2,.43000001,.31,.85000002,.92000002,.55000001,.44,2.23,2.1700001,.25999999,.14,.58999997,.55000001,2.9400001,2.8299999,.31999999,.36000001,.54000002,.47,.61000001,.54000002,.76999998,.69,10.15584033043432,1.6094379,-7.582654,0,10.15584,1.6094379,1,-7.582654,0
47,47057,0,19,17,14,19,18,14,12,18,14,12,14,18,14,27,30,33,47,30,23,23,5.1761498,1.6094379,0,0,5.0998664,2.1972246,0,2.0794415,0,4.0253515,0,2.7080503,3.4339871,0,0,4.6821313,3.9889841,7.9533181,3.2958369,0,0,7.7647204,3.4657359,0,5.0039463,0,7.4348478,0,4.4188404,7.36518,0,0,6.4952655,5.7137327,9.4931107,9.7236433,0,0,9.4700089,9.2018042,0,8.9652071,0,9.5298843,0,8.8037243,9.524786,0,0,9.2980766,9.4346828,.31999999,.31999999,0,0,0,0,.99000001,.98000002,.12,.07,0,0,.52999997,.33000001,0,0,2.6199999,2.3499999,0,0,.34,.38999999,3.3900001,2.95,0,0,0,0,.38,.34,.50999999,.54000002,9.746541302073402,1.3862944,-7.4087782,0,9.746541,1.3862944,1,-7.4087782,0
47,47059,0,83,82,68,83,71,68,79,71,56,79,56,64,61,89,93,85,104,72,73,77,6.8023949,2.3978953,0,0,6.767343,4.3944492,4.1271343,4.4426513,4.1271343,5.0998664,2.1972246,4.3174882,4.5643482,1.7917595,4.7874918,6.558198,5.6094718,10.04451,5.0751739,0,0,9.8836927,6.2146082,6.3279366,7.6439619,6.2205901,9.3449583,5.4161005,6.9966817,9.2903519,3.871201,6.0450053,9.0078573,8.1122284,9.7799635,10.067858,0,0,9.7740049,9.6919022,9.8813953,9.675457,9.7557993,9.9254446,9.9268618,8.8479347,9.9263248,10.196903,9.1105204,9.513773,9.5003948,.23,.23999999,0,0,0,0,1.02,1.03,.23,.18000001,.50999999,.5,.92000002,.86000001,.34999999,.28,2.1800001,2.1800001,.38,.33000001,.55000001,.5,2.8699999,2.8,.13,.20999999,.57999998,.44,.57999998,.47999999,.69999999,.58999997,10.93047851836359,3.7841897,-7.4064674,0,10.930478,3.7841897,1,-7.4064674,0
47,47061,0,7,10,7,7,6,7,3,6,11,3,11,13,10,18,12,14,11,12,11,11,5.0238805,1.0986123,0,0,4.8903489,0,2.4849067,2.3978953,1.7917595,3.5263605,1.0986123,2.0794415,2.6390574,2.0794415,0,4.59512,4.0604429,7.5668283,2.9444389,0,0,7.2696166,0,4.0775375,5.0172796,2.4849067,6.5957804,3.0445225,4.0253515,6.3835068,4.3944492,0,6.558198,6.0450053,9.4040966,9.8485031,0,0,9.308918,0,9.7260342,9.2983513,8.7609234,9.2441616,9.8933868,8.5646496,9.0957146,9.6905422,0,9.3721189,9.4647503,.33000001,.41,0,0,0,0,.88999999,.81999999,0,0,.63999999,.79000002,.79000002,.74000001,.1,.039999999,1.66,1.22,.43000001,.51999998,.33000001,.33000001,1.87,1.16,2.6099999,3.5799999,0,0,.60000002,.63,1.05,1.24,9.500170136485423,2.0794415,-7.4577551,0,9.5001698,2.0794415,1,-7.4577551,0
47,47063,0,83,97,92,83,90,92,76,90,91,76,91,89,76,90,100,107,132,117,114,106,6.9697905,2.0794415,1.7917595,2.4849067,6.9450512,4.4773369,0,4.8121843,4.5538769,5.3659759,2.0794415,4.356709,4.7791233,0,4.5747108,6.7141705,5.811141,10.245728,4.8441873,6.3935909,7.3581939,10.160762,6.6385679,0,7.4894123,6.4583383,9.6955404,5.3936276,7.2262092,9.6435499,0,6.2363696,9.1719112,8.3721676,9.8375082,10.30675,9.8705511,9.9156628,9.8288183,9.6954784,0,9.8361187,9.7438469,9.94415,9.8957577,8.9205227,9.9503231,0,9.3536615,9.5977774,9.609251,.15000001,.19,.57999998,.54000002,.56999999,.62,1.1,1.1,.28,.20999999,0,0,.64999998,.67000002,.36000001,.27000001,2.53,2.4400001,.31,.23999999,.56,.51999998,3.3399999,3.1500001,0,0,.56999999,.52999997,.56,.47999999,.74000001,.66000003,10.82933249721509,4.2484951,-7.5047736,0,10.829332,4.2484951,1,-7.5047736,0
47,47065,0,883,827,844,883,753,844,795,753,762,795,762,870,950,1011,1129,1157,1145,1155,979,1030,8.8025227,3.2580965,1.9459101,3.7376697,8.7911816,6.7511015,6.4393506,6.5764694,6.4536252,7.0664668,4.2904596,6.1092477,6.2614918,3.0910425,6.6707664,8.5948944,7.5288692,11.942895,9.0124989,7.9963174,9.4939394,11.769643,9.5609264,8.7588835,9.4520311,9.3207178,10.547707,7.8785343,9.5625458,10.353002,5.9162021,8.4644251,11.420568,10.354181,9.9844685,10.659375,9.8971672,10.047631,9.916256,9.8314009,10.054104,10.106591,10.089428,10.105857,10.141874,9.0533352,10.115045,10.185541,9.5485964,9.8250399,9.8320456,1.8,2.76,.52999997,.44,.88999999,.94999999,1.01,.94999999,.95999998,.72000003,.87,.82999998,.83999997,.99000001,1.16,1.0700001,1.09,1.0599999,.67000002,.57999998,1.0700001,.97000003,1.24,1.1900001,.15000001,.19,.97000003,.94,.97000003,.89999998,.99000001,.94,12.56212339469988,6.3403592,-6.9705606,0,12.562123,6.3403592,1,-6.9705606,0
47,47067,0,6,3,3,6,4,3,2,4,2,2,2,5,3,4,3,3,4,6,11,2,4.0253515,1.0986123,0,0,3.8286414,1.3862944,0,1.6094379,0,2.1972246,0,0,0,0,0,3.6375861,2.9444389,6.8001699,2.5649493,0,0,6.4520488,1.6094379,0,5.09375,0,5.8833222,0,0,0,0,0,5.6204009,4.3174882,9.4503021,10.004102,0,0,9.3635759,9.6225824,0,9.5003948,0,9.3537474,0,0,0,0,0,9.3763628,9.1409903,.49000001,.68000001,0,0,0,0,.83999997,.79000002,.059999999,.059999999,0,0,1.85,2.02,0,0,1.76,1.38,0,0,0,0,0,0,0,0,0,0,.5,.50999999,.40000001,.33000001,8.815666824946216,.69314718,-6.5542011,0,8.8156672,.69314718,1,-6.5542011,0
47,47069,0,24,15,23,24,22,23,24,22,25,24,25,21,24,17,25,20,32,18,24,29,5.8861041,1.3862944,0,0,5.817111,0,3.583519,3.2958369,3.1354942,4.356709,0,3.2958369,3.6109178,1.6094379,3.6635616,5.556828,4.8441873,8.9185162,3.5263605,0,0,8.638525,0,5.3798971,6.5750756,5.2781148,8.0655794,0,5.7004437,7.9827576,3.583519,4.9767337,7.8087292,6.914731,9.7115402,10.017754,0,0,9.6825914,0,9.5364017,9.5889826,9.6237736,9.841506,0,8.6865988,9.8663044,9.2298489,9.0446396,9.4306803,9.4278679,.15000001,.16,0,0,0,0,.89999998,.88999999,0,0,.61000001,.46000001,.98000002,.89999998,.41999999,.31999999,1.87,1.84,0,0,.46000001,.38,2.3900001,2.3499999,.30000001,.19,.61000001,.47,.54000002,.44,.64999998,.54000002,10.05950791199404,2.0794415,-7.5333853,0,10.059508,2.0794415,1,-7.5333853,0
47,47071,0,35,30,36,35,40,36,25,40,36,25,36,27,39,47,29,37,39,41,48,41,6.0450053,2.1972246,0,0,5.9864521,3.2958369,3.713572,3.5553482,3.3322046,4.5108595,1.3862944,3.5263605,3.6888795,2.3978953,3.4965076,5.7268476,4.9972124,8.8430376,4.6913481,0,0,8.6606007,4.3694477,6.025866,5.6419072,4.9767337,8.1496019,3.8066626,5.9322453,7.9996786,4.2195077,4.4773369,7.7450027,7.1654935,9.663579,10.081759,0,0,9.6600771,9.7784348,9.4663,9.3060141,9.8238487,9.7705841,9.1351852,8.579792,9.8056545,9.8026724,9.052516,9.4676924,9.6221848,.52999997,.63,0,0,0,0,1,1.01,.12,.12,1.25,.92000002,.41,.30000001,.34,.33000001,2.2,2.1099999,.25,.11,.63,.49000001,2.6300001,2.55,.61000001,.72000003,.40000001,.33000001,.55000001,.49000001,.89999998,.95999998,10.02716429722973,2.8332133,-7.4080033,0,10.027164,2.8332133,1,-7.4080033,0
47,47073,0,19,16,20,19,19,20,23,19,21,23,21,16,17,28,24,25,26,28,28,25,6.1355648,2.0794415,0,0,6.0661082,3.4657359,4.0073333,3.4965076,3.6375861,4.4998097,1.9459101,3.583519,3.4657359,1.0986123,4.0604429,5.8348107,4.9272537,9.2669096,5.7333412,0,0,9.0815973,4.5217886,5.5909872,6.2166061,5.521461,8.6569548,4.0943446,6.3835068,8.6039209,3.4011974,4.94876,8.0202703,7.2492151,10.023667,10.429665,0,0,10.051865,9.6322041,9.8201599,9.3492327,9.7205858,10.261966,9.8526678,8.7519493,10.27997,10.135234,9.1407757,9.4684649,9.651494,.99000001,1.15,0,0,0,0,.99000001,1.04,.090000004,.050000001,.52999997,.38999999,.47999999,.25,.38,.23,2.3900001,2.6199999,.22,.14,.63999999,.41999999,3.1400001,3.4200001,.18000001,.2,.41999999,.25999999,.47,.28999999,.63999999,.49000001,10.70470407656482,1.9459101,-7.3733544,0,10.704704,1.9459101,1,-7.3733544,0
47,47075,0,22,18,22,22,26,22,20,26,19,20,19,28,10,24,22,16,27,25,14,12,5.8260002,1.3862944,0,0,5.7776523,2.8903718,3.5553482,3.0445225,3.1780539,4.3040652,1.0986123,3.2958369,3.0445225,2.8903718,3.8501475,5.5134287,4.7004805,8.6307001,3.4657359,0,0,8.4635811,4.2484951,5.0434251,5.6629605,5.32301,7.9135208,4.1743875,5.6276212,7.761745,5.4424176,4.8441873,7.6033993,6.880384,9.7407923,10.096419,0,0,9.7358379,9.880168,9.466609,9.6713667,9.6997175,9.8751392,9.6461411,8.6680241,9.9056854,9.7801332,9.2331772,9.5079231,9.5607157,.19,.20999999,0,0,0,0,1.01,1.02,.13,.13,.57999998,.38999999,.51999998,.50999999,.58999997,.47,2.1400001,2.1199999,.44999999,.31,.56999999,.44999999,2.5599999,2.54,2.5699999,2.76,.70999998,.63999999,.58999997,.50999999,.83999997,.77999997,9.874933745118067,2.9957323,-7.1646461,0,9.8749342,2.9957323,1,-7.1646461,0
47,47077,0,3,3,3,3,4,3,4,4,2,4,2,3,5,3,7,3,7,6,9,3,5.894403,1.7917595,1.0986123,2.6390574,5.8289456,3.2188759,0,3.1780539,3.1354942,4.3944492,0,3.2188759,3.583519,0,0,5.556828,4.8520303,8.9314194,3.5553482,3.6888795,6.5652652,8.8218794,4.4773369,0,5.8636312,5.2149358,8.4342461,0,6.0137153,8.3977337,0,0,7.6870804,6.9167151,9.639327,10.157859,9.8144379,9.7770739,9.6190672,9.5961466,0,9.4593077,9.7410278,9.7264519,0,8.6806717,9.7357788,0,0,9.3455706,9.4123011,.16,.2,.14,.16,.95999998,1.11,1.0700001,1.0700001,.12,.1,0,0,.47,.41,.38999999,.36000001,2.6700001,2.52,0,0,.62,.55000001,3.5799999,3.3199999,0,0,0,0,.47,.38,.63999999,.56999999,9.991681563272044,1.0986123,-6.9874249,0,9.9916811,1.0986123,1,-6.9874249,0
47,47079,0,42,56,43,42,42,43,26,42,34,26,34,53,41,54,49,57,58,55,49,49,6.4118185,1.7917595,0,0,6.3699012,3.6375861,4.0775375,3.8286414,3.6375861,4.8202815,2.0794415,4.1108737,4.1108737,1.3862944,4.0775375,6.1312265,5.3518581,9.1580992,4.2195077,0,0,8.9876966,5.6167712,5.7397928,6.1224928,5.659482,8.2789364,4.5643482,6.5132303,8.1567974,4.94876,5.3278761,8.3099232,7.635787,9.7065601,10.130424,0,0,9.6902943,9.6260195,9.7367239,9.9539433,9.7615204,9.8179293,9.8081875,8.8724871,9.8121395,10.091542,9.2713413,9.5487394,9.5652838,.23999999,.28999999,0,0,0,0,1.01,1.01,.30000001,.23999999,.69,.63,.49000001,.64999998,.47999999,.41999999,1.8200001,1.76,.40000001,.33000001,.81999999,.81999999,2.24,2.0999999,.93000001,1.41,.68000001,.66000003,.69999999,.64999998,1.05,1.02,10.2359517677598,3.4011974,-7.3728638,0,10.235951,3.4011974,1,-7.3728638,0
47,47081,0,17,13,17,17,23,17,25,23,22,25,22,25,24,26,37,26,32,25,20,29,5.31812,1.0986123,0,0,5.2574954,0,3.2580965,2.3025851,2.3025851,4.0253515,0,2.7080503,3.3322046,0,2.9957323,4.9126549,4.1588831,7.9631119,3.0910425,0,0,7.704812,0,4.89784,5.0172796,4.4426513,7.2399325,0,4.3438053,7.1316986,0,4.6151204,6.7153835,5.8377304,9.5545683,9.9508009,0,0,9.5136986,0,9.7157717,9.4227867,9.6518164,9.5731068,0,8.3094311,9.5535755,0,9.3122654,9.4045906,9.526391,.25999999,.30000001,0,0,0,0,.92000002,.89999998,0,0,.98000002,1.03,.52999997,.49000001,.47,.43000001,2.1300001,1.88,0,0,.31,.20999999,2.6600001,2.24,0,0,1.1,1.3,.47,.44,.57999998,.62,9.726392314713754,2.5649493,-7.44732,0,9.7263927,2.5649493,1,-7.44732,0
47,47083,0,2,2,1,2,1,1,1,1,3,1,3,1,1,2,1,1,2,1,2,2,4.6728287,1.0986123,0,0,4.5432949,0,0,0,1.9459101,3.1780539,0,2.0794415,2.4849067,0,0,4.2484951,3.4965076,7.2189097,2.3978953,0,0,6.9782138,0,0,0,3.2958369,6.2859979,0,3.871201,6.1377273,0,0,6.2841344,5.1059456,9.5830069,9.6855803,0,0,9.6021795,0,0,0,9.9626989,9.7276449,0,8.4821873,9.6817179,0,0,9.4581375,9.3832846,.27000001,.23999999,0,0,0,0,.94,.97000003,0,0,0,0,0,0,.31999999,.38,1.73,1.73,0,0,.41,.31,2.0699999,1.92,0,0,0,0,.63999999,.62,.57999998,.52999997,8.85623355614316,0,-7.3772621,0,8.8562336,0,1,-7.3772621,0
47,47085,0,3,2,5,3,5,5,5,5,2,5,2,3,4,3,4,9,8,2,10,4,5.6664267,1.7917595,0,0,5.6058021,2.9957323,0,2.7725887,2.8903718,4.0775375,0,3.4965076,3.4011974,0,0,5.3612924,4.5432949,8.5971127,6.2841344,0,0,8.3624086,5.1239638,0,5.602119,4.356709,7.7972913,0,5.9964519,7.6177597,0,0,7.5224004,6.6682281,10.045291,10.44258,0,0,10.020559,10.008613,0,9.6829033,9.9073801,10.261966,0,9.2263117,10.294651,0,0,9.5753307,9.5656347,3.3399999,3.8699999,0,0,0,0,.94999999,.94,.31999999,.27000001,0,0,.50999999,.37,.23,.17,1.97,2.1199999,0,0,.86000001,.87,2.29,2.48,0,0,0,0,.56,.38,.69999999,.47999999,9.667448713236185,1.9459101,-7.4815507,0,9.667449,1.9459101,1,-7.4815507,0
47,47087,0,3,4,5,3,2,5,6,2,4,6,4,4,3,3,6,2,6,5,4,5,4.4998097,1.0986123,0,0,4.356709,1.7917595,2.1972246,2.0794415,1.9459101,2.9444389,0,1.9459101,2.0794415,0,0,4.0775375,3.0910425,7.467371,2.4849067,0,0,7.3018222,3.2188759,3.9512436,5.2257466,3.8286414,6.8885727,0,3.8066626,6.8297939,0,0,6.2186003,4.7095304,9.617404,9.8653183,0,0,9.6039352,9.9156141,9.6326628,9.4528942,9.7256165,9.6265478,0,8.6020861,9.6254921,0,0,9.5582466,9.2138338,.23,.23,0,0,0,0,1.01,1.01,.15000001,.17,.62,.56,1.08,.94999999,.41999999,.38,2.46,2.1500001,0,0,.30000001,.25,3.23,2.74,0,0,0,0,.47,.47999999,.31,.23,9.137447046455858,1.9459101,-7.6235585,0,9.1374474,1.9459101,1,-7.6235585,0
47,47089,0,38,36,26,38,23,26,32,23,18,32,18,30,17,41,42,47,50,43,37,36,6.20859,2.1972246,0,0,6.1506028,3.7376697,4.0253515,3.6635616,3.3672957,4.8520303,0,3.583519,4.1108737,2.3025851,0,5.8318825,4.9904327,9.1538763,4.6728287,0,0,8.9915619,5.8289456,5.8636312,6.6012301,5.2364421,8.414052,0,6.2265368,8.1989145,6.2557502,0,8.1676359,7.3414841,9.754756,10.139903,0,0,9.763133,9.7746878,9.9513245,9.6893654,9.5571165,9.8347807,0,8.8520927,9.7603102,10.183049,0,9.6632614,9.8367596,.38,.44,0,0,0,0,1.02,1.04,.37,.33000001,.77999997,.85000002,.79000002,.76999998,.31999999,.22,2.0999999,1.96,0,0,.62,.57999998,2.3499999,1.99,3.4400001,5.46,0,0,.61000001,.61000001,.79000002,.94999999,10.40474757143242,3.0910425,-7.5059896,0,10.404748,3.0910425,1,-7.5059896,0
47,47091,0,18,20,16,18,17,16,19,17,14,19,14,17,11,19,23,20,29,15,23,21,5.1532917,1.3862944,0,0,5.0998664,2.1972246,0,2.5649493,2.8332133,3.7612002,1.6094379,2.3978953,3.1354942,0,2.8332133,4.7957907,3.9120231,8.0724678,3.0445225,0,0,7.8804264,2.7080503,0,5.09375,4.5747108,7.3987861,3.3322046,4.4308167,7.297091,0,3.4011974,6.9177055,6.3851943,9.5016661,9.9697437,0,0,9.5096302,9.088625,0,9.5171633,9.6935682,9.4631205,9.7488203,8.7224169,9.4283504,0,9.1967487,9.5804548,9.6726265,.22,.28,0,0,0,0,.99000001,1.01,.050000001,.029999999,0,0,.51999998,.54000002,.47999999,.49000001,2.24,1.86,.34,.31999999,.30000001,.31999999,2.8099999,2.2,0,0,.28999999,.33000001,.51999998,.61000001,.88999999,1.1799999,9.52995706295831,1.0986123,-7.2591681,0,9.5299568,1.0986123,1,-7.2591681,0
47,47093,0,1137,971,1002,1137,946,1002,975,946,913,975,913,994,1089,1144,1354,1425,1497,1384,1171,1270,9.0020857,3.2580965,2.4849067,3.2580965,8.9941721,7.0192966,6.7165947,6.7592554,6.6463904,7.2262092,4.5747108,6.280396,6.2422233,3.5553482,6.8046145,8.8071728,7.7773738,12.022589,8.3652067,9.5113335,9.4337234,11.821608,9.7491703,9.0567226,9.7536526,8.9132814,10.311017,8.3767815,9.6270752,9.9481745,6.3491392,8.4601994,11.572146,10.597734,9.9227018,10.55623,10.039242,9.8908577,9.8847122,9.8574438,9.9851599,10.162075,9.9986162,10.014939,10.311915,9.070158,10.023933,10.117025,9.4793749,9.844533,9.8230906,.87,1.28,2.22,2.26,.76999998,.75,.98000002,.95999998,1.0700001,.87,1.08,1.03,1.05,1.39,.70999998,.63999999,.79000002,.75,1.02,1.12,1.05,1.04,.76999998,.70999998,.20999999,.27000001,.88999999,.86000001,1.05,1.05,1.16,1.17,12.7241191359745,6.616065,-7.0987263,1,12.724119,6.616065,1,-7.0987263,1
47,47095,0,2,2,3,2,4,3,1,4,4,1,4,6,2,2,3,4,6,5,7,2,4.8441873,1.0986123,0,0,4.7449322,0,0,0,2.4849067,3.0910425,0,2.6390574,0,2.3978953,0,4.5432949,3.6635616,7.3330231,2.7725887,0,0,7.1412449,0,0,0,4.0943446,6.6093493,0,4.5108595,0,4.7621741,0,6.2557502,5.3375382,9.4854689,10.159524,0,0,9.4335642,0,0,0,9.4991217,9.4974728,0,8.8532372,0,9.1900358,0,9.3349447,9.4625769,.34999999,.54000002,0,0,0,0,.99000001,.94999999,0,0,0,0,0,0,.63,.52999997,2.1300001,1.86,0,0,.69,.85000002,0,0,4.77,3.6700001,0,0,.56,.51999998,.66000003,.70999998,8.871926251117628,1.6094379,-7.670455,0,8.8719263,1.6094379,1,-7.670455,0
47,47097,0,14,7,18,14,16,18,19,16,13,19,13,8,22,25,21,21,23,13,27,18,5.8861041,1.3862944,0,0,5.811141,2.9444389,3.2580965,3.1354942,3.1780539,4.0943446,0,3.0910425,3.0910425,2.5649493,0,5.6131282,4.9272537,8.9806757,4.0604429,0,0,8.8343372,3.9512436,5.0304379,6.1202974,5.4380794,8.1510448,0,5.1590552,8.0624332,4.94876,0,8.1312361,7.7608933,9.6514301,9.8979721,0,0,9.6633883,9.5792103,9.7013102,9.400547,9.6970167,9.7510939,0,8.5960045,9.7615204,9.5503063,0,9.5652142,9.6421232,.25,.23999999,0,0,0,0,1.03,1.0599999,.07,.050000001,.40000001,.38,.57999998,.47,.46000001,.40000001,1.92,1.83,0,0,.25,.2,2.4400001,2.29,1.11,1.04,0,0,.69999999,.69999999,1.4299999,1.5700001,10.06437264805377,1.6094379,-7.5758781,0,10.064373,1.6094379,1,-7.5758781,0
47,47099,0,12,7,11,12,12,11,10,12,16,10,16,7,12,16,18,13,17,8,15,19,6.4216223,1.7917595,0,0,6.3716121,3.5553482,4.0430512,3.9512436,3.7376697,4.7874918,2.3025851,3.713572,4.0604429,1.7917595,4.0943446,6.1420374,5.4116459,9.3588467,4.1271343,0,0,9.2428074,7.0112138,5.7170277,6.5666723,5.3798971,8.66854,4.7535901,6.2952662,8.6092253,3.4339871,4.9767337,8.4147177,7.41998,9.7799063,10.054276,0,0,9.7744036,9.5714359,9.7226248,9.697938,9.8663044,9.914526,9.493186,8.610137,9.9252977,9.6841488,9.1783333,9.5588827,9.666625,.18000001,.18000001,0,0,0,0,1.0599999,1.0700001,.99000001,.69999999,.55000001,.46000001,.62,.60000002,.30000001,.27000001,2.2,2.1800001,.38999999,.22,.54000002,.38999999,2.8800001,2.8099999,.17,.16,.38999999,.31999999,.63999999,.56,.69999999,.69,10.47172322514599,1.9459101,-7.5159054,0,10.471724,1.9459101,1,-7.5159054,0
47,47101,0,2,1,2,2,1,2,1,1,1,1,1,2,3,4,3,5,3,5,3,2,5.0238805,1.3862944,0,0,4.934474,1.7917595,2.3978953,2.7080503,2.1972246,3.5263605,0,2.3978953,2.8332133,1.7917595,1.6094379,4.6539602,4.0430512,7.9021177,3.1354942,0,0,7.7445698,2.3025851,4.1743875,5.7868972,4.1108737,7.1522689,0,4.4426513,7.0817084,3.0445225,2.8332133,6.9402223,6.2633982,9.6502066,10.078406,0,0,9.66922,9.884305,9.5493803,9.3229542,9.6081095,9.8732347,0,8.4444075,9.8927298,9.582387,9.2644501,9.34093,9.3979807,.28999999,.34,0,0,0,0,1.02,1.0599999,.039999999,.039999999,.5,.41,1.23,.92000002,.36000001,.28999999,2.0799999,2.24,0,0,.36000001,.25,2.6900001,2.8800001,.47999999,.47,.2,.2,.63,.5,.94,.81,9.132054453577638,1.0986123,-7.5172591,0,9.1320543,1.0986123,1,-7.5172591,0
47,47103,0,4,2,2,4,3,2,4,3,6,4,6,6,5,9,10,8,16,9,12,12,6.251904,1.0986123,0,0,6.1923623,3.8066626,3.9702919,3.4339871,3.8286414,4.7361984,1.9459101,3.4339871,3.9120231,2.4849067,3.9702919,5.9269261,5.0875964,9.0088358,3.4657359,0,0,8.7604532,5.1984968,5.5683446,5.5529594,5.8861041,8.1710339,4.356709,5.8289456,8.05896,4.7361984,5.1532917,7.9515595,7.2793188,9.6810312,10.024732,0,0,9.6913462,10.008613,9.7813196,9.6572676,9.8488197,9.7627296,9.7857733,8.8147764,9.7661772,9.6140041,9.3628035,9.5946503,9.5874062,.13,.14,0,0,0,0,.93000001,.95999998,.23,.28,.67000002,.66000003,.31999999,.33000001,.69999999,.69,1.9,1.78,.37,.31,.47999999,.47,2.3599999,2.1600001,.87,.83999997,.66000003,.72000003,.56999999,.56999999,.86000001,.87,10.24555127050591,1.3862944,-7.3460574,0,10.245551,1.3862944,1,-7.3460574,0
47,47105,0,37,42,40,37,23,40,25,23,33,25,33,31,32,40,48,44,43,40,47,27,6.1696105,2.0794415,0,0,6.1246834,3.7376697,0,3.4965076,3.5553482,4.7273879,2.1972246,3.5553482,3.9120231,0,3.8501475,5.8406415,4.9558272,9.0642738,4.6443911,0,0,8.9296999,6.1025586,0,6.2728772,5.5683446,8.3138523,4.1743875,5.9788857,8.1022835,0,5.908083,8.1527739,7.2485042,9.7922764,10.26695,0,0,9.7650871,9.3397884,0,9.5943775,9.670167,9.9534197,9.9563646,8.8841944,10.012297,0,9.6452351,9.4860764,9.5030842,.41,.50999999,0,0,0,0,1.04,1.03,.54000002,.30000001,0,0,.62,.52999997,.49000001,.36000001,2.0699999,2.1099999,.28999999,.25999999,.52999997,.49000001,2.3299999,2.45,0,0,1.34,1.73,.66000003,.52999997,.79000002,.64999998,10.34993464236591,2.7080503,-7.2311993,0,10.349935,2.7080503,1,-7.2311993,0
47,47107,0,58,47,57,58,43,57,45,43,44,45,44,39,41,52,49,67,82,56,68,63,6.5567784,2.0794415,0,0,6.4997869,4.0073333,4.0604429,4.3040652,4.0253515,4.9272537,2.5649493,4.0943446,4.3040652,1.9459101,4.1896548,6.2653012,5.3082676,9.6941853,4.9558272,0,0,9.5709476,6.4692502,6.2065759,6.9255953,6.1333981,9.0632315,5.1704841,6.9324479,8.9936762,4.4308167,5.46806,8.6499739,7.6708946,9.9026375,10.100944,0,0,9.9091711,10.023091,9.7528973,9.7548714,9.8071966,10.08088,9.7797937,8.9524755,10.094975,10.340064,9.2966099,9.5761633,9.4841766,.30000001,.28,0,0,0,0,1.0599999,1.08,.41,.40000001,.63999999,.49000001,.63999999,.56999999,.44999999,.34,2.3399999,2.4100001,.41999999,.28,.73000002,.64999998,3.03,3.0899999,.31999999,.50999999,.46000001,.38,.57999998,.44999999,.63999999,.47,10.65450261742453,3.0910425,-7.3887219,0,10.654503,3.0910425,1,-7.3887219,0
47,47109,0,16,17,17,16,18,17,23,18,23,23,23,21,16,25,22,29,29,19,28,27,5.891644,1.3862944,0,0,5.8348107,3.4011974,3.2958369,3.2580965,3.3672957,4.4308167,1.7917595,3.1780539,3.8501475,2.3025851,3.0445225,5.556828,4.8121843,8.8413038,3.6888795,0,0,8.7000151,6.4068799,4.4773369,6.2633982,5.1929569,8.1167154,3.8286414,5.2983174,8.0624332,4.4886365,3.9512436,7.8838234,6.9517722,9.6316128,10.040725,0,0,9.6272726,9.8196163,9.4605541,9.2750978,9.8649549,9.6446524,10.184409,8.5939693,9.641798,9.8828259,9.3498411,9.6048794,9.6529083,.2,.23,0,0,0,0,1.04,1.05,.91000003,.95999998,.27000001,.2,.76999998,.56,.41999999,.44,2.1300001,1.86,.25999999,.34,.33000001,.27000001,2.8,2.3800001,.80000001,1.0599999,.23999999,.25999999,.63,.67000002,.73000002,.82999998,10.01779789871354,2.8332133,-6.842123,0,10.017797,2.8332133,1,-6.842123,0
47,47111,0,12,12,8,12,18,8,12,18,9,12,9,16,14,25,17,19,21,24,22,23,5.4722705,1.3862944,0,0,5.4161005,2.5649493,0,2.5649493,2.7080503,4.1431346,1.3862944,2.4849067,3.4657359,0,2.9444389,5.0875964,4.4426513,8.3730917,3.2958369,0,0,8.2411766,2.9957323,0,5.572154,4.934474,7.6764736,6.0014148,4.5643482,7.6162834,0,4.9558272,7.4000096,6.3473892,9.5540724,9.848979,0,0,9.5481691,9.1560955,0,9.3864765,9.6375666,9.5298843,9.8377752,8.74401,9.5432348,0,9.0848904,9.5718536,9.6213894,.20999999,.22,0,0,0,0,1.05,1.0599999,.050000001,.029999999,0,0,.62,.54000002,.50999999,.46000001,2.1900001,1.85,3.6500001,3.5999999,.25999999,.25999999,2.8599999,2.3800001,0,0,1.03,.97000003,.62,.69,.63999999,.75999999,9.67445167551708,2.0794415,-7.4610415,0,9.6744518,2.0794415,1,-7.4610415,0
47,47113,0,171,166,167,171,167,167,107,167,119,107,119,143,165,155,148,199,191,189,189,160,7.551187,2.7080503,2.1972246,3.1354942,7.5261788,5.2832036,5.4116459,5.1119876,5.0875964,5.9269261,3.0910425,4.8121843,4.9416423,2.3978953,5.4638319,7.3011479,6.3561077,10.550617,6.1398845,6.7202201,8.6061192,10.355964,8.02388,7.8312201,8.1945057,7.2406497,9.2723761,6.5957804,8.0640078,8.9918108,4.4308167,7.0800266,9.9429007,8.9403677,9.9068813,10.423946,10.025395,9.9954281,9.8770409,9.6197309,10.047718,10.210494,9.907629,10.109851,10.14894,8.8664408,10.132494,9.6282606,9.4191418,9.7331142,9.6833391,.41,.54000002,.58999997,.61000001,1.47,1.61,.98000002,.97000003,.82999998,.54000002,1.38,1.42,.95999998,1.36,.57999998,.47999999,1.22,1.3,.75,.70999998,.95999998,.77999997,1.28,1.35,.14,.11,.98000002,.89999998,.88999999,.81999999,.97000003,.86000001,11.26423330980964,4.3040652,-7.3967457,0,11.264234,4.3040652,1,-7.3967457,0
47,47115,0,18,31,30,18,39,30,20,39,24,20,24,28,28,34,35,34,50,32,23,28,5.811141,2.0794415,0,0,5.7235851,3.2958369,2.7725887,3.2188759,3.0910425,3.9889841,0,3.4965076,3.2958369,2.3978953,0,5.529429,4.7791233,8.6294498,4.7449322,0,0,8.4565935,5.2882671,4.2904596,6.212606,5.0106354,7.5071411,0,6.4831076,7.4048877,4.6443911,0,7.9672804,7.1538339,9.6303654,10.188178,0,0,9.578104,9.631876,9.7686415,9.5569048,9.884305,9.6985521,0,8.752265,9.6824045,9.8829279,0,9.4939394,9.6505289,.69,.94999999,0,0,0,0,1.01,.97000003,.37,.31999999,.27000001,.28,.91000003,.88,.43000001,.46000001,1.4299999,1.3200001,0,0,1.35,1.3,1.79,1.59,1.16,1.54,0,0,.85000002,.80000001,1.1,1.25,10.1210153650647,2.0794415,-7.3096819,0,10.121016,2.0794415,1,-7.3096819,0
47,47117,0,6,14,5,6,5,5,2,5,6,2,6,7,10,10,16,17,24,15,20,15,5.9348941,1.3862944,0,0,5.8833222,3.5553482,0,3.5263605,3.2580965,4.3820267,1.9459101,3.2580965,3.9318256,0,3.6109178,5.6347895,4.7621741,9.1637726,3.4657359,0,0,9.0654306,5.433722,0,6.1903152,4.9698133,8.7533712,4.6443911,5.5834961,8.7175188,0,4.7535901,7.7488914,6.8783264,9.8254719,10.139627,0,0,9.8267689,9.6962175,0,9.6322689,9.79317,9.9064827,10.022337,8.9846935,9.9128933,0,9.3973179,9.5699711,9.5472412,.11,.12,0,0,0,0,1.08,1.1,.25,.19,0,0,.51999998,.44999999,.23999999,.19,2.9100001,2.73,.43000001,.38999999,.31999999,.31999999,3.9100001,3.5899999,0,0,.38,.37,.40000001,.34,.49000001,.41,9.977620524377356,0,-7.3731508,0,9.9776201,0,1,-7.3731508,0
47,47119,0,3,4,13,3,5,13,4,5,1,4,1,5,2,3,2,8,5,3,5,5,7.1276937,2.5649493,0,0,7.09091,4.7273879,5.1239638,4.8040209,4.6249728,5.602119,2.5649493,4.4543471,4.5432949,2.1972246,4.934474,6.8351846,5.872118,10.069722,5.209486,0,0,9.9022369,7.0967212,7.4933171,7.2744794,7.3251491,9.2023087,5.9610052,7.202661,8.9850693,4.94876,6.3243589,9.2158251,8.1875772,10.05938,10.307685,0,0,10.087308,10.001929,10.192157,9.7740622,9.9458284,10.335822,10.194365,8.9081535,10.370048,10.024997,9.5030098,9.761117,9.7700701,.25999999,.25999999,0,0,0,0,1.01,1.05,.52999997,.44,1.59,1.63,.62,.49000001,1.03,.75999999,1.85,2.0999999,.63999999,.55000001,.66000003,.47999999,2.0599999,2.3699999,.37,.37,.74000001,.63999999,.69999999,.56,.74000001,.61000001,10.91166442706609,1.3862944,-7.5871005,0,10.911664,1.3862944,1,-7.5871005,0
47,47121,0,8,4,11,8,6,11,2,6,5,2,5,10,10,6,8,8,11,9,14,4,4.2904596,1.3862944,0,0,4.0943446,0,0,0,1.9459101,2.8332133,0,2.3978953,2.3978953,0,0,3.7612002,2.7080503,7.2806973,2.3978953,0,0,7.0561752,0,0,0,3.6888795,6.6871085,0,4.1431346,6.6592941,0,0,5.8777356,5.1059456,9.6689672,9.8310785,0,0,9.6810312,0,0,0,9.8220062,9.7039385,0,8.626586,9.6999626,0,0,9.6276026,9.9436216,.25999999,.23999999,0,0,0,0,.94999999,.98000002,0,0,0,0,0,0,.44,.43000001,2.4300001,2.1700001,0,0,.5,.41,3.28,2.8499999,0,0,0,0,.40000001,.41999999,.55000001,.80000001,8.991313336173812,1.9459101,-7.5196605,0,8.991313,1.9459101,1,-7.5196605,0
47,47123,0,20,31,34,20,26,34,32,26,29,32,29,32,20,35,50,47,41,41,36,30,6.2205901,1.6094379,0,0,6.1737862,3.583519,3.8918202,3.4965076,3.5553482,4.882802,1.0986123,3.8501475,4.2046928,2.8332133,3.6109178,5.8522024,5.0625949,9.0390778,4.3694477,0,0,8.9163723,5.0751739,5.3132062,6.5736804,5.3132062,8.2917967,4.0604429,6.7153835,8.2122974,4.6347289,4.9126549,8.1496019,7.2174435,9.6429014,9.9306164,0,0,9.6246328,9.8184195,9.5242748,9.5128126,9.7581148,9.716073,9.47861,8.8650293,9.7237625,9.7804718,9.3732243,9.5076265,9.7003918,.31999999,.33000001,0,0,0,0,1.0599999,1.05,.2,.2,.50999999,.40000001,.86000001,.79000002,.38999999,.36000001,2.0799999,1.9299999,.27000001,.17,1.13,1.2,2.6700001,2.4400001,.75999999,.89999998,.50999999,.57999998,.67000002,.63999999,.77999997,.92000002,10.32682532217892,2.3978953,-7.4001617,0,10.326825,2.3978953,1,-7.4001617,0
47,47125,0,218,201,201,218,166,201,118,166,133,118,133,178,206,248,246,312,302,265,306,246,7.3258076,1.9459101,0,0,7.3051882,4.9416423,0,4.9558272,4.9628448,5.5683446,2.3025851,5.0106354,4.3174882,0,5.3375382,7.1115122,6.0684257,10.083849,5.1298985,0,0,9.8444805,7.0783415,0,7.3362856,6.7821922,8.384119,6.921658,7.7621708,8.0532513,0,6.6066504,9.5803165,8.8202562,9.7357788,10.250476,0,0,9.6925812,9.2895212,0,9.7451954,9.7170372,9.8864431,9.9156141,8.8447685,9.9505138,0,9.2333727,9.6257563,9.79317,.23999999,.31,0,0,0,0,.94,.91000003,.51999998,.28999999,0,0,.64999998,.68000001,.58999997,.47999999,.80000001,.81,1.66,1.47,1.13,1.0700001,.80000001,.83999997,0,0,.97000003,.88,.99000001,.95999998,1.37,1.61,11.51789310578574,4.3694477,-7.0979495,0,11.517893,4.3694477,1,-7.0979495,0
47,47127,0,4,3,3,4,3,3,4,3,6,4,6,2,6,7,6,7,5,9,6,11,4.0253515,1.0986123,0,0,3.8066626,0,1.3862944,0,0,2.4849067,0,0,0,0,0,3.4965076,2.8903718,7.103322,1.7917595,0,0,6.6293631,0,3.6375861,0,0,6.4248691,0,0,0,0,0,4.9416423,4.3694477,10.004147,9.9606714,0,0,10.129986,0,9.2169189,0,0,10.238423,0,0,0,0,0,9.424161,9.3779716,.17,.11,0,0,0,0,.74000001,.86000001,0,0,.66000003,.27000001,0,0,0,0,2.23,2.4400001,0,0,0,0,0,0,0,0,0,0,.19,.11,.31,.19,8.459775920546287,1.0986123,-6.242229,0,8.4597759,1.0986123,1,-6.242229,0
47,47129,0,13,7,7,13,15,7,15,15,8,15,8,13,9,13,12,16,19,9,11,10,4.934474,1.3862944,0,0,4.8121843,1.6094379,2.3025851,2.1972246,1.9459101,3.7376697,0,1.9459101,2.9957323,2.4849067,0,4.3820267,3.7612002,7.9505024,2.7725887,0,0,7.7079616,3.9512436,3.871201,4.89784,3.7841897,7.3802557,0,4.6443911,7.2875605,4.5432949,0,6.43294,5.4510384,9.725915,9.8901997,0,0,9.7734356,10.295225,9.433404,9.3044682,9.6526518,9.8525629,0,8.7649908,9.8589087,9.9233389,0,9.5347404,9.5264645,.19,.18000001,0,0,0,0,.94,1,.19,.28999999,.34999999,.23,.47999999,.33000001,.25,.19,2.48,2.4400001,0,0,.41999999,.37,3.1400001,3.03,2.0699999,2.5999999,0,0,.36000001,.31999999,.40000001,.36000001,9.75846178048587,2.4849067,-7.1855812,0,9.758462,2.4849067,1,-7.1855812,0
47,47131,0,18,12,12,18,8,12,7,8,11,7,11,10,15,10,13,10,9,15,15,15,6.4892049,1.7917595,0,0,6.43294,3.8286414,3.8286414,3.9702919,4.0775375,4.6051702,1.7917595,4.0253515,3.8066626,2.1972246,4.2766662,6.2576675,5.4380794,9.5500221,4.1743875,0,0,9.4618769,5.3890719,6.1420374,6.7019606,5.9454207,8.9507923,4.59512,6.6240654,8.8710842,4.8441873,5.9215784,8.5459747,7.8264432,9.9551306,10.24984,0,0,9.9592056,9.5666857,10.051434,9.8025618,9.667449,10.164158,10.071753,8.7343988,10.181347,9.2889671,9.5585299,9.5421591,9.5595875,.16,.16,0,0,0,0,1.09,1.12,.16,.1,.69,.68000001,.58999997,.52999997,.44,.27000001,2.4100001,2.5699999,.28,.23,.62,.41999999,3.0899999,3.27,.56,.30000001,.82999998,.83999997,.60000002,.43000001,.86000001,.63999999,10.36460809372245,2.3025851,-7.3435645,0,10.364608,2.3025851,1,-7.3435645,0
47,47133,0,34,23,25,34,22,25,15,22,15,15,15,21,17,22,24,21,31,19,23,16,5.5134287,1.0986123,0,0,5.4467373,3.2188759,3.0910425,2.6390574,2.8903718,4.0253515,1.6094379,2.4849067,3.4011974,0,3.2188759,5.1704841,4.3694477,8.3416491,3.1354942,0,0,8.1208858,4.1271343,4.4308167,5.7462034,4.7621741,7.5196924,4.1108737,5.3518581,7.4460015,0,4.0430512,7.3264656,6.5482192,9.5198822,9.9208364,0,0,9.5093336,9.5158377,9.6935682,9.8119755,9.8295183,9.5025625,9.8898449,8.6747093,9.4782276,0,9.3322926,9.5173836,9.4469137,.19,.20999999,0,0,0,0,.95999998,.95999998,.15000001,.13,.41999999,.44999999,.75999999,1.0599999,.44999999,.5,1.9299999,1.64,.56999999,.61000001,.57999998,.57999998,2.49,2.01,0,0,.43000001,.52999997,.60000002,.63999999,.80000001,.82999998,9.777697546477828,2.1972246,-7.3026152,0,9.7776976,2.1972246,1,-7.3026152,0
47,47135,0,4,4,11,4,10,11,10,10,5,10,5,16,7,9,14,7,13,11,13,18,4.6634393,1.0986123,0,0,4.5325994,0,0,2.5649493,2.1972246,3.3672957,0,1.9459101,2.9957323,0,0,4.1588831,3.3322046,7.6304612,2.4849067,0,0,7.5021863,0,0,5.6312118,3.6888795,7.1685801,0,3.4339871,7.1276937,0,0,6.2422233,4.9698133,9.617404,9.8883743,0,0,9.618535,0,0,9.4943905,9.6885605,9.6943703,0,8.1217775,9.659503,0,0,9.3964052,9.3150606,.2,.2,0,0,0,0,1.05,1.0700001,0,0,0,0,1.38,1.27,.31,.28,2.77,2.5799999,0,0,.17,.090000004,3.6900001,3.24,0,0,0,0,.41,.36000001,.34,.28,8.796641458940915,.69314718,-6.5837517,0,8.7966413,.69314718,1,-6.5837517,0
47,47137,0,11,4,4,11,5,4,8,5,3,8,3,10,6,12,7,10,8,6,9,8,4.3040652,1.0986123,0,0,4.1743875,0,0,0,1.3862944,2.8332133,0,2.3025851,2.4849067,0,0,3.871201,3.0445225,7.0457764,2.0794415,0,0,6.865891,0,0,0,3.2188759,6.5467854,0,4.1108737,6.5352411,0,0,5.5645204,4.5217886,9.4688511,9.9801712,0,0,9.4438305,0,0,0,9.9013348,9.4690056,0,8.940629,9.4406586,0,0,9.3733091,9.4093552,.23999999,.28999999,0,0,0,0,1,.99000001,0,0,0,0,0,0,.34999999,.44999999,2.6700001,2.3099999,0,0,.61000001,.83999997,3.6600001,3,0,0,0,0,.37,.37,.38999999,.41,8.422442854870427,1.6094379,-7.0534067,0,8.4224424,1.6094379,1,-7.0534067,0
47,47139,0,11,24,14,11,21,14,22,21,19,22,19,20,20,18,24,35,30,22,29,24,5.1647859,1.9459101,0,0,5.0039463,2.5649493,2.1972246,2.7725887,2.4849067,3.583519,0,3.0445225,3.0910425,1.6094379,0,4.7273879,3.6888795,7.9142523,5.2470241,0,0,7.5943813,3.8501475,3.5263605,4.9904327,5.0238805,6.9707303,0,5.4161005,6.89467,3.7841897,0,6.8265452,5.7104268,9.6141376,10.164813,0,0,9.5323515,9.1111832,9.5621233,9.4015388,9.6688404,9.6990433,0,8.6668196,9.707777,9.5939684,0,9.2973433,9.4431963,2.3499999,3.1700001,0,0,0,0,.87,.81,.18000001,.090000004,.25999999,.22,.55000001,.46000001,.88999999,.77999997,1.71,1.61,0,0,.94999999,.85000002,2.2,2.04,1,1.02,0,0,.55000001,.44,.52999997,.5,9.520981848562874,2.1972246,-7.1970763,0,9.5209818,2.1972246,1,-7.1970763,0
47,47141,0,127,115,108,127,101,108,84,101,75,84,75,92,94,83,125,114,115,104,84,79,7.0800266,2.1972246,0,0,7.0483866,4.7361984,4.6728287,4.6249728,4.4308167,5.5174527,2.5649493,4.4886365,4.89784,2.0794415,4.8362818,6.8046145,5.9215784,10.132415,5.0434251,0,0,9.9041376,6.7889719,6.8987145,7.2048926,6.4052286,9.2453213,5.9295893,7.2247534,9.1406689,3.6375861,6.2186003,9.1753349,8.4255161,9.7315712,10.252382,0,0,9.7394972,9.6909752,9.8218975,9.6468515,9.8319912,9.8452759,9.9713802,8.8917866,9.8485565,9.6267452,9.3756857,9.6120653,9.6917162,.20999999,.27000001,0,0,0,0,.94999999,.97000003,.37,.31,.82999998,.81,.54000002,.51999998,.38999999,.34999999,1.8099999,1.75,.57999998,.55000001,.63,.63,2.26,2.1400001,.090000004,.090000004,.63,.66000003,.63,.61000001,.88,.94,10.84686802160038,4.2341065,-7.5510306,0,10.846868,4.2341065,1,-7.5510306,0
47,47143,0,29,25,28,29,35,28,25,35,28,25,28,34,37,46,49,50,73,66,26,37,5.9135032,2.3025851,0,0,5.8435445,3.1780539,3.6635616,3.4011974,3.4339871,4.4886365,1.7917595,3.4657359,3.7612002,2.0794415,3.3322046,5.5451775,4.6634393,9.273221,8.0554752,0,0,8.7732296,5.2417469,5.3082676,5.891644,5.1704841,8.3850327,4.0073333,6.0234475,8.3206911,4.2626801,4.3040652,7.6391611,6.6957989,10.106061,10.671812,0,0,9.7324028,10.475455,9.7902069,9.5125904,9.7083845,9.8166218,9.4232721,8.793005,9.8178205,9.821681,9.4046726,9.5274839,9.3975668,9.9899998,13.7,0,0,0,0,.73000002,.50999999,.18000001,.23,.40000001,.25999999,.34999999,.2,.25999999,.15000001,1.8099999,1.17,.2,.079999998,.44999999,.28,2.3499999,1.49,.41999999,.31999999,.22,.16,.31999999,.19,.37,.2,10.10004069157681,2.6390574,-7.5516019,0,10.10004,2.6390574,1,-7.5516019,0
47,47145,0,23,32,31,23,31,31,26,31,18,26,18,25,35,29,41,53,50,36,39,49,6.4248691,2.0794415,1.7917595,3.0445225,6.3664703,0,0,4.0604429,3.8501475,4.6913481,1.9459101,4.0073333,3.7841897,0,4.1108737,6.1590953,5.2781148,9.8647985,6.5235624,6.616065,7.4235682,9.6888704,0,0,7.138073,5.5490761,8.7274542,4.2626801,6.4997869,8.6586924,0,5.2417469,9.2071352,7.629004,10.188291,10.427032,9.7052193,9.8318844,10.2251,0,0,9.617404,9.725915,10.214788,10.129746,8.9074774,10.24299,0,9.3616867,10.231423,9.4885025,1.2,1.1799999,1.0599999,.58999997,.88999999,.63,1,1.0599999,0,0,0,0,.67000002,.38999999,.20999999,.11,1.41,1.25,.14,.1,.40000001,.25999999,1.83,1.62,0,0,.31,.2,.85000002,.95999998,.51999998,.28,10.76272104192293,2.8332133,-6.5872245,0,10.762721,2.8332133,1,-6.5872245,0
47,47147,0,92,73,64,92,68,64,87,68,61,87,61,88,79,93,119,148,117,97,98,96,6.3716121,1.0986123,0,0,6.3261495,3.8066626,4.2626801,3.8501475,3.9318256,4.94876,1.6094379,3.7841897,4.1108737,2.3025851,4.1271343,6.0354815,5.1059456,9.1838942,3.871201,0,0,8.9671221,5.4722705,5.8777356,6.4101748,5.4293456,8.2796974,4.2341065,6.3561077,8.1567974,4.5849676,5.0875964,8.268219,7.6098623,9.7114191,10.058951,0,0,9.6727524,9.7355423,9.6657381,9.5468836,9.6061592,9.8155851,9.9361,8.7269678,9.8341379,9.6410179,9.3356504,9.5039797,9.5919228,.17,.18000001,0,0,0,0,.95999998,.94,.25,.23,.76999998,.66000003,.63,.56,.37,.28,1.78,1.71,.28,.25999999,.68000001,.58999997,2.1800001,2.0799999,.63,.61000001,.51999998,.54000002,.66000003,.57999998,1,.99000001,10.63330411745308,3.583519,-7.1570458,0,10.633304,3.583519,1,-7.1570458,0
47,47149,0,420,337,468,420,389,468,428,389,390,428,390,435,511,609,696,750,777,670,715,648,7.5548587,2.1972246,0,0,7.5368972,5.3936276,5.4510384,5.1590552,5.1416636,6.0185933,3.0910425,4.8903489,5.1590552,1.3862944,5.2149358,7.2896104,6.3225651,10.728474,7.3613753,0,0,10.571471,8.0093632,7.3575563,8.1633711,7.6629376,9.7786045,6.1047931,7.9734998,9.676775,4.9558272,6.6372581,9.9689474,9.0581207,10.067094,10.375489,0,0,10.054877,9.942997,9.8933868,9.944869,10.013955,10.30213,9.9087238,8.9316845,10.336827,10.000387,9.5252972,9.7910461,9.8126326,1.16,1.23,0,0,0,0,1.02,1.02,.69,.52999997,.72000003,.54000002,.77999997,.72000003,.75,.58999997,1.7,1.86,.38,.23999999,.73000002,.55000001,2.1300001,2.3499999,.19,.19,.51999998,.46000001,.76999998,.63,.91000003,.77999997,11.68325878245212,4.9052749,-7.1668959,1,11.683259,4.9052749,1,-7.1668959,1
47,47151,0,28,22,40,28,36,40,36,36,28,36,28,30,22,23,17,23,22,24,26,18,5.676754,1.6094379,0,0,5.6058021,2.7725887,3.2580965,2.9957323,2.9444389,4.4543471,0,2.7080503,3.6375861,3.0910425,0,5.2257466,4.5325994,8.5440302,3.9702919,0,0,8.3619423,4.7706847,5.1298985,5.9814143,5.1059456,7.8292327,0,5.2311087,7.6309466,5.6454468,0,7.4770384,6.6605749,9.6404982,10.076811,0,0,9.640563,9.8374548,9.7271681,9.8025618,9.7131138,9.7148056,0,8.6574764,9.6880646,9.8846102,0,9.5244942,9.4130363,.34999999,.41999999,0,0,0,0,1,1.01,.23999999,.25,.69,.67000002,.77999997,.95999998,.50999999,.46000001,2.1500001,2,0,0,.41999999,.36000001,2.45,2.1600001,3.4400001,4.5300002,0,0,.56,.55000001,.73000002,.64999998,9.817820725779036,2.5649493,-7.4723315,0,9.8178205,2.5649493,1,-7.4723315,0
47,47153,0,2,2,1,2,2,1,1,2,1,1,1,2,1,1,1,2,2,2,2,2,4.94876,1.0986123,0,0,4.8598123,2.3978953,0,2.5649493,2.1972246,3.6109178,0,2.4849067,2.4849067,0,0,4.5217886,3.6635616,7.698029,2.3025851,0,0,7.4576092,2.9957323,0,5.2983174,4.2766662,6.8741984,0,4.6913481,6.5250297,0,0,6.6411819,5.8260002,9.571784,9.8391094,0,0,9.5504484,10.139942,0,9.5623341,9.486228,9.5978451,0,8.6210127,9.3480129,0,0,9.4872904,9.5847273,.15000001,.16,0,0,0,0,.94,.93000001,.090000004,.15000001,0,0,.92000002,.94999999,.51999998,.40000001,1.9299999,1.71,0,0,.56999999,.50999999,1.89,1.27,0,0,0,0,.56999999,.56999999,.74000001,.83999997,9.089640586738398,0,-7.3720632,0,9.0896406,0,1,-7.3720632,0
47,47155,0,210,215,241,210,237,241,231,237,217,231,217,234,260,270,279,332,311,263,196,213,7.3505163,1.6094379,0,0,7.3375878,4.8598123,5.09375,4.1271343,4.8202815,5.5490761,2.7080503,5.8607864,4.4543471,2.0794415,4.5849676,7.1546154,6.2186003,9.9338713,5.4889379,0,0,9.8197794,6.5610309,6.8501263,6.6795993,6.9837899,8.1291752,5.1532917,8.9609814,7.787797,3.6109178,5.7557421,9.6159391,8.3270006,9.5575409,10.165044,0,0,9.5187073,9.8492422,9.6854563,9.7187233,9.7044268,9.8420372,9.9615202,9.2827539,9.8958588,9.9290581,9.4114838,9.4284315,9.4185734,.40000001,.56999999,0,0,0,0,1.0700001,1.04,.36000001,.41,.95999998,.98000002,.38999999,.47999999,.83999997,.80000001,.72000003,.82999998,.33000001,.36000001,4.3499999,7.6700001,.70999998,.83999997,.11,.17,.47999999,.62,1.1900001,1.14,.97000003,.94,10.84042369372081,5.0369525,-7.4100394,0,10.840424,5.0369525,1,-7.4100394,0
47,47157,0,2408,2211,2487,2408,2262,2487,2141,2262,2122,2141,2122,2198,2488,2693,2792,2778,3022,2628,2455,2607,9.7288361,3.9318256,2.7080503,3.4657359,9.7229843,7.6939373,7.3864708,7.3594675,7.3543625,7.9010072,5.3471074,6.8416157,6.9411902,3.9512436,7.8636513,9.5465984,8.4883823,12.945037,9.851615,9.1245642,10.573468,12.769971,10.570419,9.8074169,10.618005,10.076979,11.143353,8.8825302,10.445405,10.828341,6.2245584,9.4925823,12.551076,11.726527,10.019403,10.206772,10.163233,9.9748306,10.009018,9.7373152,10.088804,10.138599,10.173285,10.199472,10.237993,9.4336443,10.240246,9.7122059,9.5946503,9.9563169,10.029635,1.53,1.4400001,.60000002,.63,.95999998,.92000002,1,1.01,.97000003,.63,.91000003,.87,.99000001,1.16,.91000003,.88,.73000002,.75,.67000002,.62,.94999999,1.22,.73000002,.76999998,.079999998,.059999999,.99000001,.97000003,1.11,1.13,1.4299999,1.6,13.62474948845645,7.3870902,-7.032764,0,13.624749,7.3870902,1,-7.032764,0
47,47159,0,9,9,14,9,10,14,13,10,8,13,8,5,12,7,9,25,12,18,17,16,5.4638319,1.0986123,0,0,5.3844953,2.7080503,0,2.8903718,3.0445225,3.6888795,0,2.7080503,2.9444389,0,0,5.1817837,4.4308167,8.4136086,3.1354942,0,0,8.3133621,4.3040652,0,6.0063534,4.7535901,7.7972913,0,4.8903489,7.5611215,0,0,7.4054956,6.7310181,9.7709274,9.8655777,0,0,9.7734356,9.3126259,0,9.6160059,9.9031878,9.8744707,0,8.6845703,9.7709846,0,0,9.6023149,9.6917782,.17,.15000001,0,0,0,0,1.08,1.1,.17,.090000004,0,0,.92000002,.81,.41,.38999999,2.3699999,2.27,0,0,.34,.25999999,2.5999999,2.1900001,0,0,0,0,.60000002,.55000001,.89999998,.92000002,9.5569750810205,.69314718,-7.2373695,0,9.5569754,.69314718,1,-7.2373695,0
47,47161,0,17,6,15,17,7,15,9,7,8,9,8,12,7,14,24,11,27,17,8,8,4.6913481,1.9459101,0,0,4.5217886,1.6094379,2.3025851,1.7917595,2.0794415,3.2188759,0,2.3025851,2.5649493,0,0,4.2046928,3.3672957,7.7397943,6.5666723,0,0,7.1475592,1.9459101,3.3672957,4.59512,4.4886365,6.7093043,0,4.1743875,6.6605749,0,0,6.1114674,5.1357985,9.8298407,10.310019,0,0,9.4465971,9.2315149,9.6440687,9.1588364,9.7033281,9.4853172,0,8.8100119,9.4803677,0,0,9.3722887,9.4419279,10.45,13.15,0,0,0,0,.66000003,.46000001,.029999999,.0099999998,.25999999,.19,.44,.23,.62,.44999999,1.5700001,.95999998,0,0,.33000001,.27000001,2.0699999,1.23,0,0,0,0,.31999999,.22,.36000001,.27000001,9.156834104453042,.69314718,-8.0392046,0,9.1568336,.69314718,1,-8.0392046,0
47,47163,0,244,222,228,244,219,228,181,219,196,181,196,236,223,244,269,296,318,286,226,235,7.8980398,2.3978953,1.6094379,2.7725887,7.8857055,5.7235851,5.5834961,5.7462034,5.46806,6.1398845,3.4011974,5.2522736,5.2417469,2.1972246,5.6937323,7.6939373,6.7068624,11.097879,6.1114674,6.059123,8.5409098,11.002633,8.7269678,8.1922941,8.9551897,7.6309466,10.087516,7.3505163,8.4690533,9.9205904,4.4188404,7.389564,10.491024,9.3979807,10.076347,10.234911,9.6600142,9.9224567,10.089594,10.253334,9.8715839,10.161458,9.8852215,10.328494,10.265175,9.0194216,10.392803,9.9387579,9.3241158,9.8908072,9.6772137,.23,.20999999,.18000001,.11,.80000001,.68000001,1.09,1.12,.97000003,1.01,1.15,.83999997,1.1900001,1.35,.5,.34,1.6,1.78,.92000002,.82999998,.82999998,.67000002,1.88,2.1700001,.079999998,.07,.76999998,.54000002,.89999998,.81,.88,.66000003,11.8747590800551,4.9904327,-7.2835336,0,11.874759,4.9904327,1,-7.2835336,0
47,47165,0,238,245,302,238,272,302,246,272,299,246,299,295,331,374,464,486,467,467,425,431,7.4430785,2.3978953,0,0,7.420579,5.2626901,0,5.0875964,5.1984968,5.9375362,3.0910425,4.7004805,5.1532917,0,5.1704841,7.1631722,6.0958247,10.187877,6.329721,0,0,10.002337,7.145196,0,7.7869668,6.8490663,9.3009119,5.855072,7.4524026,9.1701431,0,6.5279579,9.317399,8.2292442,9.8645906,10.377514,0,0,9.8434191,9.6391315,0,9.8432598,9.7100239,10.00016,10.124709,9.2065334,10.023535,0,9.3210764,9.660779,9.6920872,.70999998,.93000001,0,0,0,0,.99000001,.99000001,.5,.34,0,0,.92000002,.94,.56999999,.40000001,1.8099999,1.79,.50999999,.5,.75,.89999998,2.21,2.1800001,0,0,.81,.69999999,.69,.61000001,.68000001,.63999999,11.54520870789038,5.1647859,-7.3233137,0,11.545209,5.1647859,1,-7.3233137,0
47,47167,0,38,36,51,38,53,51,38,53,32,38,32,50,53,67,65,78,88,78,66,62,6.2304816,1.6094379,0,0,6.1841488,3.6109178,4.1743875,3.7376697,3.5263605,4.7184987,0,3.2188759,3.6109178,2.3025851,0,5.9215784,5.1647859,8.8855791,3.8918202,0,0,8.6998482,5.6276212,6.251904,6.5132303,5.7071104,8.0251894,0,5.556828,7.815207,4.0775375,0,7.987864,7.0741167,9.7038774,10.155684,0,0,9.6906652,9.3325577,9.6206608,9.5276299,9.8031702,9.8678083,0,8.8426046,9.9161568,9.6992273,0,9.4661446,9.4703169,.23,.28,0,0,0,0,.99000001,.99000001,.40000001,.23999999,1.51,1.24,.94999999,.82999998,.67000002,.61000001,1.86,1.89,0,0,.41,.40000001,2.0899999,2.1800001,.50999999,.52999997,0,0,.67000002,.56999999,.79000002,.69,10.53390790318777,3.1354942,-6.6944313,0,10.533908,3.1354942,1,-6.6944313,0
47,47169,0,1,1,1,1,1,1,1,1,1,1,1,1,1,1,1,1,1,1,1,1,4.7535901,1.3862944,0,0,4.6347289,1.9459101,2.3025851,2.3025851,1.9459101,2.9957323,0,1.6094379,2.3978953,0,0,4.4188404,3.7376697,7.6662221,3.0445225,0,0,7.5342283,2.9957323,3.3322046,5.3082676,4.0430512,7.0664668,0,3.583519,7.0422864,0,0,6.5496507,5.8833222,9.4630423,10.055565,0,0,9.4158087,9.4867592,9.2177134,9.2893362,9.8608932,9.4995708,0,8.5589104,9.5055437,0,0,9.2575102,9.143239,.33000001,.46000001,0,0,0,0,1.05,1.01,.1,.090000004,.27000001,.19,.95999998,.83999997,.43000001,.51999998,2.4100001,2.1600001,0,0,.19,.18000001,3.27,2.8699999,0,0,0,0,.54000002,.47999999,.81,.66000003,8.686091727878051,0,-7.3710275,0,8.6860914,0,1,-7.3710275,0
47,47171,0,5,3,2,5,4,2,1,4,11,1,11,12,4,12,7,6,3,8,6,10,5.4161005,1.6094379,0,0,5.3423343,2.3978953,2.7080503,2.9957323,0,3.7841897,0,3.1780539,3.0910425,1.9459101,3.1780539,5.1059456,4.1896548,8.3961544,3.9702919,0,0,8.2090359,5.8377304,4.2046928,5.3327188,0,7.6601143,0,5.5834961,7.527256,5.2832036,4.2904596,7.3472996,6.2166061,9.839056,9.9298372,0,0,9.8566055,10.133607,9.3426838,9.4774628,0,10.001113,0,8.6084957,10.041422,9.7482948,8.8956299,9.6176701,9.4542274,.40000001,.34,0,0,0,0,.99000001,1.02,.81,.94,.31999999,.17,.47999999,.34,0,0,2.0999999,2.1400001,0,0,.69,.47,2.5599999,2.6400001,2.77,2.6199999,.51999998,.30000001,.57999998,.5,.55000001,.41,9.714080956018943,1.6094379,-7.9841809,0,9.7140808,1.6094379,1,-7.9841809,0
47,47173,0,3,4,1,3,4,1,2,4,1,2,1,4,5,6,5,8,10,8,5,4,4.94876,1.0986123,0,0,4.8675346,0,0,2.3025851,2.4849067,3.5263605,0,2.3025851,2.7725887,0,2.1972246,4.5747108,3.7841897,7.5755849,2.4849067,0,0,7.3969488,0,0,4.7184987,5.5012584,6.8824377,0,3.6635616,6.7968235,0,3.2188759,6.4861608,5.3423343,9.5868568,9.8555574,0,0,9.5709476,0,0,9.2999067,9.9930086,9.5056181,0,9.0382462,9.5036068,0,9.1613598,9.6608429,9.4225445,.20999999,.20999999,0,0,0,0,1,1,0,0,0,0,.57999998,.46000001,2.01,2.5,2.2,1.75,0,0,.23,.31,2.8,2.1700001,0,0,.40000001,.38999999,.55000001,.64999998,.51999998,.49000001,9.524713059681009,0,-7.3970942,0,9.5247135,0,1,-7.3970942,0
47,47175,0,3,3,3,3,1,3,4,1,6,4,6,8,6,4,8,19,7,14,17,12,3.6109178,1.0986123,0,0,3.3322046,0,0,0,0,2.4849067,0,0,0,0,0,2.7725887,1.6094379,6.8997231,1.9459101,0,0,6.72263,0,0,0,0,6.6605749,0,0,0,0,0,3.9120231,2.4849067,9.6390657,9.8113174,0,0,9.6474333,0,0,0,0,9.6557951,0,0,0,0,0,9.5060654,9.1351852,.23999999,.22,0,0,0,0,1,1.02,0,0,0,0,0,0,0,0,3.46,3.04,0,0,0,0,0,0,0,0,0,0,.079999998,.079999998,.059999999,.039999999,8.485908901376471,1.0986123,-7.207984,0,8.4859085,1.0986123,1,-7.207984,0
47,47177,0,2,2,2,2,1,2,2,1,1,2,1,1,1,1,3,2,1,3,1,1,6.4536252,1.7917595,0,0,6.4216223,3.8286414,3.9702919,4.0775375,3.7612002,5.0106354,2.5649493,3.6375861,4.1108737,3.6109178,4.0253515,6.1441855,5.3423343,9.4082069,4.3944492,0,0,9.2887821,5.3752785,6.2480431,6.8648477,5.7838254,8.743372,5.3423343,6.1268692,8.5554523,6.3225651,5.1298985,8.4222231,7.6993895,9.8173847,10.196605,0,0,9.8270388,9.3997202,9.8826218,9.7230444,9.7325802,9.9598207,9.8790407,8.8603573,10.001657,9.5600815,9.4845572,9.6091166,9.6429663,.22,.25,0,0,0,0,1.0599999,1.09,.18000001,.11,.88999999,.85000002,.80000001,.75999999,.43000001,.31999999,2.26,2.25,.67000002,.52999997,.43000001,.38999999,2.5999999,2.6300001,2.8499999,2.28,.44,.47,.61000001,.54000002,.87,.81999999,10.40402038681669,0,-7.546833,0,10.40402,0,1,-7.546833,0
47,47179,0,170,154,166,170,114,166,96,114,121,96,121,158,164,178,181,230,208,190,199,173,7.5699277,2.3978953,0,0,7.5501351,5.3375382,0,5.2364421,5.209486,5.8777356,3.0910425,4.8903489,4.9904327,0,5.46806,7.3427792,6.3491392,10.679666,7.4650826,0,0,10.48735,7.704812,0,8.5980358,7.714231,9.420763,6.8265452,8.1001616,9.2645445,0,6.9236288,10.065436,9.0361061,9.7888622,10.20703,0,0,9.751152,9.6145382,0,9.9597263,9.6870089,9.9063339,10.087142,9.0372953,9.9136858,0,9.4645176,9.6589289,9.5766487,1.36,1.61,0,0,0,0,.99000001,.95999998,.52999997,.38999999,0,0,1.27,1.5599999,.81999999,.62,1.25,1.21,.82999998,.82999998,.87,.94999999,1.48,1.41,0,0,.73000002,.79000002,.88999999,.85000002,.93000001,.83999997,11.43296192082984,4.7184987,-7.2458959,0,11.432961,4.7184987,1,-7.2458959,0
47,47181,0,3,4,6,3,7,6,4,7,4,4,4,7,8,10,9,12,8,5,8,7,5.2522736,1.0986123,0,0,5.1761498,2.3025851,2.1972246,2.8332133,2.6390574,3.8501475,0,2.7725887,3.5263605,1.6094379,0,4.8675346,4.0943446,8.2038517,2.8332133,0,0,8.0255165,2.3978953,3.4657359,5.6801724,4.7957907,7.6610565,0,4.4067192,7.6396422,2.4849067,0,6.8394766,5.9375362,9.4462023,9.9378405,0,0,9.4156456,9.7966261,9.5143633,9.3899078,9.4805202,9.4254513,0,8.7360077,9.4229488,9.5896664,0,9.3929119,9.4101744,.16,.2,0,0,0,0,1,.98000002,.029999999,.039999999,.18000001,.18000001,.81999999,.80000001,.52999997,.44999999,2.55,2.1600001,0,0,.25999999,.30000001,3.47,2.8599999,.2,.25,0,0,.41999999,.43000001,.5,.54000002,9.542158939916048,1.0986123,-7.4495306,0,9.5421591,1.0986123,1,-7.4495306,0
47,47183,0,40,29,45,40,28,45,27,28,29,27,29,25,22,40,30,44,39,39,30,29,6.2747622,1.3862944,0,0,6.2265368,3.5263605,3.8501475,3.6375861,3.7376697,4.7184987,2.3978953,3.7612002,4.0073333,2.3025851,3.7841897,5.9763508,5.1984968,9.2908134,4.6443911,0,0,9.0420399,6.7742238,4.9836068,6.6133842,5.5984221,8.340456,4.9416423,6.3578424,8.2555685,5.2729998,4.7874918,8.3572588,7.3343291,9.6657381,10.253299,0,0,9.6114626,9.220192,9.5165739,9.6094522,9.6275368,9.7568417,9.5642319,8.6823683,9.7488203,10.032453,9.1899338,9.4443054,9.6263494,.31999999,.46000001,0,0,0,0,.93000001,.89999998,.83999997,.47,.28,.22,.69999999,.69,.40000001,.31999999,1.7,1.61,.50999999,.34,.61000001,.52999997,2.1700001,1.98,1.12,1.6799999,.34999999,.31999999,.64999998,.56,.68000001,.73000002,10.37261579874591,2.7725887,-6.9487796,0,10.372616,2.7725887,1,-6.9487796,0
47,47185,0,1,2,2,1,1,2,1,1,1,1,1,3,2,3,1,8,5,1,7,3,5.7899604,1.0986123,0,0,5.7268476,2.9444389,3.4011974,3.2580965,2.8332133,4.4067192,0,2.8903718,3.7612002,2.1972246,0,5.4161005,4.7535901,8.6844015,3.4011974,0,0,8.5569906,4.3040652,4.8441873,5.7170277,4.0604429,8.1659317,0,4.9836068,8.115222,3.871201,0,7.4289274,6.8731637,9.6436148,9.881753,0,0,9.6356735,9.2999067,9.4197903,9.5435934,9.6397171,9.6986752,0,8.79179,9.7066212,9.7847605,0,9.489562,9.5483112,.17,.17,0,0,0,0,1.05,1.0599999,.13,.079999998,.44999999,.31999999,.51999998,.49000001,.16,.13,2.6199999,2.3900001,0,0,.28,.28,3.45,3.0999999,.50999999,.60000002,0,0,.47,.44,.79000002,.80000001,9.907977457808981,0,-7.3190618,0,9.9079771,0,1,-7.3190618,0
47,47187,0,199,190,241,199,244,241,223,244,295,223,295,344,382,486,540,616,642,575,563,514,7.6605854,1.6094379,0,0,7.6477861,5.891644,5.6312118,5.1704841,5.521461,5.9989367,3.9512436,4.7361984,4.6728287,2.8332133,5.4205351,7.4342575,6.2344108,10.121819,4.6051702,0,0,10.011938,8.2469578,7.6425242,7.8450246,7.5299435,8.774931,6.5161929,7.521318,8.3612413,4.6728287,6.6306834,9.6690931,8.364974,9.9939222,10.233294,0,0,9.9982071,10.011086,10.133409,10.036268,10.274637,10.021359,10.336341,9.2403841,9.9650059,9.8944464,9.5455265,9.9885635,10.021004,.14,.13,0,0,0,0,1.0700001,1.09,1.6,1.41,1.76,1.8099999,1.04,1.13,1.2,1.3099999,1.14,1.01,1.0599999,1.11,.86000001,.93000001,1.05,.86000001,.27000001,.25,.95999998,.91000003,1.04,1.13,.82999998,.94999999,11.30246365931196,3.2188759,-7.3342643,0,11.302464,3.2188759,1,-7.3342643,0
47,47189,0,18,21,29,18,25,29,19,25,21,19,21,21,20,23,24,25,33,24,24,22,7.0264268,1.6094379,0,0,7.0048819,4.8283138,5.1761498,4.8121843,4.3694477,5.676754,2.5649493,4.3820267,4.6913481,1.7917595,4.5643482,6.6970344,5.6835799,9.7319279,4.2484951,0,0,9.6190672,7.04316,7.1204443,7.5506611,6.7141705,8.7086401,5.31812,7.3382382,8.473032,3.4965076,5.7397928,9.1043129,8.0291071,9.806756,10.191107,0,0,9.7975159,9.9670725,9.81318,9.8653698,9.6270094,9.9364872,9.9425163,8.9158354,9.9625111,10.355168,9.3879843,9.6917782,9.7496367,.14,.16,0,0,0,0,1.0700001,1.0700001,.70999998,.72000003,1.54,1.39,1.15,1.26,.77999997,.54000002,1.58,1.55,.47,.40000001,1.05,1,1.73,1.71,.12,.22,.57999998,.56999999,.88,.85000002,.88,.92000002,11.1224721144825,2.6390574,-7.3868432,0,11.122472,2.6390574,1,-7.3868432,0
51,51001,0,27,23,20,27,28,20,31,28,31,31,31,23,39,59,67,66,68,76,73,82,6.6732979,2.7725887,2.7080503,3.5263605,6.5889263,4.1108737,4.5849676,3.4965076,4.0253515,5.1239638,2.0794415,4.5108595,3.5263605,3.5553482,4.2626801,6.3279366,5.4764633,9.458684,6.6293631,5.7203116,7.1324978,9.2596064,6.6385679,6.3080983,5.8777356,5.8861041,8.574707,5.2257466,6.9939332,8.2038517,6.9957662,5.872118,8.5581436,7.6362696,9.6707354,10.439484,9.9700708,9.806922,9.5531492,10.000251,9.7675533,9.6180029,9.7900391,9.501442,10.026943,8.9994955,9.5449533,9.1414185,9.8363323,9.6030579,9.5293026,1.99,3.3499999,.64999998,.80000001,1,1.15,.98000002,.88,.62,.75,.89999998,.88999999,.28,.28,.44999999,.41999999,1.8200001,1.3200001,.56999999,.60000002,.98000002,1.16,1.74,1.29,5.3099999,3.23,.87,1.53,.67000002,.68000001,.77999997,.75,10.36416659261153,2.9444389,-7.5361042,0,10.364166,2.9444389,1,-7.5361042,0
51,51003,0,78,79,120,78,100,120,120,100,140,120,140,153,162,238,310,286,293,284,302,375,7.3011479,1.9459101,0,0,7.2737865,5.1929569,5.6383548,4.4308167,4.8751974,5.9322453,2.7725887,4.5643482,3.9120231,3.8286414,5.484797,6.9707303,5.7525725,10.392344,4.1588831,0,0,9.9392891,7.728416,7.6746173,7.009409,6.5395861,9.0785217,5.5333896,7.9939575,8.712266,6.2822666,6.9206715,9.389657,8.2043982,10.04988,10.081509,0,0,9.8699312,10.047674,9.910265,9.7989597,9.9006338,10.056595,10.107897,9.2419357,10.126791,9.7308588,9.5220079,9.7069855,9.7001467,.07,.050000001,0,0,0,0,.75999999,.63999999,.72000003,.63,1.38,1.08,.34999999,.28,.34,.23999999,1.1799999,1.03,.30000001,.23999999,1.05,1.08,1.14,1.03,1.02,.76999998,.97000003,.86000001,.60000002,.46000001,.54000002,.41999999,11.1278510465098,3.6109178,-7.4682751,0,11.127851,3.6109178,1,-7.4682751,0
51,51005,0,1,1,2,1,1,2,1,1,0,1,0,1,1,1,0,1,1,0,2,1,5.2933049,1.3862944,0,2.9444389,5.1357985,2.3978953,3.2188759,2.9444389,0,3.7841897,0,2.8332133,2.7080503,1.3862944,2.9957323,4.8362818,3.9512436,8.2646208,2.3978953,0,6.5132303,8.0046997,3.713572,5.5683446,6.6631327,0,7.0875735,0,5.771441,6.8221974,2.8332133,3.8066626,7.4944301,6.3750248,9.8557673,9.8066463,0,9.8442154,9.8646946,9.8402281,9.8547173,9.964489,0,10.069849,0,8.8279076,10.130145,9.5900774,9.5288668,9.7003307,9.6166048,.1,.07,0,0,1.78,1.76,.92000002,.94,.11,.090000004,1.41,1.27,2.05,2.3699999,0,0,1.35,1.45,0,0,.94999999,.79000002,1.4400001,1.6,.27000001,.20999999,.36000001,.38999999,.75999999,.70999998,.73000002,.63999999,9.486152271857476,0,-8.9574318,0,9.4861526,0,1,-8.9574318,0
51,51007,0,16,16,6,16,16,6,20,16,25,20,25,17,16,34,22,24,29,33,33,59,5.3033047,1.6094379,0,0,5.2149358,2.0794415,4.1743875,1.9459101,1.7917595,4.4543471,0,2.0794415,2.5649493,2.0794415,0,4.59512,3.7612002,7.4927602,3.2188759,0,0,7.2137685,3.7841897,5.891644,4.0775375,3.2580965,6.6821084,0,3.7841897,5.9864521,3.6375861,0,6.3279366,5.5947113,9.6951094,9.9797535,0,0,9.6441336,9.5247135,9.7036333,9.3251858,9.7799635,9.6955404,0,8.6094074,9.7033281,9.5212746,0,9.5660553,9.6748285,.47,.49000001,0,0,0,0,.89999998,.87,.25,.19,4.23,3.8199999,.33000001,.23999999,.23,.20999999,1.95,1.6900001,0,0,.28,.22,1.35,1.15,1.3200001,1.15,0,0,.50999999,.49000001,.72000003,.79000002,9.081028635495842,1.7917595,-8.6477423,0,9.0810289,1.7917595,1,-8.6477423,0
51,51009,0,15,25,22,15,29,22,27,29,21,27,21,28,30,47,52,61,59,45,67,76,6.1984787,1.6094379,0,0,6.1377273,3.5263605,4.3174882,2.9444389,3.5263605,4.9126549,2.0794415,3.6375861,3.8501475,2.7080503,4.0943446,5.7868972,4.89784,9.1316214,3.9120231,0,0,8.6637144,5.4971681,6.7707896,6.5294189,5.1119876,7.5251007,4.7621741,6.8178306,6.8373327,3.9120231,5.0814042,8.2776661,7.4079242,9.79568,10.109159,0,0,9.775938,10.289124,10.244023,9.8902502,9.7558575,10.067264,9.9487476,9.0590525,9.898324,9.4217348,9.2320042,9.6024504,9.5316992,.18000001,.2,0,0,0,0,.75,.74000001,.27000001,.38999999,1.98,2.77,.75,.86000001,.28999999,.23,.88,1,.5,.43000001,1.14,1.26,.62,.56999999,.34,.23999999,.55000001,.47,.69999999,.63,.86000001,.73000002,10.26039247002891,2.3025851,-7.7620211,0,10.260392,2.3025851,1,-7.7620211,0
51,51011,0,8,14,8,8,14,8,11,14,15,11,15,23,22,28,28,25,29,37,27,71,5.529429,2.0794415,2.3978953,0,5.4293456,2.6390574,3.6375861,2.5649493,0,4.1743875,0,2.8903718,2.7725887,2.3978953,3.2188759,5.0998664,4.356709,8.3236084,3.9889841,5.5134287,0,8.1324129,4.3307333,5.7990928,4.9767337,0,7.6708946,0,5.3423343,7.4764724,3.8918202,3.8918202,7.1372786,6.5453496,9.6291819,10.038936,10.029239,0,9.5649328,9.5018148,9.7649727,9.2924728,0,9.6322041,0,8.6762457,9.6008272,9.7786045,9.3345909,9.438591,9.5353909,.44,.51999998,1.65,2.23,0,0,.99000001,.94,.19,.15000001,1.6799999,1.72,.36000001,.25999999,0,0,2.29,1.98,0,0,.57999998,.51999998,2.6199999,2.1400001,.74000001,.88999999,.37,.41999999,.5,.44999999,.81999999,.81999999,9.417191926513414,.69314718,-7.4784341,0,9.4171915,.69314718,1,-7.4784341,0
51,51013,0,181,116,175,181,250,175,268,250,276,268,276,305,364,434,523,581,718,757,937,1222,8.5498543,4.0943446,2.4849067,3.6375861,8.5283308,7.2240248,5.7300997,5.9610052,6.2614918,5.9814143,4.8751974,6.1398845,0,0,6.81564,8.4467707,6.7592554,11.917537,10.555552,5.433722,8.9275799,11.549402,10.488882,8.2617846,8.9853201,8.9804239,8.6190271,8.7976999,9.4457283,0,0,8.6576509,11.494548,9.9647236,10.38372,10.560282,10.38273,10.339676,10.312944,10.504053,10.289226,10.16639,10.120894,10.292959,10.692126,9.5643015,0,0,10.146748,10.314039,10.290653,8.6499996,8.04,.039999999,.039999999,.51999998,.49000001,.82999998,.77999997,2.49,2.4400001,.54000002,.44,.54000002,.44999999,.85000002,.54000002,.16,.13,1.73,1.75,.97000003,.99000001,0,0,0,0,1.2,1.42,1.08,1.09,.69,.69,12.04904449642282,4.2484951,-6.7391195,0,12.049045,4.2484951,1,-6.7391195,0
51,51015,0,50,44,55,50,55,55,58,55,58,58,58,76,89,105,105,139,137,130,147,170,6.9107509,1.9459101,3.0445225,2.9444389,6.8627577,4.2904596,5.5093884,3.8066626,4.1271343,5.8435445,2.0794415,4.356709,4.3307333,3.0445225,4.5108595,6.4150968,5.5451775,9.8974695,4.7791233,7.8644199,7.4529824,9.6442633,6.7487597,7.5873103,6.2897158,5.6347895,9.016634,3.713572,7.3938785,8.713418,5.2040067,5.4553213,8.8810024,8.1945057,9.9195089,9.9131413,9.980958,9.869051,9.9143782,10.073905,9.9665089,9.6573954,9.6290503,10.059251,9.5047245,8.9925575,10.096749,9.6784048,9.290906,9.7177,9.8752422,.2,.16,3.5799999,3.46,.88999999,.85000002,.93000001,.94,.44999999,.44999999,2.0799999,1.95,.28,.22,.23,.14,1.8200001,1.8099999,.079999998,.039999999,.94,.86000001,1.87,1.88,.56999999,.46000001,.37,.30000001,.58999997,.52999997,.88,.93000001,10.90919842466561,3.2958369,-7.4978199,0,10.909199,3.2958369,1,-7.4978199,0
51,51017,0,3,5,5,3,4,5,6,4,8,6,8,7,9,13,17,16,13,25,10,9,5.0238805,1.7917595,1.7917595,1.6094379,4.9052749,2.3025851,3.2580965,1.9459101,0,3.5553482,0,0,0,1.6094379,2.9957323,4.6051702,3.6109178,7.700295,3.8501475,3.2188759,5.572154,7.5358305,2.9957323,4.6634393,4.7184987,0,5.8971539,0,0,0,2.4849067,3.6888795,7.3198647,5.9135032,9.8125229,9.8804235,9.8085728,9.8374014,9.8072519,9.280426,9.8199968,9.8200512,0,9.6706095,0,0,0,9.8270922,9.0980673,9.8375616,10.175535,.72000003,.60000002,.31,.28,1.22,1.26,1.01,1.02,.090000004,.050000001,1.01,.91000003,.51999998,.54000002,0,0,.72000003,.54000002,0,0,0,0,0,0,.34,.34,.56999999,.41,1.12,1.25,.81,1.29,8.476162841858246,.69314718,-7.6932549,0,8.4761629,.69314718,1,-7.6932549,0
51,51019,0,37,38,45,37,46,45,42,46,36,42,36,59,71,72,101,105,107,94,88,112,6.5792513,1.9459101,2.6390574,2.7725887,6.5294189,4.2341065,5.3375382,2.9957323,3.6635616,5.6664267,1.9459101,3.9120231,4.0943446,3.0910425,3.9702919,5.9814143,5.0562458,8.9207897,4.7621741,5.3659759,7.2477927,8.6569548,6.2653012,6.9196839,5.4380794,5.3082676,7.8586407,4.3438053,6.5072775,7.303843,4.4998097,5.3518581,8.0586433,7.1268907,9.7429667,9.9710999,9.9190159,9.7996264,9.716013,9.5595169,9.6874437,9.8793488,9.7655468,9.9115057,9.8618317,9.0532188,10.053415,9.6099882,9.4185734,9.5214949,9.5720625,.52999997,.51999998,.77999997,.85000002,1.9299999,2.04,.92000002,.91000003,.73000002,.52999997,2.8299999,2.4000001,.31,.37,.43000001,.37,1.52,1.55,.40000001,.34,1.03,1.2,1.21,1.39,.75,.68000001,.88,.95999998,.69,.60000002,.80000001,.75,10.72889031221654,2.3025851,-7.8023787,0,10.72889,2.3025851,1,-7.8023787,0
51,51021,0,3,2,2,3,2,2,1,2,2,1,2,3,4,4,3,2,4,6,4,4,4.4188404,1.6094379,0,0,4.2626801,0,0,1.3862944,0,3.0910425,0,1.3862944,2.0794415,0,1.7917595,3.8918202,3.0445225,7.4792995,3.0445225,0,0,7.106606,0,0,4.4067192,0,6.605298,0,3.2958369,6.498282,0,2.3978953,6.1758671,5.7037826,9.8041639,9.9602461,0,0,9.7335291,0,0,9.3853016,0,9.8188009,0,8.8793335,9.8231993,0,9.0710783,9.5863771,9.6565638,.40000001,.36000001,0,0,0,0,.81999999,.77999997,0,0,0,0,.47,.31999999,0,0,1.83,1.61,0,0,.18000001,.16,2.29,1.97,0,0,.19,.14,.44999999,.38999999,.81999999,.77999997,8.781708985836179,0,-7.6896267,0,8.7817087,0,1,-7.6896267,0
51,51023,0,35,37,42,35,44,42,36,44,50,36,50,63,55,67,78,104,97,79,80,108,6.0112672,1.7917595,2.0794415,3.0445225,5.9242558,3.713572,4.3307333,2.9444389,2.9444389,4.7095304,1.6094379,3.2580965,2.9957323,2.7080503,3.5553482,5.572154,4.7706847,8.4298906,4.0775375,4.6539602,6.568078,8.2177086,5.4026775,6.0776424,5.2040067,4.5217886,7.3225102,4.1108737,6.2402759,6.7334018,5.46806,4.7957907,7.6925697,6.9077554,9.7676678,10.064543,9.9103146,9.8813953,9.7341213,9.7556829,9.9065332,9.1717033,9.6534863,9.9887018,10.248778,8.9741116,10.049318,9.90942,9.3425961,9.5106668,9.6436148,.43000001,.46000001,.63,.66000003,1.6,1.79,.97000003,.94999999,.5,.43000001,1.99,2.05,.40000001,.23,.31999999,.23999999,1.45,1.5599999,.51999998,.62,1.29,1.35,1.12,1.25,3.23,3.8499999,.82999998,.81,.79000002,.66000003,1.05,1.03,10.12631105263941,2.3025851,-6.7229929,0,10.126311,2.3025851,1,-6.7229929,0
51,51025,0,14,9,13,14,23,13,12,23,12,12,12,10,14,18,23,21,22,17,21,23,5.7300997,2.0794415,2.3978953,2.6390574,5.6167712,2.3978953,3.3672957,2.4849067,0,4.3438053,0,2.5649493,3.0910425,3.2188759,3.8501475,5.2882671,4.5643482,8.3466425,4.0604429,6.4052286,6.1377273,8.0359268,4.1588831,5.4424176,5.8081427,0,7.2570028,0,5.0998664,6.818924,5.6058021,4.5643482,7.4217758,6.7592554,9.6853933,10.008613,9.8641224,9.8901997,9.6025171,9.6973238,9.8245525,9.5925369,0,9.6618614,0,8.6876106,9.5050974,9.9526587,9.0549726,9.5493097,9.6529083,.46000001,.5,3.9300001,4.2600002,1.13,1.39,.88,.81999999,.16,.14,1.15,1.1799999,.80000001,.75999999,0,0,1.48,1.25,0,0,.44999999,.38,1.3200001,.93000001,4.02,5.4400001,.70999998,.56999999,.64999998,.62,.99000001,1.0599999,9.679531170964893,2.0794415,-7.3930445,0,9.6795311,2.0794415,1,-7.3930445,0
51,51027,0,18,13,21,18,20,21,17,20,18,17,18,28,29,31,33,35,29,20,29,41,6.5820251,1.3862944,2.3025851,2.8903718,6.5366917,4.0943446,3.9702919,3.4657359,3.6375861,5.3033047,1.7917595,3.1354942,2.5649493,4.9126549,4.1743875,6.1923623,5.57973,9.3372374,4.2046928,5.187386,7.2137685,9.1849203,6.5652652,6.2557502,6.4800444,5.7235851,8.6461143,4.3307333,5.5984221,5.8749309,8.4784527,5.4764633,8.3094311,7.4999766,10.118639,10.299273,9.9780846,9.7117214,10.165159,10.103199,9.8450108,9.8309164,9.8095617,10.391516,9.9320745,8.8898592,10.016906,10.458034,9.4202766,9.7254372,9.5916491,.2,.19,.43000001,.34,1.23,.81999999,1.03,1.09,.64999998,.56,.95999998,.66000003,.57999998,.46000001,.43000001,.25999999,2.2,2.5,.25999999,.16,.27000001,.19,.19,.15000001,26.43,38.369999,.66000003,.49000001,.58999997,.43000001,.76999998,.5,10.35242713422957,2.3025851,-7.696897,0,10.352427,2.3025851,1,-7.696897,0
51,51029,0,7,7,8,7,9,8,11,9,10,11,10,11,10,17,19,13,37,21,18,15,5.4380794,1.6094379,0,0,5.3659759,2.8332133,3.5553482,2.1972246,2.6390574,4.3174882,0,0,2.6390574,3.2580965,3.3672957,4.934474,4.0943446,7.8224449,3.1354942,0,0,7.3569183,5.2417469,5.0689044,5.4510384,4.0073333,6.338594,0,0,5.5683446,4.9767337,4.6821313,6.9087548,5.8081427,9.7461901,10.058609,0,0,9.621191,9.995018,9.6041374,9.541441,9.7906551,9.6206608,0,0,9.5989304,9.6757708,9.8170033,9.6214561,9.4022818,.31,.33000001,0,0,0,0,.75,.67000002,.79000002,.87,1.34,1.04,.94999999,.80000001,.34999999,.31,1,.75999999,0,0,0,0,.63999999,.46000001,3.6199999,3.5,1.36,2.1800001,.66000003,.63,.63999999,.50999999,9.462887373659635,1.6094379,-7.9307365,0,9.4628878,1.6094379,1,-7.9307365,0
51,51031,0,16,17,27,16,23,27,23,23,33,23,33,47,47,50,58,68,68,75,66,64,6.694562,2.0794415,2.3025851,2.9444389,6.6476884,4.3040652,4.882802,3.4339871,3.7841897,5.3423343,2.1972246,4.0430512,4.1271343,2.7080503,4.5325994,6.329721,5.5373344,9.8775539,4.3694477,4.8283138,7.2813859,9.7887497,6.6631327,6.6858611,5.4510384,5.4293456,9.1256533,4.3820267,6.8469429,9.0208731,4.7361984,5.8607864,9.0645046,8.7041702,9.9779921,10.105122,9.9017859,9.8324213,9.9888849,9.7369013,9.7889738,9.4632759,9.7316904,9.9894361,10.092454,9.0176048,10.008928,9.8257418,9.3050137,9.9883337,10.151752,.14,.12,.18000001,.15000001,.76999998,.66000003,1.09,1.12,.41999999,.28,.86000001,.63999999,.12,.079999998,.19,.12,2.0699999,1.8099999,.16,.13,.56,.49000001,2.5899999,2.25,.36000001,.31999999,.56999999,.43000001,.73000002,.80000001,1.49,1.97,10.76999963184714,2.3025851,-7.8807483,0,10.77,2.3025851,1,-7.8807483,0
51,51033,0,8,4,5,8,11,5,10,11,11,10,11,15,13,20,28,26,34,34,27,28,5.7651911,2.4849067,2.3025851,0,5.6801724,3.2958369,4.2484951,2.4849067,2.9444389,4.6051702,0,2.8903718,2.8332133,2.6390574,3.713572,5.2626901,4.3040652,8.2763948,5.7930136,5.3423343,0,7.9109573,5.0689044,6.1025586,4.5108595,4.2195077,6.9810057,0,5.1761498,6.3171649,4.3174882,5.1590552,7.4091363,6.8211074,9.8144922,10.034779,9.9936485,0,9.7604828,9.6074371,9.9403982,9.4994965,9.6373711,9.8751392,0,9.0442858,9.8324747,9.778038,9.5295935,9.6779661,9.7403803,2.8199999,2.73,1.46,1.58,0,0,.82999998,.80000001,.41999999,.30000001,2.3800001,2.4200001,.23999999,.18000001,.28,.19,1.2,1.1,0,0,.51999998,.56,.86000001,.74000001,1.1900001,1.1900001,1.39,1.5700001,.69,.64999998,1.13,1.16,9.863550582932428,1.0986123,-7.6040769,0,9.8635502,1.0986123,1,-7.6040769,0
51,51035,0,5,7,9,5,4,9,5,4,2,5,2,3,6,15,13,16,20,26,11,23,5.8861041,1.6094379,0,2.0794415,5.8230457,3.2958369,3.871201,2.9444389,3.2188759,4.4308167,0,3.4965076,3.3322046,2.0794415,0,5.5373344,4.7184987,8.5063343,3.871201,0,6.7923446,8.1332941,4.6347289,5.4424176,4.6913481,4.6539602,7.4413204,0,5.9889612,7.2772479,3.2580965,0,7.4389715,6.7604146,9.5981846,10.106183,0,9.7791138,9.4729357,9.4011259,9.6458168,9.6278,9.649498,9.5646524,0,8.8533792,9.552866,9.4618769,0,9.3716936,9.456419,.33000001,.41999999,0,0,1.85,2.22,.81999999,.74000001,.22,.15000001,.98000002,.92000002,.22,.23999999,.34,.30000001,1.51,1.27,0,0,.93000001,1.02,1.79,1.4400001,.33000001,.30000001,0,0,.56,.49000001,.83999997,.81,10.18844090541665,1.0986123,-8.1712103,0,10.188441,1.0986123,1,-8.1712103,0
51,51036,0,1,1,1,1,1,1,1,1,1,1,1,1,1,1,1,1,1,1,1,1,4.4426513,1.6094379,0,0,4.3040652,1.3862944,2.3025851,0,0,3.2188759,0,2.0794415,1.9459101,2.0794415,2.7725887,3.8918202,2.9957323,6.6821084,2.8903718,0,0,6.1841488,3.1354942,3.2958369,0,0,5.3471074,0,4.5432949,4.94876,3.7376697,3.4011974,5.6167712,4.7361984,9.6312847,10.224628,0,0,9.5924683,9.4645948,9.7731514,0,0,9.8261204,0,8.9187841,9.825634,9.8599539,8.9531231,9.3683691,9.6101227,.75999999,1.1,0,0,0,0,.73000002,.70999998,.30000001,.22,.70999998,.73000002,0,0,0,0,1.16,1.21,0,0,1.36,1.54,1.08,1.1,3.28,4.25,1.1799999,.89999998,.56999999,.47,.69,.75,8.745443680098592,0,-7.5330658,0,8.7454433,0,1,-7.5330658,0
51,51037,0,5,5,1,5,8,1,9,8,11,9,11,10,8,14,5,8,13,10,11,21,5.46806,2.0794415,2.0794415,0,5.3706379,2.6390574,3.3322046,2.1972246,0,4.3307333,0,2.6390574,3.1354942,3.2580965,3.0445225,4.934474,4.1743875,7.9039655,3.871201,4.9126549,0,7.6549172,4.3438053,4.3040652,4.0604429,0,7.2305632,0,4.6051702,7.0664668,4.9052749,3.5553482,6.5930448,5.9814143,9.6245012,10.008028,9.7176399,0,9.5856895,9.5569754,9.2846127,9.2174149,0,9.6732569,0,9.0898666,9.7122669,9.487896,9.0769234,9.3956575,9.4428005,.60000002,.68000001,1.37,1.37,0,0,.93000001,.91000003,.30000001,.23999999,.56999999,.37,.22,.15000001,0,0,2.24,2.03,0,0,.43000001,.57999998,2.6400001,2.4300001,3.1099999,2.79,.41,.34999999,.44,.38,.70999998,.64999998,9.366317953430535,.69314718,-7.7752266,0,9.3663177,.69314718,1,-7.7752266,0
51,51041,0,187,153,185,187,221,185,253,221,277,253,277,322,433,574,628,638,691,742,823,1108,8.3399782,2.3978953,3.1780539,3.4657359,8.3238516,6.2934194,6.8112445,5.572154,6.1047931,6.985642,3.6109178,5.5529594,5.0875964,2.3978953,5.8021183,8.0196133,7.057898,11.248713,8.2369499,8.2940493,9.0105467,11.015575,8.7462397,8.7532139,8.2297773,8.2547894,9.8155851,7.2957349,8.6892958,9.371438,5.4722705,7.7445698,10.657188,9.8464937,10.037231,10.193542,9.9607182,10.031837,10.03232,10.150387,10.043249,9.9138832,10.086101,10.344899,10.189606,8.974618,10.484893,9.6685247,9.5480976,9.8601103,9.8724098,1.66,1.51,1.4299999,1.2,1.1,1.09,.94999999,.95999998,.85000002,.82999998,1.73,1.5599999,.5,.46000001,.80000001,.69999999,1.05,1.23,.75,.64999998,.88999999,.70999998,.93000001,1.23,.19,.14,.94,.87,.91000003,.82999998,1.1900001,1.12,12.25139967711522,4.3040652,-7.126492,0,12.2514,4.3040652,1,-7.126492,0
51,51043,0,10,18,17,10,24,17,26,24,29,26,29,36,29,65,50,48,69,57,64,69,5.7268476,1.7917595,0,0,5.659482,3.2958369,4.2484951,2.4849067,2.9444389,4.5849676,2.0794415,2.9957323,2.3978953,2.8332133,3.8501475,5.2470241,4.0604429,8.2139235,3.9318256,0,0,8.0879478,5.5012584,5.6489744,6.4551988,4.7004805,7.3414841,4.4998097,4.882802,6.9087548,5.5529594,4.89784,7.4454174,5.9026332,9.8427286,10.399403,0,0,9.8275776,10.12523,9.8884754,9.6563072,9.686202,9.9368744,10.2088,8.970686,10.038543,9.4857731,9.4247255,9.7176399,9.614872,.47,.63,0,0,0,0,1.05,1.05,.69,.80000001,1.61,1.51,1.75,1.51,.47999999,.34,1.84,1.74,.94999999,1.02,.41,.40000001,1.65,1.6900001,4.3600001,3.1600001,1.14,1.12,.75999999,.73000002,.47999999,.41999999,9.401043372798053,2.4849067,-6.7290039,0,9.4010429,2.4849067,1,-6.7290039,0
51,51045,0,4,1,1,4,1,1,5,1,5,5,5,5,7,5,3,11,11,12,10,12,4.0430512,1.3862944,0,0,3.8286414,0,1.9459101,0,1.3862944,2.7725887,0,1.3862944,0,0,0,3.4011974,2.4849067,6.2595816,3.5553482,0,0,5.8493247,0,3.2188759,0,3.3322046,5.2470241,0,2.7725887,0,0,0,5.0562458,4.4886365,9.5656347,9.8767843,0,0,9.420682,0,9.5996761,0,9.6010981,9.3830328,0,8.5191908,0,0,0,9.4644394,9.5802469,2.26,2.4100001,0,0,0,0,.79000002,.69999999,0,0,1,.93000001,0,0,.86000001,.73000002,1.6,1.15,0,0,.34999999,.28,0,0,0,0,0,0,.49000001,.47999999,.81999999,.93000001,8.382975849296429,.69314718,-7.9394703,0,8.3829756,.69314718,1,-7.9394703,0
51,51047,0,46,41,35,46,48,35,57,48,71,57,71,89,99,124,135,160,148,154,171,202,6.5806394,2.0794415,2.6390574,3.7612002,6.4876842,4.3694477,4.7535901,3.8286414,4.1108737,5.1416636,2.0794415,3.871201,3.5553482,2.9957323,4.356709,6.1862087,5.1239638,9.1872768,4.6249728,6.43294,7.1228666,8.9630318,6.954639,6.2595816,6.82546,5.6835799,7.7424021,5.3752785,6.5861716,7.3524413,5.3981628,6.1612072,8.6134119,7.5109777,9.8762703,10.201071,10.058951,9.8549271,9.8584375,10.27512,9.9132891,9.7556829,9.8348341,9.9550362,10.000614,9.2882271,10.017664,9.5098524,9.648982,9.815093,9.6748285,.34999999,.38,1.74,1.9,1.3,1.28,.95999998,.94999999,1.12,1.4400001,1.12,1.04,.95999998,.88,.47999999,.38,1.04,.97000003,.86000001,.73000002,.85000002,1.1,.97000003,.94,1.41,1.01,1.52,1.8200001,.93000001,.94,.89999998,.81999999,10.2324675062561,3.0445225,-7.6695428,0,10.232468,3.0445225,1,-7.6695428,0
51,51049,0,2,2,2,2,1,2,2,1,3,2,3,1,1,9,2,1,3,4,4,4,4.8362818,1.7917595,0,0,4.6913481,2.3025851,3.3322046,1.0986123,0,3.6109178,0,1.0986123,0,0,2.6390574,4.2766662,3.5553482,6.7604146,3.0445225,0,0,6.2934194,3.1354942,4.4308167,2.0794415,0,4.9272537,0,3.4011974,0,0,4.8675346,5.9989367,5.220356,9.5571165,9.9936934,0,0,9.396903,9.2451286,9.4911489,9.2284746,0,9.5816278,0,8.5385628,0,0,9.1004143,9.3250074,9.4962711,.81999999,.98000002,0,0,0,0,.75,.64999998,.28,.18000001,2.04,1.7,.090000004,.07,0,0,.69999999,.62,0,0,.40000001,.34,0,0,0,0,4.73,4.4699998,.76999998,.66000003,1.04,1.08,8.965079015408355,.69314718,-6.8870449,0,8.9650793,.69314718,1,-6.8870449,0
51,51051,0,4,5,4,4,8,4,7,8,3,7,3,6,18,7,13,16,11,24,17,21,5.7104268,1.7917595,2.3025851,3.0445225,5.5834961,3.0445225,0,2.3978953,0,4.1431346,0,2.5649493,0,3.6635616,3.2958369,5.3132062,4.7273879,8.2628174,3.713572,3.4657359,6.605298,8.0278025,4.6634393,0,5.6869755,0,7.4702239,0,4.882802,0,7.3138866,4.2484951,7.1770186,6.3171649,9.9320269,9.960104,10.263885,9.7726955,9.9625111,9.8120298,0,9.4880476,0,10.220486,0,8.8436155,0,10.318474,9.6193323,9.4607096,9.3989754,.36000001,.28999999,.23,.28999999,1.96,1.67,.94,.99000001,.28,.22,0,0,.76999998,.51999998,0,0,1.99,2.29,0,0,.38999999,.31,0,0,24.15,36.73,.56999999,.62,.55000001,.38,.69,.44999999,9.77678989949017,0,-7.4288125,0,9.7767897,0,1,-7.4288125,0
51,51053,0,15,9,14,15,16,14,8,16,18,8,18,16,29,25,27,29,33,40,44,43,5.676754,1.6094379,2.3978953,1.7917595,5.5984221,2.9957323,4.1743875,2.4849067,0,4.4188404,0,2.8903718,2.5649493,1.6094379,3.7376697,5.2364421,4.3307333,8.6199303,3.6888795,7.9409399,6.6833611,7.5453897,4.8903489,5.7807436,4.3040652,0,6.50279,0,4.9698133,5.5490761,4.4659081,5.7990928,7.1106963,6.0402546,9.8036671,9.9562225,9.8785286,9.7313938,9.7099028,9.9765053,9.714262,9.4092731,0,9.8352089,0,8.7165356,9.8206491,10.217678,9.7360744,9.6344309,9.4659901,.23999999,.22,13.88,13.58,1.48,1.38,.41,.38,.25,.25999999,1.23,1,.14,.090000004,0,0,.52999997,.47,0,0,.30000001,.23,.28,.23999999,.98000002,1.53,1.87,2.6199999,.36000001,.33000001,.37,.28999999,9.950371138434978,1.3862944,-7.5669079,0,9.9503708,1.3862944,1,-7.5669079,0
51,51057,0,4,2,2,4,3,2,2,3,2,2,2,8,8,5,8,11,9,13,10,10,5.6454468,1.7917595,0,0,5.5683446,2.8332133,3.4011974,3.1780539,0,4.0430512,0,2.9957323,2.8903718,2.3025851,3.7376697,5.32301,4.4308167,8.1699028,3.5553482,0,0,8.0359268,4.5643482,5.0814042,6.0330863,0,7.0570369,0,5.7838254,6.8068295,4.5643482,4.7449322,7.5647569,6.7068624,9.6096535,10.041161,0,0,9.5768566,9.8820601,9.7014942,9.5475264,0,9.7347136,0,9.077837,9.7402039,9.7377281,9.2398024,9.4682331,9.4635086,.33000001,.40000001,0,0,0,0,1.05,1.03,.28,.31999999,.95999998,.94,1.2,1.17,0,0,1.4400001,1.41,0,0,1.0599999,1.4400001,1.5599999,1.5,1.6900001,2,1.02,1.0599999,.89999998,.85000002,1.12,1.0700001,9.069813136839207,.69314718,-7.0416093,0,9.0698128,.69314718,1,-7.0416093,0
51,51059,0,1079,828,1173,1079,1354,1173,1419,1354,1660,1419,1660,2001,2443,3030,3484,3623,4097,4487,5079,6535,9.8101101,3.8066626,3.4011974,4.2195077,9.8022299,8.3461676,7.7819734,7.2406497,7.5621614,7.9759083,5.908083,6.9508147,6.1841488,3.3672957,7.7848892,9.6267452,8.2448597,12.843641,9.8426218,8.7251825,10.461931,12.671192,11.362474,10.31467,10.134044,10.054147,10.732563,10.026722,10.235521,9.6363268,5.8318825,9.5752611,12.515823,11.200391,10.269865,10.439805,10.218189,10.235342,10.263607,10.446044,10.248601,10.210531,10.369828,10.32617,10.556177,9.4195471,10.466783,10.133965,9.9769239,10.2527,10.121819,1.6799999,1.55,.44999999,.38,.94999999,.92000002,1.01,1.01,2.3699999,2.45,1.67,1.47,.68000001,.66000003,.98000002,.89999998,.52999997,.49000001,2.3399999,2.3099999,.85000002,.83999997,.25,.25,.059999999,.050000001,1.1900001,1.33,1.1799999,1.26,.93000001,.88999999,13.61533129728382,5.9322453,-6.4330854,1,13.615332,5.9322453,1,-6.4330854,1
51,51061,0,65,55,62,65,71,62,91,71,113,91,113,128,162,223,200,205,238,227,241,320,7.2167096,2.6390574,2.3978953,3.1354942,7.1808314,5.1532917,5.768321,4.2195077,4.6443911,6.0014148,2.4849067,4.3944492,3.713572,3.7841897,5.2832036,6.812345,5.6167712,9.5531492,7.1316986,5.3890719,7.5374298,9.2819166,6.9304948,7.5126176,7.0884089,6.4876842,8.0339823,5.3033047,7.1899223,6.5750756,6.2841344,6.5439119,8.9435062,7.846981,9.9246616,10.383781,9.9882879,9.885273,9.8601627,10.066201,9.9789658,10.028357,10.043076,9.9859886,9.9673071,9.1039791,10.061303,9.9015856,9.5856209,9.8046608,9.7991819,3,3.7,.43000001,.41,1.37,1.3200001,.91000003,.87,.75999999,.75999999,2.72,2.5799999,.86000001,1,.75,.69999999,.95999998,.88,.56,.43000001,1.08,1.11,.31,.30000001,2.3699999,2.4000001,1.55,1.65,.88999999,.86000001,.88,.86000001,10.79427584399786,3.2958369,-6.2857409,0,10.794276,3.2958369,1,-6.2857409,0
51,51063,0,5,3,7,5,4,7,8,4,4,8,4,7,5,12,19,16,18,21,37,32,5.3375382,1.9459101,0,0,5.2626901,2.3025851,3.5553482,1.7917595,2.4849067,4.3174882,0,2.5649493,3.2958369,2.4849067,0,4.7706847,4.0604429,7.6197243,3.871201,0,0,7.4054956,3.4011974,4.7273879,4.5747108,4.3040652,6.8762646,0,3.9889841,6.6644092,4.2766662,0,6.5161929,5.8260002,9.6164722,9.9675884,0,0,9.5308285,9.2907219,9.4652147,9.0056505,9.6450405,9.644846,0,8.7193174,9.6805944,9.4961205,0,9.3404913,9.3390856,.80000001,.87,0,0,0,0,.95999998,.89999998,.15000001,.1,1.16,.89999998,.47999999,.27000001,.57999998,.5,2.0899999,1.86,0,0,.31,.28999999,2.3499999,2.1099999,2.2,2.02,0,0,.54000002,.44999999,.80000001,.68000001,9.393078508655353,0,-7.7654452,0,9.3930788,0,1,-7.7654452,0
51,51065,0,15,17,10,15,23,10,20,23,27,20,27,30,37,36,53,52,69,68,65,82,5.3471074,1.6094379,0,0,5.2832036,2.6390574,4.2341065,1.9459101,0,4.4188404,0,2.0794415,0,0,3.1354942,4.7361984,3.9318256,7.6722922,3.6635616,0,0,7.415175,3.8286414,5.5909872,5.6903596,0,6.3243589,0,4.2484951,0,0,4.6634393,7.0057888,6.3080983,9.7909346,9.9722672,0,0,9.7897024,10.473959,9.8148203,9.5704594,0,9.7173386,0,8.9012308,0,0,9.4460449,9.8243361,10.00016,.61000001,.56999999,0,0,0,0,.92000002,.94,.22,.38,2.6199999,2.4000001,1.4,1.17,0,0,1.14,.92000002,0,0,.38,.36000001,0,0,0,0,1.55,1.65,.83999997,.94999999,1.23,1.6900001,9.427787730745511,2.1972246,-6.6951585,0,9.4277878,2.1972246,1,-6.6951585,0
51,51067,0,38,39,39,38,59,39,50,59,73,50,73,74,123,89,140,112,143,146,123,131,6.5889263,1.9459101,2.4849067,2.8332133,6.5395861,3.9512436,5.0238805,3.2580965,3.9318256,5.4467373,1.6094379,3.8286414,4.1588831,2.7725887,4.3438053,6.1312265,5.31812,9.2817307,4.6821313,4.9972124,6.9735432,9.1501656,5.3844953,6.6541524,6.865891,5.4424176,8.6511993,4.0430512,6.2402759,8.4765797,4.9416423,5.4889379,8.2158175,7.2984452,9.6906033,10.038717,10.0114,9.8833361,9.6551542,9.4764671,9.6307602,9.6360006,9.7961807,9.7448435,9.4972467,8.9187841,9.7638235,9.6853933,9.3114519,9.4984474,9.5318441,.34,.37,.38,.47,1.02,1.24,1.05,1.03,.20999999,.15000001,1.51,1.28,.91000003,.88999999,.34,.31999999,2.3399999,2.1300001,.20999999,.13,.55000001,.58999997,2.73,2.47,.81,.83999997,.70999998,.72000003,.56999999,.50999999,.66000003,.63,10.58529568842608,2.6390574,-7.5783978,0,10.585296,2.6390574,1,-7.5783978,0
51,51069,0,58,40,63,58,77,63,58,77,99,58,99,115,155,204,210,204,251,226,239,316,6.6592941,1.6094379,2.1972246,2.7725887,6.6200733,4.0073333,5.2417469,3.0910425,4.0073333,5.5834961,2.4849067,3.9889841,3.9120231,3.2958369,4.0073333,6.182085,5.4510384,9.4973221,3.6888795,5.556828,7.3588309,9.3460941,6.9127426,7.2964134,5.6629605,5.9053617,8.6206522,4.6347289,6.9304948,8.2281771,5.7838254,5.3278761,8.6842318,7.9783111,9.8947496,10.124349,9.8155298,9.8765783,9.8980732,9.8402815,9.967495,9.428833,9.8657341,10.027473,10.325679,9.0518131,10.079371,9.5976419,9.492507,9.7591553,9.9005327,.1,.1,.52999997,.44999999,1.21,1.1900001,1.03,1.05,.77999997,.63999999,2.3199999,2.24,.22,.14,.44,.36000001,1.83,1.8,.30000001,.34999999,.88,.88,1.72,1.74,1.52,1.17,.49000001,.49000001,.73000002,.69,1.0599999,1.1799999,10.73035673255396,3.1780539,-7.4785876,0,10.730357,3.1780539,1,-7.4785876,0
51,51071,0,2,2,6,2,7,6,6,7,6,6,6,4,5,15,8,13,11,11,5,13,5.7071104,1.6094379,1.7917595,2.9444389,5.602119,2.7725887,0,2.9957323,2.9957323,4.0943446,1.7917595,3.0445225,2.9444389,0,3.6109178,5.3565865,4.5217886,8.6170387,3.871201,3.4965076,6.401917,8.4850836,4.4067192,0,5.8493247,4.5849676,7.9752207,3.7841897,5.768321,7.8883343,0,4.7361984,7.5673456,6.8211074,9.9634533,10.029371,10.101888,9.815093,9.9788265,9.756321,0,9.6380234,9.6424475,10.183049,9.7823362,8.9978895,10.215374,0,9.4713964,9.5623341,9.6467228,.28999999,.23999999,.16,.17,1.12,.97000003,1.05,1.08,.15000001,.11,0,0,.63999999,.47999999,.28,.17,2.3099999,2.49,.31,.19,.67000002,.58999997,2.9400001,3.1900001,0,0,.64999998,.58999997,.56999999,.41999999,.80000001,.64999998,9.702961291087327,1.0986123,-8.3670712,0,9.702961,1.0986123,1,-8.3670712,0
51,51073,0,37,30,44,37,34,44,43,34,36,43,36,62,64,84,103,98,87,78,107,101,6.4281054,2.0794415,2.3978953,2.9957323,6.3647509,4.2341065,4.7273879,3.6888795,3.871201,5.0172796,1.9459101,3.583519,3.3322046,2.3025851,4.3944492,6.0637851,5.0039463,8.7673292,4.4188404,6.4630294,7.0130157,8.4307632,5.5834961,6.1548581,6.7044144,5.4889379,6.7945867,4.919981,6.182085,5.855072,4.3040652,5.7776523,8.2139235,7.2612252,9.6556034,10.012791,9.9573603,9.7657185,9.5664749,9.8178749,9.6812181,9.6499491,9.8943462,9.5633888,9.9604816,8.9096403,9.4445429,9.25177,9.4059076,9.5671749,9.5500221,.44,.49000001,2.73,3.3499999,1.78,1.99,.85000002,.79000002,.43000001,.44,1.54,1.41,1.29,1.34,.60000002,.63,.61000001,.47999999,.82999998,.83999997,.87,.95999998,.33000001,.23,.72000003,.49000001,1.58,1.84,.94,.94,1.0700001,1.0700001,10.3133098210857,2.4849067,-7.3842249,0,10.31331,2.4849067,1,-7.3842249,0
51,51075,0,42,24,38,42,52,38,48,52,55,48,55,67,63,88,122,109,121,127,149,139,5.8435445,1.7917595,0,0,5.7868972,3.8918202,4.3694477,2.1972246,0,4.5325994,0,2.8903718,1.3862944,2.3025851,4.2341065,5.4510384,4.3174882,8.026824,3.3322046,0,0,7.6492162,5.659482,6.2709885,5.0689044,0,6.508769,0,5.4510384,3.6375861,4.6347289,5.4249501,7.26473,6.1463294,9.8468647,10.048842,0,0,9.8021746,9.7620392,9.9957018,9.8093967,0,10.001839,0,9.3264332,9.8795023,10.07361,9.7454882,9.6926432,9.7000237,.31,.30000001,0,0,0,0,.81999999,.80000001,.98000002,.77999997,3.6199999,3.77,.52999997,.52999997,0,0,.95999998,.97000003,0,0,.88,1.21,.079999998,.07,2.0999999,2.72,2.3299999,3.1400001,.76999998,.70999998,.74000001,.70999998,9.558388209214396,3.0910425,-7.7140532,0,9.5583878,3.0910425,1,-7.7140532,0
51,51077,0,6,6,7,6,8,7,3,8,6,3,6,7,9,17,14,17,21,17,16,12,5.3033047,1.6094379,2.0794415,2.8903718,5.1357985,2.4849067,3.1354942,2.4849067,2.5649493,3.9889841,0,2.3025851,3.0445225,2.3978953,2.8332133,4.7535901,3.8918202,7.9926066,3.6109178,3.0910425,6.1484685,7.7964692,3.7841897,4.3694477,4.6539602,4.4886365,7.4999766,0,3.6888795,7.4259539,3.9318256,3.9889841,6.4361506,5.6276212,9.703022,9.9645824,10.007442,9.8674974,9.6598864,9.3540945,9.3849659,9.7088099,9.6881266,9.7247791,0,8.8333168,9.7424965,9.5697613,9.2909985,9.4438305,9.3422451,.41999999,.43000001,.2,.25,1.63,1.92,.98000002,.94999999,.15000001,.090000004,.56,.36000001,.36000001,.38,.47999999,.38999999,2.6800001,2.3699999,0,0,.16,.15000001,3.46,3.03,1.08,.97000003,.56999999,.56999999,.34999999,.28999999,.44999999,.34999999,9.697569781886987,0,-7.5111656,0,9.6975698,0,1,-7.5111656,0
51,51079,0,2,3,5,2,3,5,4,3,3,4,3,7,11,13,14,12,13,19,21,16,5.1647859,1.3862944,1.6094379,1.0986123,5.09375,2.5649493,4.0430512,1.7917595,2.5649493,4.3040652,0,1.9459101,0,0,2.8332133,4.4998097,3.4965076,7.4097419,3.7612002,2.1972246,5.891644,7.1220598,3.583519,5.187386,4.8121843,3.8066626,6.4052286,0,5.0369525,0,0,3.4339871,6.4520488,5.5012584,9.7457218,9.8152571,10.077021,9.8450108,9.7094173,9.9936485,9.5772724,9.6243029,9.3280344,9.8100004,0,9.1855354,0,0,9.2850771,9.6029224,9.7900953,.88,.73000002,.15000001,.18000001,2.25,2.49,.89999998,.88,.23,.25,2.27,1.72,.75999999,.69,.44,.23999999,1.61,1.48,0,0,1.0700001,1.42,0,0,0,0,.58999997,.56,.63,.58999997,.72000003,.82999998,9.239607869656751,.69314718,-7.3687258,0,9.2396078,.69314718,1,-7.3687258,0
51,51081,0,3,1,2,3,5,2,3,5,5,3,5,4,5,6,5,7,9,7,7,8,5.0304379,.69314718,0,0,4.94876,1.3862944,3.0910425,0,0,4.0073333,0,2.3025851,2.5649493,2.9957323,2.8332133,4.4543471,3.8066626,8.1309423,2.1972246,0,0,7.8578677,1.7917595,4.9126549,0,0,7.4471684,0,5.2781148,7.2320104,5.2781148,3.2580965,6.7696419,6.1180973,9.8636551,9.837348,0,0,9.8581238,8.6723146,9.5062141,0,0,9.9435253,0,9.0096922,10.001068,9.7546396,9.20924,9.6652308,9.6380882,.090000004,.059999999,0,0,0,0,.91000003,.92000002,.02,0,.83999997,.52999997,0,0,0,0,2.22,2.0799999,0,0,.66000003,.64999998,2.48,2.4000001,3.5999999,3.3399999,.23999999,.19,.41999999,.37,.64999998,.56999999,9.088511663611049,0,-7.0959105,0,9.0885115,0,1,-7.0959105,0
51,51083,0,26,22,23,26,20,23,20,20,22,20,22,33,41,42,41,60,47,57,63,67,6.059123,2.3978953,2.4849067,2.4849067,5.9738097,3.4339871,4.2484951,2.7080503,2.9957323,4.6347289,1.6094379,3.3672957,3.2188759,2.0794415,4.0775375,5.6698809,4.8675346,9.0361061,4.4067192,5.676754,6.9902563,8.8450575,5.4116459,6.1136823,4.5538769,4.59512,8.4400959,3.7612002,5.5834961,8.3243361,3.9889841,4.9052749,7.7458682,7.1204443,9.762845,9.9661341,9.9087238,9.7804718,9.7506857,9.8953037,9.6265478,9.2454176,9.657011,9.8571815,9.3603106,8.7676401,9.8793993,9.8680162,9.1195402,9.4957447,9.4211683,.33000001,.31999999,.94999999,1,1.33,1.35,.99000001,.99000001,.28,.28,1.13,.88,.11,.07,.19,.14,2.4200001,2.3,.2,.1,.36000001,.31,2.99,2.8299999,.40000001,.46000001,.5,.40000001,.44999999,.38,.70999998,.56,10.27618839305032,2.0794415,-7.5180597,0,10.276189,2.0794415,1,-7.5180597,0
51,51085,0,118,106,176,118,183,176,166,183,156,166,156,245,264,319,372,360,388,428,433,549,7.4977617,1.9459101,2.6390574,3.3322046,7.4707937,5.3033047,6.2005091,4.1896548,4.6539602,6.4707994,2.5649493,4.4543471,4.8441873,3.2188759,5.0998664,7.0121155,6.1633148,10.187387,4.8598123,6.2934194,7.6792512,10.074622,7.8747392,8.3972826,7.3783836,6.5279579,8.8791943,6.196444,8.111928,7.8232455,5.5134287,6.5985088,9.714262,8.8637571,9.9183273,10.192307,9.9596786,9.9146748,9.9159594,9.9923677,10.053931,9.5537176,10.033594,10.123345,10.369483,9.1164694,10.247042,9.9882421,9.7022276,9.8106041,9.9488907,.16,.17,.56,.52999997,.83999997,.82999998,1.0700001,1.08,1.03,.95999998,3.5,3.5899999,.61000001,.44,.41,.38,1.1900001,1.26,.72000003,.83999997,1.45,1.5,.56999999,.67000002,.57999998,.64999998,.87,1.05,1.02,1,1.29,1.47,11.05573539037015,3.6888795,-6.5377407,0,11.055736,3.6888795,1,-6.5377407,0
51,51087,0,263,215,307,263,342,307,411,342,437,411,437,562,669,797,849,912,1022,1004,1182,1562,8.6020861,1.7917595,3.0910425,3.4657359,8.5911865,6.6039438,6.6450911,6.1246834,6.4952655,6.8936563,4.2904596,5.8971539,5.32301,2.4849067,6.5395861,8.3889055,7.2513452,11.673053,6.089045,7.5928702,8.9668665,11.581546,9.8057642,8.978282,9.4468346,9.4173546,9.8618841,8.3523188,9.2499456,9.3148804,5.0304379,8.2493134,11.384149,10.17504,10.037844,10.406836,10.02096,10.100081,10.031617,10.21786,10.056252,10.084683,10.177286,10.181876,10.246474,9.1315136,10.265767,9.9198532,9.5996761,9.9956112,9.912447,.13,.14,.46000001,.41,.69,.73000002,1.09,1.1,1.61,1.67,1.42,1.29,1.1,1.2,1.6799999,1.6,.72000003,.72000003,1.41,1.29,1.02,.95999998,.57999998,.61000001,.079999998,.07,1.02,.99000001,1.23,1.28,1.08,1.0599999,12.29170432116947,4.4543471,-7.1735845,0,12.291704,4.4543471,1,-7.1735845,0
51,51089,0,11,8,15,11,9,15,11,9,8,11,8,18,14,18,20,24,37,39,30,45,6.7742238,1.3862944,2.3978953,2.8332133,6.7369671,4.1743875,4.8121843,3.2958369,0,5.3612924,0,4.2766662,4.3174882,2.7725887,4.59512,6.4457197,5.7268476,10.101724,4.1743875,6.0234475,7.4193807,10.009647,6.5638556,6.8265452,5.3612924,0,9.4792986,0,6.9847164,9.3944101,4.9628448,6.4567695,9.1219463,8.7058277,9.8173304,10.217385,9.993557,9.8489256,9.8098907,10.083431,9.8012333,9.7106915,0,9.9162064,0,8.938138,9.9247599,9.8947496,9.541441,9.6350193,9.6623077,.090000004,.1,.46000001,.5,.69999999,.73000002,1.09,1.1,.30000001,.34,.79000002,.69999999,.090000004,.079999998,0,0,2.3599999,2.25,0,0,.50999999,.49000001,3.01,2.8199999,.37,.41,.81999999,.93000001,.62,.56,1.2,1.14,10.94978848490783,1.0986123,-6.5857224,0,10.949788,1.0986123,1,-6.5857224,0
51,51091,0,2,5,8,2,5,8,4,5,4,4,4,4,3,15,9,6,10,4,10,13,4.3307333,1.0986123,0,0,4.1896548,0,0,0,0,3.2958369,0,1.3862944,0,1.9459101,2.0794415,3.6635616,2.3025851,6.363028,2.5649493,0,0,6.1047931,0,0,0,0,5.480639,0,3.0910425,0,3.7841897,2.9444389,5.3375382,3.583519,9.4582939,9.6388054,0,0,9.3719492,0,0,0,0,9.3413687,0,8.6904736,0,9.0191803,9.5067348,9.4059896,9.0454655,.75999999,.68000001,0,0,0,0,.92000002,.86000001,0,0,0,0,0,0,0,0,1.8200001,1.4,0,0,.44,.47999999,0,0,4.73,3.1600001,1.03,1.58,.58999997,.61000001,.30000001,.22,7.876638460975463,1.0986123,-7.2934699,0,7.8766384,1.0986123,1,-7.2934699,0
51,51093,0,13,17,16,13,14,16,27,14,15,27,15,28,38,38,46,53,54,47,61,72,6.0330863,2.0794415,2.1972246,2.0794415,5.9738097,3.3672957,4.2626801,2.6390574,3.583519,4.5538769,1.9459101,3.2958369,2.7725887,2.0794415,4.0775375,5.6970935,4.8362818,9.1679544,4.59512,4.2626801,6.6411819,9.0651989,6.0776424,6.2952662,4.8362818,5.4595857,8.5765934,5.3082676,5.8200831,8.4167099,5.484797,5.1532917,8.114624,7.5153446,10.094315,10.21031,10.098149,9.9759941,10.102748,10.016459,9.8496647,9.7573051,9.8055992,10.25794,10.191032,8.7936125,10.313144,9.88624,9.3653765,9.7928352,9.828063,.34999999,.30000001,.2,.18000001,.81999999,.73000002,1.08,1.1,.47,.38,1.1900001,.82999998,.13,.1,.38999999,.23999999,2.4300001,2.48,.81999999,.68000001,.41,.25999999,2.8800001,3.02,1.5700001,1.3200001,.56999999,.41,.56999999,.46000001,.93000001,.79000002,10.12874885982134,1.6094379,-7.7276807,0,10.128749,1.6094379,1,-7.7276807,0
51,51095,0,36,33,37,36,34,37,41,34,72,41,72,76,122,109,142,146,206,177,193,217,6.5834093,1.6094379,0,0,6.5294189,4.4308167,4.9904327,3.6635616,4.0073333,5.1590552,2.3025851,4.2766662,3.0910425,1.6094379,3.7612002,6.2363696,5.3375382,9.653101,3.4965076,0,0,9.4327641,6.7440591,7.115582,6.1527328,5.8749309,8.1559362,4.1271343,8.3064718,7.7057128,3.4657359,4.9272537,9.1057577,8.033658,9.8798609,9.8660975,0,0,9.8643827,10.178806,10.036838,9.6771517,9.7562628,10.444823,9.8980227,9.1688929,10.624226,9.0428677,9.6352816,9.5015907,9.5274839,.07,.059999999,0,0,0,0,.95999998,.95999998,.56999999,.66000003,1.66,1.74,.31,.25999999,.37,.27000001,.98000002,1.49,.16,.12,3,3.4100001,.87,1.54,.13,.059999999,.28,.33000001,.94999999,.70999998,.95999998,.75,10.45906663248929,2.4849067,-7.5103679,0,10.459066,2.4849067,1,-7.5103679,0
51,51097,0,4,5,6,4,4,6,9,4,6,9,6,7,12,13,11,14,14,11,9,15,4.4067192,1.3862944,0,0,4.2341065,1.3862944,2.4849067,0,0,3.5553482,0,0,2.0794415,2.7080503,2.1972246,3.5553482,2.6390574,6.5694814,3.1354942,0,0,6.1612072,2.6390574,4.2046928,0,0,5.7838254,0,0,4.8121843,4.9126549,2.3025851,5.0039463,4.2046928,9.6563711,9.8553476,0,0,9.6134691,9.8725643,9.5987949,0,0,9.6178703,0,0,9.66504,9.5830755,9.1126175,9.6037331,9.7797937,1.09,1.04,0,0,0,0,.79000002,.76999998,.2,.23,1.97,1.67,0,0,0,0,2,1.67,0,0,0,0,1.05,.88999999,11.9,11.41,.44,.38999999,.34,.34999999,.44999999,.56999999,8.746557354543503,1.0986123,-7.8223224,0,8.7465572,1.0986123,1,-7.8223224,0
51,51099,0,12,14,14,12,21,14,31,21,22,31,22,20,33,50,48,47,54,56,76,75,5.5683446,2.0794415,0,0,5.4930615,3.5553482,4.1108737,2.1972246,2.9957323,4.2626801,1.7917595,2.5649493,1.6094379,1.7917595,3.3322046,5.1416636,4.0775375,8.8172979,8.118803,0,0,7.9606724,6.9828629,5.4026775,5.3565865,4.8751974,6.196444,4.5538769,5.2364421,5.3375382,4.0943446,4.5432949,7.7727528,6.3491392,10.234732,10.479877,0,0,9.9282293,10.247467,9.5769949,9.6801567,9.5465269,9.6670685,10.290245,8.7352037,9.8103848,9.4243221,9.801178,9.9745979,9.7338848,16.799999,16.719999,0,0,0,0,.50999999,.38,1.66,1.46,.69,.31999999,.31999999,.19,.31,.13,.31999999,.16,.55000001,.43000001,.31999999,.17,.19,.1,.55000001,.25999999,.44,.43000001,.57999998,.47999999,.41,.28,9.512442967089195,1.9459101,-7.9271812,0,9.5124426,1.9459101,1,-7.9271812,0
51,51101,0,9,12,9,9,18,9,17,18,16,17,16,14,24,29,36,51,26,43,39,62,5.4510384,1.0986123,1.9459101,1.3862944,5.3890719,0,3.4657359,2.4849067,0,3.8918202,0,2.6390574,0,0,3.3672957,5.1357985,4.3307333,8.1895218,2.9957323,3.583519,6.2822666,8.0106916,0,5.46806,4.7273879,0,6.2557502,0,5.0689044,0,0,4.2195077,7.8204393,6.6982679,10.059978,10.14561,9.9872313,9.6383495,10.119446,0,10.026236,9.5003195,0,9.9089727,0,8.7347212,0,0,9.1174574,10.158401,9.5419436,.19,.16,.27000001,.23,1.53,1,1,1.08,0,0,1.38,1.1900001,.31999999,.19,0,0,.63999999,.47,0,0,.50999999,.31,0,0,0,0,.58999997,.34999999,1.14,1.36,1.09,.72000003,9.29771001811309,2.0794415,-7.4935427,0,9.2977104,2.0794415,1,-7.4935427,0
51,51103,0,8,9,20,8,16,20,22,16,34,22,34,35,34,43,48,56,42,61,60,75,6.1268692,1.6094379,1.9459101,1.7917595,6.0867748,3.6375861,4.2484951,3.5263605,3.7376697,4.6443911,1.3862944,3.2958369,3.3322046,1.6094379,4.3040652,5.8200831,4.7791233,8.330864,3.7612002,3.3322046,5.8260002,8.226841,5.529429,5.9964519,6.6883545,5.5490761,6.8167357,3.8286414,6.1506028,6.1841488,3.2580965,5.3132062,7.9473252,6.6808548,9.7064991,10.012162,10.069087,9.7546978,9.6945553,9.9613791,9.7238226,9.6975088,9.9716597,9.7933378,9.8517208,9.2981682,9.853404,9.6693459,9.3768711,9.6604605,9.6223173,.34999999,.37,.18000001,.23999999,.83999997,.88,1.08,1.08,.63,.70999998,2.03,1.85,1.97,2.03,.99000001,1.0700001,.97000003,.91000003,.43000001,.38,1.3,2.01,.70999998,.69999999,.38999999,.38,1.53,1.65,1.12,1.16,.93000001,.94999999,9.296151028389293,2.5649493,-6.6986408,0,9.2961512,2.5649493,1,-6.6986408,0
51,51105,0,17,17,15,17,17,15,21,17,17,21,17,17,12,14,14,23,21,30,16,33,5.8971539,1.7917595,2.1972246,2.9957323,5.7960577,3.2188759,3.1354942,3.1780539,3.0910425,4.2046928,1.7917595,2.8903718,2.6390574,3.4011974,3.5553482,5.5683446,4.882802,8.423542,4.0775375,5.3132062,6.8178306,8.1247435,4.7273879,5.521461,6.0450053,4.9904327,7.3907986,3.9702919,5.0689044,6.9295168,5.855072,4.3694477,7.4707937,6.6631327,9.6352816,10.008838,9.9763193,9.8328505,9.5392847,9.4680786,9.6011658,9.8026724,9.5513735,9.5583878,10.181082,8.77106,9.3389091,9.9937391,9.0740623,9.521348,9.4245644,.44,.5,1.22,1.5599999,2.0599999,2.51,.88999999,.81999999,.25999999,.19,1.15,.99000001,.94,1.16,.51999998,.38999999,1.5599999,1.25,.46000001,.57999998,.40000001,.38999999,1.37,.86000001,4.7800002,7.0799999,.54000002,.47,.63,.61000001,.82999998,.75,10.10626511789746,1.9459101,-7.5672488,0,10.106265,1.9459101,1,-7.5672488,0
51,51107,0,204,185,250,204,278,250,392,278,406,392,406,557,718,927,1105,1294,1492,1567,1741,2333,7.8083229,2.6390574,2.9444389,3.2958369,7.7836404,5.908083,6.1923623,5.0434251,5.2626901,6.4676986,3.6635616,5.1647859,4.6051702,4.0073333,5.602119,7.4713631,6.3225651,10.584815,7.5294065,6.2146082,8.4122772,10.39409,8.4711494,8.5699759,7.8107581,7.0859013,9.0197849,6.7580943,8.0176373,7.7927618,6.3473892,7.2320104,10.102421,9.276783,10.12767,10.665367,10.113708,10.175078,10.079497,10.155374,10.17279,9.9903069,10.022603,10.183767,10.509851,9.3141594,10.239781,10.028753,9.8547173,10.041553,10.118921,1.59,2.1199999,.34999999,.31,1.17,1.23,.99000001,.95999998,1.26,1.12,2.8,2.6199999,.63,.56999999,.47999999,.36000001,.92000002,.83999997,.85000002,.93000001,.88,.91000003,.37,.34999999,.89999998,.83999997,1.1,1.25,1.01,1.01,1.3099999,1.4400001,11.36360145135938,4.4659081,-6.6369524,0,11.363602,4.4659081,1,-6.6369524,0
51,51109,0,12,14,13,12,21,13,29,21,28,29,28,20,30,47,51,69,59,74,60,69,5.9348941,1.9459101,1.9459101,1.7917595,5.8833222,3.713572,4.5747108,2.5649493,3.2958369,4.94876,1.3862944,2.9444389,3.2580965,2.9444389,3.5263605,5.3844953,4.356709,8.6675081,3.7612002,4.9698133,6.5944133,8.4957657,5.6347895,6.6320019,5.0434251,5.2983174,7.698483,3.1354942,5.3327188,7.1974354,4.7004805,4.4998097,7.8969245,7.4581861,10.029768,10.049145,10.001567,9.7544651,10.065691,10.054318,10.069426,9.2609386,9.9585438,9.9005327,9.6443281,8.8631916,9.8055992,9.7161932,9.1099672,10.183314,10.385141,.25,.2,.68000001,.60000002,1.29,.98000002,1.01,1.0599999,.5,.44999999,2.74,2.55,.27000001,.13,.55000001,.41999999,1.67,1.27,.15000001,.079999998,.41,.30000001,1.4,.94,1.1799999,.88999999,.49000001,.28999999,.75999999,.95999998,1.4400001,2.28,9.919606934416011,2.7725887,-7.5202079,0,9.9196072,2.7725887,1,-7.5202079,0
51,51111,0,4,5,5,4,6,5,7,6,6,7,6,9,5,15,8,21,16,20,14,25,5.5174527,2.0794415,1.9459101,2.6390574,5.3936276,2.7725887,3.6109178,2.0794415,2.3025851,4.2626801,0,0,2.9444389,2.7080503,3.3322046,5.0106354,4.3307333,8.0671492,3.5263605,2.8332133,6.1590953,7.8875842,4.1743875,5.7776523,3.4965076,3.9318256,7.5191498,0,0,7.284821,4.1271343,4.1431346,6.7117405,6.3135481,9.5578232,9.9827604,10.044726,9.6987972,9.5194416,9.4789162,9.8960094,9.5675955,9.6645317,9.5819035,0,0,9.5091105,9.2696466,8.9823103,9.3634043,9.3952417,.36000001,.43000001,.15000001,.20999999,1.53,1.76,1,.98000002,.20999999,.17,2.1199999,2.6600001,.11,.11,.25999999,.23,2.54,2.25,0,0,0,0,2.79,2.24,1.21,.94999999,.62,.51999998,.41999999,.38,.83999997,.79000002,9.343033913701648,0,-7.6668711,0,9.3430338,0,1,-7.6668711,0
51,51113,0,16,18,13,16,17,13,12,17,20,12,20,22,22,35,40,36,42,44,41,43,5.433722,1.9459101,0,0,5.3565865,2.8903718,4.0253515,2.4849067,0,4.4543471,0,2.3025851,2.8332133,2.5649493,3.2188759,4.8362818,3.9318256,7.5878172,4.3820267,0,0,7.3258076,3.9512436,5.0998664,5.1929569,0,6.5624442,0,5.0498562,6.0867748,4.6443911,3.8918202,6.6982679,5.817111,9.552866,9.8347807,0,0,9.4792213,9.6792183,9.557682,9.3264332,0,9.554285,0,9.0229263,9.5579643,9.5327864,9.2478285,9.4088631,9.5462408,1.37,1.42,0,0,0,0,.92000002,.87,.27000001,.27000001,1.74,1.5700001,.93000001,.76999998,0,0,1.58,1.36,0,0,.91000003,1.24,1.36,1.15,3.29,3.3199999,.77999997,.86000001,.67000002,.63,.81999999,.91000003,9.388402871849754,2.0794415,-7.5095596,0,9.3884029,2.0794415,1,-7.5095596,0
51,51115,0,6,11,8,6,11,8,13,11,12,13,12,12,26,18,13,21,25,23,22,31,5.2417469,1.0986123,0,0,5.1929569,2.8332133,3.4657359,1.6094379,0,3.8286414,0,2.7080503,2.1972246,1.6094379,3.4657359,4.8903489,4.0253515,7.2063775,3.6109178,0,0,6.9304948,3.9318256,4.4426513,2.9957323,0,5.7776523,0,4.7095304,5.1179938,4.2626801,4.6347289,6.5525079,5.7557421,9.5142899,9.7262726,0,0,9.4439888,9.5481691,9.5036068,8.9598255,0,9.5611382,0,8.7945223,9.704915,9.2080374,9.3397007,9.3850498,9.4767733,.93000001,.88,0,0,0,0,.91000003,.86000001,.38999999,.34999999,1.3200001,1.1799999,.15000001,.090000004,0,0,1.05,.94999999,0,0,.94999999,1.0700001,.75999999,.76999998,3.29,2.49,2.4000001,3.02,.85000002,.81,1.13,1.21,9.029777268197092,1.3862944,-7.6313348,0,9.0297775,1.3862944,1,-7.6313348,0
51,51117,0,28,29,28,28,23,28,24,23,23,24,23,21,33,47,58,57,77,67,46,79,6.6039438,2.3978953,2.7725887,3.0445225,6.5381398,3.7376697,4.5217886,3.6888795,3.9702919,5.0304379,2.3025851,3.871201,3.6888795,3.0445225,4.6539602,6.2878585,5.484797,9.5117779,4.5108595,6.6227365,7.0732698,9.3496675,6.7522702,6.2045579,6.8221974,5.7004437,8.6401186,4.6051702,6.872128,8.5085564,5.3033047,5.521461,8.672657,7.8050671,9.6139374,10.085434,9.952754,9.6793432,9.5751228,10.063606,9.660779,9.749054,9.8123589,9.5742884,10.00374,8.7313366,9.5719233,9.3944101,9.0724564,9.5759554,9.4928093,.23,.28,1.52,1.9400001,.89999998,.95999998,1.02,.99000001,.66000003,.89999998,.76999998,.72000003,.69,.81999999,.34999999,.36000001,1.84,1.53,.28999999,.31999999,.81999999,.79000002,2.24,1.8099999,.93000001,.76999998,.57999998,.50999999,.70999998,.74000001,.88,.86000001,10.28332711300532,2.7725887,-8.0401373,0,10.283327,2.7725887,1,-8.0401373,0
51,51119,0,18,17,10,18,17,10,19,17,35,19,35,25,25,38,31,32,30,36,35,40,5.5984221,1.6094379,1.9459101,1.7917595,5.529429,3.1780539,3.6635616,2.4849067,3.1354942,4.1108737,0,3.4657359,0,0,3.4657359,5.2522736,4.2046928,7.7021046,3.4011974,5.3423343,6.0185933,7.3550019,4.3040652,5.0434251,5.4071717,4.6821313,6.0378709,0,5.4510384,0,0,4.356709,7.04316,6.0137153,9.5793486,9.8744707,9.889287,9.7205257,9.4796801,9.3520136,9.6371756,8.9421997,9.8613625,9.6716814,0,9.2102404,0,0,9.4680014,9.3990583,9.5246401,.46000001,.47999999,2.5799999,3.1900001,1.91,2.2,.83999997,.77999997,.34999999,.23999999,1.47,1.39,1.02,.56,.77999997,.86000001,.82999998,.79000002,0,0,1.21,1.9400001,0,0,0,0,1.11,1.49,.85000002,.76999998,.88999999,.94,9.06566136060674,1.7917595,-7.782105,0,9.0656614,1.7917595,1,-7.782105,0
51,51121,0,53,67,63,53,69,63,84,69,83,84,83,111,108,124,158,160,181,176,187,212,7.1921821,2.5649493,0,0,7.1260872,5.0625949,5.0751739,4.59512,4.7004805,5.4071717,2.7725887,4.89784,3.9702919,2.3025851,5.0625949,6.9285378,5.8464389,10.308753,5.2257466,0,0,9.9379377,7.1514854,6.9392538,7.3231707,6.7592554,9.0556726,5.4510384,8.0073671,8.9173107,4.3174882,6.6411819,9.4037666,8.4073782,9.9010344,10.213396,0,0,9.7556829,9.9285212,9.7199249,9.7710981,9.7474766,10.05608,9.7704706,8.885026,10.096419,9.8773489,9.4070578,9.4714727,9.4154825,.20999999,.22,0,0,0,0,.81999999,.72000003,.44,.38999999,.72000003,.54000002,.50999999,.47,.46000001,.33000001,1.25,1.27,.30000001,.2,1.15,.97000003,1.52,1.55,.16,.16,.80000001,.73000002,.66000003,.47,.72000003,.49000001,11.21064400486183,3.3322046,-7.5173054,0,11.210644,3.3322046,1,-7.5173054,0
51,51125,0,7,6,5,7,15,5,18,15,15,18,15,23,18,13,15,22,40,40,25,39,5.5834961,1.6094379,0,0,5.521461,3.2580965,3.871201,2.1972246,2.7080503,4.4308167,1.0986123,2.7725887,2.6390574,3.0910425,3.4011974,5.1179938,4.2195077,7.922986,3.8918202,0,0,7.7164607,4.6821313,5.6629605,4.9904327,4.4998097,6.7250338,2.8903718,6.4101748,5.7868972,5.3890719,4.7621741,7.2527623,5.7807436,9.6824045,9.9522305,0,0,9.6485949,9.6723118,10.104712,9.3962393,10.2329,9.8116465,10.317912,9.3616009,9.6876297,9.4911489,9.4831114,9.5382042,9.5287218,.60000002,.61000001,0,0,0,0,.97000003,.94999999,.41,.34999999,2.1900001,2.99,.54000002,.41999999,.51999998,.75,1.33,1.3,.25999999,.37,2.54,4.27,.72000003,.61000001,4.9499998,4.23,1.33,1.63,.83999997,.79000002,.56999999,.54000002,9.455480221162288,1.0986123,-7.5236902,0,9.4554806,1.0986123,1,-7.5236902,0
51,51127,0,15,11,13,15,17,13,24,17,15,24,15,31,38,57,41,54,66,55,70,88,5.2040067,1.3862944,0,0,5.1179938,2.8903718,3.7841897,0,0,4.1743875,0,2.5649493,0,0,2.8903718,4.6151204,3.6888795,7.448916,3.4011974,0,0,7.1530519,3.6375861,5.3659759,0,0,6.0661082,0,4.6728287,0,0,3.9889841,6.7417006,5.768321,9.7883568,10.045465,0,0,9.7321062,9.626152,9.9283266,0,0,9.8199425,0,9.0327673,0,0,9.3918285,9.6843357,9.5136986,.58999997,.58999997,0,0,0,0,.88999999,.85000002,.23,.17,2.6099999,2.7,0,0,0,0,1.1,.98000002,0,0,.72000003,.77999997,0,0,0,0,.99000001,.99000001,.81,.79000002,.89999998,.75999999,9.253878673990666,2.3025851,-7.6139908,0,9.2538786,2.3025851,1,-7.6139908,0
51,51131,0,13,14,10,13,23,10,22,23,25,22,25,21,32,36,45,48,45,44,37,50,5.7745514,1.6094379,2.1972246,2.1972246,5.7004437,2.9444389,3.5553482,2.9957323,0,4.2766662,0,3.0910425,2.7080503,3.0910425,3.8286414,5.4249501,4.5849676,8.4151602,3.871201,4.7184987,6.7615728,8.1579437,3.713572,4.934474,6.6424866,0,7.1372786,0,5.9939613,6.6669569,5.8081427,4.7957907,7.7106533,6.6267176,9.5219345,10.109037,9.9693689,9.7759953,9.4156456,9.7067423,9.7348318,9.7357197,0,9.3157806,0,8.7772474,9.2964268,9.1267414,9.0145683,9.4678469,9.3853016,.36000001,.50999999,.68000001,.95999998,1.97,2.54,.92000002,.83999997,.090000004,.1,.64999998,.72000003,1.73,2.22,0,0,1.22,.86000001,0,0,1.02,1.13,1.0599999,.70999998,4.5999999,3.21,.83999997,.75999999,.81,.82999998,.81,.77999997,9.47738596957752,1.7917595,-7.786489,0,9.4773855,1.7917595,1,-7.786489,0
51,51133,0,9,13,12,9,11,12,18,11,18,18,18,10,11,16,22,22,25,22,21,34,5.6937323,1.9459101,1.9459101,2.5649493,5.5984221,3.1354942,0,1.7917595,2.9444389,4.5325994,1.3862944,2.7725887,3.4657359,0,3.7612002,5.1817837,4.2195077,7.6449194,3.6375861,2.5649493,5.7235851,7.4570322,4.9052749,0,3.9318256,4.5849676,6.763885,2.5649493,4.8520303,6.4068799,0,4.6821313,6.763885,5.811141,9.7886381,9.9764595,9.8412399,9.8101654,9.7797937,9.7492867,0,9.8761168,10.048929,9.9316864,9.1566229,9.1510153,10.000887,0,9.4054136,9.6006241,9.5300293,.61000001,.57999998,.17,.16,1.51,1.54,.99000001,1,.67000002,.56,0,0,.25,.28,.75,.80000001,1.8200001,1.8200001,.23999999,.1,.70999998,.87,1.77,1.84,0,0,1.62,1.65,.68000001,.61000001,.76999998,.66000003,9.261413642160184,2.3978953,-7.7613187,0,9.2614136,2.3978953,1,-7.7613187,0
51,51135,0,5,3,6,5,3,6,2,3,3,2,3,7,2,6,8,9,7,7,13,19,5.9401712,2.3025851,2.5649493,2.8903718,5.8260002,2.8332133,3.7612002,2.9957323,3.0445225,4.2484951,1.9459101,3.2958369,2.7080503,2.4849067,4.1896548,5.5947113,4.7273879,8.6578245,6.0234475,6.8308744,6.1333981,8.2827358,4.2195077,5.3375382,6.2205901,5.0304379,7.2011709,3.871201,5.869297,6.7345915,5.6733232,4.934474,7.8690195,7.20786,9.6952944,10.07078,9.9022865,9.919755,9.5552063,9.8924265,9.5219345,9.5681543,9.750453,9.6852694,10.096914,8.7863035,9.6870089,9.7831259,9.1527109,9.4813595,9.5165739,2.4200001,2.75,4.4000001,4.9099998,.81999999,1.03,.81999999,.72000003,.12,.13,.75999999,.56999999,.88999999,.81,.43000001,.37,1.02,.88,.33000001,.36000001,.70999998,.66000003,.88999999,.74000001,3.1500001,3.5599999,.75999999,.66000003,.75,.64999998,1.13,1.05,9.615338704494903,0,-9.8003492,0,9.6153383,0,1,-9.8003492,0
51,51137,0,5,1,3,5,1,3,2,1,6,2,6,1,7,3,11,16,18,8,11,20,6.2402759,1.9459101,2.3025851,2.3978953,6.1862087,3.6888795,4.7791233,3.0445225,3.6635616,5.0751739,1.3862944,3.3322046,3.2188759,2.7725887,4.0775375,5.7868972,4.9052749,8.8490839,4.0253515,5.572154,6.8532991,8.6487474,5.1929569,6.6385679,5.9914646,5.187386,7.9620671,4.4998097,5.869297,7.58883,4.8675346,5.7071104,7.9490914,7.192934,9.7763929,10.070696,9.9335318,9.8071966,9.7598476,9.670104,9.780529,9.5979805,9.8235779,9.9387579,9.89606,8.7308521,10.009153,9.6523943,9.3635759,9.5387087,9.6091833,.27000001,.28,1.03,1.09,1.4,1.4400001,.98000002,.98000002,.27000001,.20999999,2.3,2.0699999,.57999998,.50999999,.41,.36000001,1.8099999,1.84,.50999999,.41999999,.58999997,.47999999,1.73,1.84,1.16,1.0599999,1.36,1.34,.67000002,.56999999,.92000002,.87,9.972127028252816,.69314718,-7.7216907,0,9.972127,.69314718,1,-7.7216907,0
51,51139,0,15,14,14,15,34,14,17,34,27,17,27,35,30,52,57,46,61,45,55,55,6.0354815,2.1972246,2.3025851,2.6390574,5.9532433,3.9318256,4.4067192,2.9957323,3.2958369,4.6634393,1.3862944,3.6635616,2.8332133,1.9459101,3.6109178,5.6312118,4.6051702,8.656085,4.9126549,5.0106354,6.5176711,8.4726143,5.0369525,6.0402546,5.9635792,5.1704841,7.7310534,4.0943446,6.7464123,7.5049419,3.7376697,4.8202815,7.8252454,6.617403,9.5935602,10.146159,10.021759,9.7615204,9.5278482,9.3281231,9.609787,9.643939,9.642642,9.6431608,9.9282293,9.1399183,9.6516228,9.6015711,9.2841482,9.4100103,9.4609432,.80000001,1.08,.70999998,.99000001,1.21,1.4299999,.99000001,.94999999,.28,.19,1.53,1.39,.69,.75,.49000001,.43000001,1.74,1.58,.41,.41999999,1.71,2.51,1.9299999,1.72,.46000001,.47,.68000001,.75,.72000003,.64999998,.63,.61000001,9.98460660382092,2.4849067,-7.7743034,0,9.9846067,2.4849067,1,-7.7743034,0
51,51141,0,10,11,16,10,18,16,16,18,15,16,15,12,27,24,25,23,26,30,33,31,5.6835799,1.9459101,2.0794415,1.7917595,5.6094718,2.9957323,3.6109178,2.7080503,3.2580965,4.4998097,1.3862944,3.2580965,3.5553482,2.9444389,3.0445225,5.209486,4.2626801,8.5650301,3.9318256,3.583519,6.3716121,8.4279251,5.4595857,5.3981628,5.9026332,4.6821313,7.9651985,4.0073333,5.6240177,7.8308229,4.94876,4.1588831,7.4348478,6.3767271,9.623641,10.007712,9.9375992,9.6397171,9.6134024,9.4567318,9.8342447,9.6706724,9.5464554,9.7163744,9.344696,8.984067,9.7113581,9.6025171,9.3411055,9.4096012,9.3521872,.33000001,.38,.19,.23,1.15,1.17,1.04,1.05,.47,.34,.88,.98000002,.70999998,.76999998,.33000001,.25,2.4100001,2.29,.41,.23,.61000001,.74000001,2.9300001,2.6900001,1.6799999,1.7,.38,.44,.52999997,.46000001,.54000002,.46000001,9.768412111339039,1.3862944,-7.6083913,0,9.7684116,1.3862944,1,-7.6083913,0
51,51143,0,17,12,22,17,30,22,29,30,21,29,21,23,34,34,55,45,61,46,41,69,6.6618547,2.4849067,2.1972246,3.0910425,6.6066504,3.9889841,5.1416636,3.4965076,3.6888795,5.4930615,2.0794415,3.871201,3.9889841,2.8903718,4.6347289,6.20859,5.3612924,9.5873375,4.7095304,5.4161005,7.3485875,9.4484911,5.8435445,7.0553126,6.4232469,5.1416636,9.0686617,4.356709,6.2653012,8.9138193,4.4659081,5.7868972,8.2965469,7.5750718,9.9387579,10.054104,9.9852514,9.9548931,9.9348412,9.913784,9.713356,9.5720625,9.7379637,10.066074,10.034647,8.9801722,10.115085,9.6584177,9.8310242,9.5731764,9.5332928,.25999999,.22,.41999999,.40000001,1.1,1.11,1.04,1.05,.25,.20999999,1.67,1.1900001,.43000001,.31,.19,.13,2.6199999,2.5699999,.20999999,.17,.41999999,.37,3.1099999,3.1300001,.37,.28999999,.69999999,.94,.44999999,.34,.64999998,.47999999,10.92692719992733,1.7917595,-7.5860505,0,10.926928,1.7917595,1,-7.5860505,0
51,51145,0,1,1,1,1,1,1,2,1,2,2,2,2,2,3,3,3,4,3,4,5,5.6664267,1.3862944,0,0,5.6058021,3.4965076,4.6443911,2.3978953,2.4849067,4.7791233,1.0986123,1.3862944,2.0794415,1.9459101,3.1354942,5.0304379,4.2195077,8.0882549,3.2958369,0,0,7.4163785,4.9416423,6.4052286,4.934474,4.4543471,6.5985088,3.4011974,3.5263605,4.2904596,4.0253515,3.9318256,6.8341088,6.1070228,9.8410273,9.9959297,0,0,9.7383766,9.6354122,9.8580198,9.3965712,9.9046373,9.8480806,10.345027,9.0938063,9.8481331,9.7340622,9.3169498,9.6423826,9.6493044,.28,.25,0,0,0,0,.61000001,.56,.44999999,.31999999,3.8900001,3.55,.43000001,.28999999,.41999999,.37,.99000001,.86000001,.36000001,.44999999,.12,.13,.14,.12,1.0700001,1,.49000001,.43000001,.47,.41999999,.67000002,.61000001,9.637436500210642,0,-7.2814546,0,9.6374369,0,1,-7.2814546,0
51,51147,0,20,14,12,20,15,12,19,15,27,19,27,17,23,35,43,51,68,63,56,63,6.1737862,1.9459101,2.7725887,2.1972246,6.1047931,3.4965076,3.8286414,3.7612002,3.7841897,4.2766662,1.9459101,3.7376697,2.7080503,2.3978953,4.0775375,5.9295893,5.0039463,8.9093704,4.5217886,6.6280413,6.3368258,8.6976795,5.433722,5.9814143,7.2218356,5.4467373,7.3225102,5.0814042,6.6515718,6.9431224,4.4188404,5.2257466,8.4060383,7.3284373,9.6742001,10.25513,10.122985,9.8005133,9.5730371,9.4586058,9.8573914,9.7562046,9.7539425,9.6333179,10.037756,8.6678524,9.5553474,9.329545,9.4097652,9.5517292,9.5749836,.41999999,.57999998,2.8,3.97,.77999997,.88999999,.97000003,.88999999,.31999999,.23,1.12,1.21,1.88,2.1199999,.5,.44999999,.89999998,.75,.85000002,.91000003,1.2,1.02,.85000002,.63999999,.69999999,.50999999,.79000002,.91000003,.99000001,.94999999,.99000001,1,9.759617182116425,1.3862944,-7.5956798,0,9.7596169,1.3862944,1,-7.5956798,0
51,51149,0,2,3,2,2,4,2,5,4,5,5,5,11,16,13,8,22,12,15,16,24,5.6629605,2.6390574,1.3862944,2.9444389,5.5254531,3.2188759,0,0,0,4.5747108,0,3.3322046,3.0910425,0,3.1780539,5.0434251,3.9512436,9.1864576,8.4949474,2.8332133,6.7990561,8.2837467,6.6359468,0,0,0,6.6515718,0,6.6871085,5.6489744,0,4.4886365,8.0662079,7.1372786,10.187161,10.459095,10.03675,9.9788265,9.7673817,9.6750803,0,0,0,9.930665,0,9.1482525,10.081215,0,9.5485258,9.7233438,10.040899,16.92,17.290001,.050000001,.039999999,.94,.76999998,.47999999,.31999999,.81,.41999999,0,0,0,0,0,0,.34999999,.23,0,0,.94999999,.77999997,.18000001,.13,0,0,.28999999,.23,.54000002,.37,.62,.60000002,10.21807929029477,.69314718,-8.1287565,0,10.21808,.69314718,1,-8.1287565,0
51,51153,0,180,168,180,180,262,180,219,262,310,219,310,427,502,675,822,887,1011,1097,1286,1860,8.1297646,2.6390574,2.9957323,3.4339871,8.1104269,6.0014148,6.658011,5.32301,5.7004437,6.8079348,3.7376697,5.556828,4.6821313,2.8903718,5.6664267,7.7931743,6.8308744,10.916251,8.1010714,6.8596148,9.0556726,10.651265,8.1071177,8.7601395,7.95015,7.8107581,9.1414185,7.2377782,8.7738485,7.9160781,5.3844953,7.6463537,10.401592,9.5710173,9.9390965,10.153818,10.167235,10.205959,9.848609,9.9590645,10.156617,9.9490347,9.8526154,10.184409,10.106183,9.009325,10.247892,10.162191,9.6621161,9.7284794,9.790823,2.02,1.95,.47,.54000002,1.6,2.0899999,.92000002,.85000002,.63,.55000001,2.4300001,2.7,.51999998,.55000001,.72000003,.54000002,.74000001,.81999999,.99000001,.87,1.35,1.24,.30000001,.34999999,.25,.31999999,1.1900001,1.35,.98000002,.86000001,1.26,1.2,12.28157892531024,4.4308167,-7.4726973,0,12.281579,4.4308167,1,-7.4726973,0
51,51155,0,8,2,17,8,10,17,9,10,9,9,9,10,10,22,20,22,31,34,33,40,6.4661446,1.9459101,2.8332133,3.6375861,6.3647509,3.7376697,4.4426513,3.9512436,3.8501475,4.94876,2.1972246,3.9702919,3.8918202,1.9459101,4.2341065,6.0867748,5.1298985,9.5091848,4.2046928,6.1355648,7.1716566,9.3632336,5.5254531,6.4101748,7.1906762,5.5012584,8.7876778,4.6821313,6.5792513,8.6788015,4.2195077,5.6347895,8.5369959,7.6820216,9.8137274,10.163773,9.9632645,9.813344,9.8049374,9.5652142,9.6831522,9.8576002,9.900032,9.9056349,9.5672455,8.7723007,9.9294968,9.5394287,9.2507143,9.6586733,9.742732,.17,.18000001,.94,.99000001,.99000001,.99000001,1.03,1.04,.19,.13,.94999999,.74000001,1,1.09,.28999999,.25999999,2.1400001,2.02,.31,.18000001,.62,.5,2.6600001,2.51,.31,.25,.64999998,.56,.62,.57999998,.77999997,.80000001,10.44859865426867,1.0986123,-7.505126,0,10.448599,1.0986123,1,-7.505126,0
51,51157,0,15,9,12,15,16,12,21,16,22,21,22,14,33,33,40,37,54,53,44,51,4.9767337,1.3862944,0,0,4.7957907,2.4849067,3.6888795,1.3862944,1.9459101,3.9512436,0,2.0794415,0,1.9459101,2.4849067,4.2341065,3.2188759,7.0175061,3.9120231,0,0,6.72263,3.2188759,4.7004805,4.2195077,3.0910425,5.9939613,0,4.7361984,0,3.5553482,3.2188759,6.0637851,5.1298985,9.6531658,9.9059849,0,0,9.614872,10.076054,9.7745171,9.6101227,9.7366066,9.5237637,0,9.7528973,0,9.5721321,9.1372318,9.6929522,9.6852074,1.51,1.53,0,0,0,0,.88999999,.87,.23,.31,2.0699999,2.0899999,.62,.62,.31999999,.28,1.58,1.2,0,0,1.1799999,3,0,0,1.96,1.88,.69999999,.63,.63,.70999998,.73000002,.83999997,8.798152718107191,1.9459101,-7.4605107,0,8.7981529,1.9459101,1,-7.4605107,0
51,51159,0,1,1,1,1,1,1,1,1,1,1,1,1,1,1,1,1,1,1,1,1,5.4205351,2.0794415,2.7725887,1.3862944,5.2933049,2.8332133,3.5553482,2.3978953,0,3.9702919,0,2.1972246,2.0794415,2.3025851,3.4657359,4.9904327,4.1108737,7.8743587,3.4339871,5.7137327,5.4205351,7.6348205,4.3174882,4.8520303,5.5333896,0,6.4264884,0,3.8501475,6.1025586,3.7376697,4.2904596,7.2800083,6.4313312,9.8140554,10.031221,9.9159594,9.9026871,9.7840843,10.105163,9.6484013,9.4395456,0,9.6091166,0,9.3377657,9.6168051,9.3814325,9.2402878,9.8501921,9.7073507,.40000001,.38999999,3.1500001,3.1700001,.88,.95999998,.94,.93000001,.30000001,.34999999,1.02,.77999997,.98000002,.69999999,0,0,1.03,.73000002,0,0,.20999999,.28999999,1.04,.72000003,1,.67000002,.87,.73000002,.91000003,1.02,1.14,1.14,8.89192414015454,0,-7.9618168,0,8.8919239,0,1,-7.9618168,0
51,51161,0,79,50,99,79,68,99,78,68,89,78,89,93,136,136,137,144,147,187,162,197,7.1404529,1.7917595,2.7725887,3.4657359,7.097549,5.1298985,0,4.5325994,4.7791233,5.6131282,2.1972246,4.4886365,4.0943446,0,4.7791233,6.8405466,5.8200831,10.147296,4.3694477,6.2878585,8.0046997,9.9946527,8.3123808,0,8.0313854,7.776535,8.5235729,6.2265368,7.4048877,8.0802374,0,6.4345465,9.7337074,8.4274874,9.924221,10.134004,10.021981,9.9743652,9.913784,10.079329,0,9.9820681,9.9925508,10.045074,10.319959,8.9976425,10.100122,0,9.4574347,9.871068,9.6970778,.1,.1,.57999998,.57999998,1.21,1.27,1.03,1.03,1.66,1.6799999,0,0,1.23,1.35,1.5,1.33,.87,.83999997,.77999997,.86000001,.74000001,.68000001,.76999998,.77999997,0,0,.76999998,.72000003,1.09,1.12,.87,.76999998,11.28139685712158,3.5263605,-7.753768,0,11.281397,3.5263605,1,-7.753768,0
51,51163,0,3,2,7,3,7,7,5,7,6,5,6,13,14,15,27,20,15,17,33,29,5.7333412,1.6094379,2.1972246,0,5.6733232,2.3978953,4.0943446,2.1972246,0,4.5538769,0,3.7376697,3.0445225,2.6390574,3.4657359,5.2781148,4.3307333,8.6659584,4.1588831,5.7235851,0,8.4980106,5.529429,6.0306854,3.8286414,0,7.8446326,0,6.7499313,7.6328855,4.2626801,4.7791233,7.7634463,6.8200164,9.7035723,9.9634056,9.9771099,0,9.6630068,10.268894,9.6496267,9.6036654,0,9.7864475,0,8.9824352,9.8213005,9.4539919,9.4010429,9.5093336,9.5265369,.37,.37,1.4400001,1.72,0,0,1.01,.98000002,.44999999,.69,1.5,1.28,.079999998,.079999998,0,0,1.9299999,1.8099999,0,0,1.7,1.91,2.1700001,2.0599999,.75999999,.61000001,.63999999,.70999998,.67000002,.60000002,.75999999,.70999998,9.817384853482716,0,0,0,9.8173847,0,0,0,0
51,51165,0,39,44,55,39,56,55,50,56,61,50,61,89,84,118,132,134,122,132,140,157,6.985642,2.5649493,2.1972246,3.3322046,6.9382844,4.3438053,5.4971681,4.0430512,4.0430512,5.9269261,2.0794415,4.1271343,4.4886365,3.7376697,4.8202815,6.4861608,5.5984221,9.9674006,5.1817837,5.480639,7.4960976,9.8574963,6.4002576,7.5822291,7.1631722,6.0112672,9.3298998,5.32301,7.1340938,9.0683155,6.4457197,5.9454207,8.9658451,8.2133818,9.8613625,10.085684,10.065181,9.8981733,9.8525629,10.050311,9.8869009,9.6221189,9.534668,9.9006338,9.6575871,9.0001135,9.9156141,9.7207661,9.4727812,9.7790575,9.9954281,.28,.27000001,.31,.34,.87,.89999998,1.0700001,1.08,.28999999,.31,1.9299999,1.77,.62,.5,.31,.18000001,2.3199999,2.0899999,.38,.23,.68000001,.66000003,2.48,2.21,1.84,1.66,.56,.56999999,.60000002,.60000002,.83999997,1.0599999,10.95922713429884,2.7080503,-7.6245203,0,10.959228,2.7080503,1,-7.6245203,0
51,51167,0,24,22,16,24,18,16,14,18,29,14,29,16,29,27,30,31,33,44,38,51,6.0707378,1.7917595,2.5649493,3.0910425,5.9738097,3.583519,3.6888795,3.4657359,3.3322046,4.3174882,1.6094379,2.9957323,2.8332133,2.8903718,3.8066626,5.7620516,5.0369525,8.7593546,4.0943446,5.3706379,6.9127426,8.5350332,5.817111,5.4722705,6.2672005,5.3327188,7.759614,4.2195077,5.5834961,7.2189097,6.6080008,4.9052749,7.9182649,7.0967212,9.8549271,10.089261,10.03863,9.8185282,9.8503504,10.158982,9.7634783,9.656435,9.9285707,9.9680576,9.9382267,8.8779402,9.4299574,10.570291,9.463974,9.737669,9.7316904,.31999999,.31,.92000002,1.01,1.62,1.5599999,.95999998,.95999998,.55000001,.63999999,.77999997,.63999999,.83999997,.72000003,.51999998,.46000001,1.62,1.5599999,.41999999,.34,.47999999,.41999999,1.3099999,.72000003,7.2600002,15.34,.67000002,.68000001,.70999998,.68000001,.92000002,.89999998,10.26350191440691,2.3025851,-7.9097242,0,10.263502,2.3025851,1,-7.9097242,0
51,51169,0,6,13,12,6,6,12,11,6,11,11,11,9,9,26,19,28,19,20,21,27,5.7235851,1.9459101,2.3025851,3.2188759,5.5759492,0,2.9444389,2.9444389,3.1780539,3.9318256,0,3.2580965,2.8903718,2.6390574,3.4011974,5.3612924,4.5643482,8.3211784,4.0430512,4.7449322,6.7557688,8.0323601,0,4.3944492,5.4930615,5.1239638,7.2063775,0,5.5451775,7.0842266,4.3174882,5.0106354,7.4558768,6.6982679,9.6803436,10.089926,9.996932,9.7588663,9.6332521,0,9.7693844,9.4416103,9.9141312,9.8157482,0,8.8562336,9.8332796,9.5515871,9.5577526,9.4635859,9.4381132,.47,.55000001,.76999998,.94999999,2.1500001,2.3199999,.89999998,.87,0,0,.41,.40000001,.60000002,.49000001,.64999998,.69,1.4400001,1.4299999,0,0,.72000003,.73000002,1.77,1.74,1.14,1.03,1.15,1.52,.69,.60000002,.94999999,.82999998,10.05207995658595,1.0986123,-7.7635832,0,10.05208,1.0986123,1,-7.7635832,0
51,51171,0,42,31,29,42,39,29,48,39,43,48,43,103,77,116,134,101,208,130,132,147,6.605298,2.3025851,2.3025851,2.1972246,6.5652652,3.8918202,5.0039463,3.871201,4.1271343,5.3327188,2.5649493,4.0073333,3.7612002,2.7080503,4.3307333,6.2225761,5.3132062,9.4333239,4.9698133,5.3890719,6.9236288,9.316411,5.3423343,6.4232469,6.8679743,5.8493247,8.6837244,5.6869755,6.8405466,8.5221806,5.57973,5.602119,8.5589104,7.6943927,9.7429075,10.085476,9.952611,9.8279552,9.7247791,9.4318027,9.6759596,9.5521555,9.724122,9.8634462,9.7646847,8.9415455,9.8964128,9.592742,9.3062868,9.5402193,9.6855183,.38999999,.43000001,.47999999,.54000002,.83999997,.91000003,1.0599999,1.0599999,.17,.11,1.03,.87,.77999997,.67000002,.44,.36000001,2.0799999,2.02,.92000002,.69999999,.86000001,.89999998,2.45,2.4100001,1.3200001,1.1799999,.68000001,.66000003,.68000001,.61000001,.85000002,.88999999,10.36205099163931,3.0910425,-7.6360731,0,10.362051,3.0910425,1,-7.6360731,0
51,51173,0,9,12,14,9,16,14,18,16,20,18,20,13,18,28,23,30,24,19,24,26,6.4876842,2.3025851,2.7725887,3.2580965,6.4052286,3.6888795,4.3174882,3.9512436,3.7376697,4.8598123,2.3025851,3.9318256,3.8066626,2.3025851,4.1743875,6.1675167,5.3798971,9.5240555,4.6821313,6.7250338,7.0992017,9.3529682,6.3135481,6.3225651,6.9508147,5.3659759,8.8295193,4.4308167,6.3561077,8.7372923,3.8066626,5.6347895,8.4553175,7.5760975,9.7762222,10.097984,10.026855,9.9030876,9.7371969,9.9046869,9.6743889,9.7611752,9.9168482,9.8275242,9.8337622,8.7996616,9.8434725,9.1844072,9.2860966,9.5892563,9.5264645,.27000001,.28999999,1.67,1.9400001,.91000003,1.03,1.01,.98000002,.41999999,.41,.85000002,.69,.77999997,.79000002,.25,.23999999,2.1900001,2,.23999999,.19,.47999999,.41999999,2.78,2.5,.20999999,.12,.63999999,.58999997,.56,.50999999,.69,.60000002,10.38498734692029,1.6094379,-7.9527087,0,10.384987,1.6094379,1,-7.9527087,0
51,51175,0,3,7,9,3,7,9,12,7,9,12,9,19,15,25,23,29,29,24,27,39,5.6167712,2.0794415,2.7080503,2.3978953,5.484797,2.3025851,3.6635616,2.1972246,2.5649493,4.3820267,0,2.6390574,3.0445225,3.0445225,3.5553482,5.0814042,4.3820267,8.2812176,4.0604429,6.7945867,6.3716121,7.7886262,2.8903718,5.1817837,5.1239638,4.3307333,7.1388669,0,5.1119876,6.7546039,5.4116459,4.356709,7.0501227,6.4738908,9.7680111,9.97124,9.976366,9.7896471,9.666625,9.4670734,9.6365223,9.2905369,9.8244448,9.8118658,0,8.7884407,9.8732347,9.6897373,9.3972349,9.4792986,9.604475,.5,.47,6.1900001,6.9200001,1.52,1.5599999,.73000002,.67000002,.050000001,.029999999,.94,.74000001,.43000001,.28,.31,.27000001,1.4,1.27,0,0,.47999999,.41999999,1.33,1.24,3.54,3.3800001,.62,.63999999,.47999999,.38999999,.79000002,.75,9.772809228894012,1.3862944,-7.6567235,0,9.772809,1.3862944,1,-7.6567235,0
51,51177,0,53,42,47,53,61,47,60,61,87,60,87,84,122,187,228,251,233,262,287,350,6.8627577,1.3862944,2.1972246,2.8903718,6.8308744,4.2626801,5.6698809,3.6635616,4.2484951,5.8021183,2.0794415,4.1588831,3.5553482,1.6094379,4.4426513,6.3885612,5.556828,9.3950758,3.5263605,3.7612002,7.4500794,9.2332754,6.2934194,7.4541411,5.8749309,6.0867748,8.1464195,4.8903489,7.2591162,7.4377952,3.2188759,6.0520892,8.8218794,8.1507568,9.8576002,10.059808,10.196419,10.073821,9.8136721,9.8672905,9.9089231,9.6846476,9.8026171,10.074959,9.8293562,9.1040907,10.225824,9.397069,9.561842,9.6487885,9.7549295,.1,.090000004,.1,.13,1.47,1.8200001,1.02,.99000001,.47,.41,3.01,2.8399999,.30000001,.25999999,.58999997,.46000001,1.26,1.35,.43000001,.31,1.36,1.49,.86000001,1.05,.13,.090000004,1.11,1.24,.93000001,.81999999,1.39,1.39,10.95785184575026,2.7725887,-7.6267962,0,10.957851,2.7725887,1,-7.6267962,0
51,51179,0,43,45,50,43,52,50,72,52,86,72,86,104,138,179,204,236,243,257,268,340,6.7557688,1.3862944,2.1972246,3.0445225,6.7153835,4.5849676,5.5759492,3.5553482,4.1271343,5.7037826,2.1972246,4.0943446,3.4339871,1.6094379,4.4067192,6.2653012,5.187386,9.3284788,4.3174882,4.2195077,7.7222347,9.0885115,6.5624442,7.6058898,6.1441855,5.6629605,7.8095412,5.3752785,7.0352688,5.9788857,4.0604429,5.9188938,8.7623329,8.0696554,9.8714809,10.092702,9.9767847,9.9436216,9.8491898,9.7509775,10.061986,9.5741501,9.8689995,10.059251,10.074959,8.8975458,10.001974,10.307084,9.6434851,9.7546978,9.9417944,.23,.22,.17,.17,2.0599999,2.22,.94,.93000001,.64999998,.5,3.74,4.0599999,.41999999,.31999999,.41,.34,.95999998,1,.75,.68000001,1.16,1.02,.20999999,.20999999,.31999999,.51999998,1.04,1.24,.93000001,.89999998,1.37,1.63,11.02249053085197,3.2958369,-7.6029544,0,11.022491,3.2958369,1,-7.6029544,0
51,51181,0,3,2,4,3,1,4,3,1,12,3,12,7,6,14,17,15,17,12,12,9,4.5849676,1.3862944,1.7917595,1.6094379,4.4188404,2.5649493,2.3978953,0,1.6094379,2.7080503,0,0,0,0,2.6390574,4.2195077,3.2580965,7.8343921,2.9444389,3.2188759,5.8888779,7.6596432,5.31812,6.1841488,0,2.6390574,6.3261495,0,0,0,0,3.0445225,7.3530817,7.113956,10.412682,10.079162,9.7585773,9.7696133,10.497919,10.364735,10.48994,0,10.387024,10.412982,0,0,0,0,9.0320511,10.526669,10.622375,.25,.14,.27000001,.13,1.47,.76999998,1,1.11,.83999997,.69,4.02,3.8900001,0,0,.090000004,.07,.97000003,.83999997,0,0,0,0,0,0,0,0,.25999999,.1,1.01,1.23,2.3499999,3.22,8.723394022000136,0,-7.6668711,0,8.7233944,0,1,-7.6668711,0
51,51183,0,2,5,5,2,4,5,8,4,15,8,15,11,8,13,10,8,11,15,13,20,5.3890719,1.7917595,2.0794415,1.7917595,5.2933049,2.1972246,2.7080503,2.1972246,0,3.6109178,0,2.5649493,2.6390574,2.0794415,3.583519,5.0875964,4.3820267,7.9072838,3.6635616,5.3375382,5.7589016,7.6746173,3.4965076,4.5325994,5.1059456,0,6.6346335,0,5.5412636,6.3225651,4.7184987,4.8362818,7.2384968,6.5666723,9.6913462,10.051174,9.802783,9.964489,9.6235752,9.8504028,9.7237625,9.4070578,0,9.8927298,0,9.0762377,9.942852,9.7570152,9.3222399,9.4385109,9.5036068,.47999999,.54000002,2.0999999,2.1199999,1.2,1.58,.94999999,.89999998,.13,.13,.72000003,.66000003,.62,.47999999,0,0,1.23,1.3,0,0,1.08,1.35,1.25,1.35,2.5699999,2.8299999,1.46,1.51,.83999997,.70999998,1.26,1.16,9.234837843576571,1.0986123,-7.7067671,0,9.2348375,1.0986123,1,-7.7067671,0
51,51185,0,38,25,39,38,33,39,33,33,38,33,38,42,64,64,70,60,52,78,56,105,6.944087,2.1972246,2.9444389,3.2580965,6.8906093,4.3820267,4.1896548,4.5217886,4.4886365,5.0689044,2.5649493,4.0430512,4.1108737,3.4657359,4.919981,6.7141705,5.8805332,9.5701799,5.0369525,6.5750756,7.6439619,9.3389091,6.1463294,6.2422233,7.3569183,6.2005091,8.1718817,5.2417469,6.8308744,7.6439619,6.84375,6.6293631,8.9659729,8.1411896,9.802783,10.29201,10.004102,9.7449608,9.790431,9.8259583,9.7061338,10.006451,9.6748285,10.015834,9.8146019,8.8800287,9.9026375,10.340807,9.7183018,9.6690302,9.5858955,.36000001,.46000001,1.37,1.52,1.5,1.41,.94999999,.94999999,.34,.30000001,.75,.61000001,1.11,1.42,.55000001,.40000001,1.09,1.16,.51999998,.38999999,.74000001,.69,.88999999,.82999998,4.0799999,7.23,1.66,2.28,.89999998,.85000002,1.16,1.03,10.73552673196269,2.5649493,-7.5951033,0,10.735527,2.5649493,1,-7.5951033,0
51,51187,0,5,4,6,5,8,6,4,8,4,4,4,5,8,10,11,9,20,16,14,28,6.4313312,2.3978953,2.6390574,3.4011974,6.338594,3.8286414,0,3.583519,3.9318256,4.9836068,1.7917595,4.0943446,2.9957323,0,4.3438053,6.0426331,4.9836068,8.8696795,5.0106354,4.2341065,6.933423,8.677269,6.3919172,0,6.5847912,5.5412636,7.2936978,4.5538769,6.8351846,6.7141705,0,5.7589016,8.3886776,7.2984452,9.7153492,10.254672,9.9557953,9.7503366,9.6872578,9.6852694,0,9.7958469,9.6117306,10.026413,10.054147,9.0151768,10.102584,0,9.4298773,9.5421591,9.5632486,.70999998,.94999999,.27000001,.31,1.48,1.54,.99000001,.97000003,.87,.74000001,0,0,1.03,1.17,.56999999,.43000001,.91000003,1.0700001,.51999998,.55000001,1.51,1.73,.70999998,.88,0,0,1.4,1.58,1.02,.93000001,1,.95999998,10.1712984953455,0,-6.5355005,0,10.171298,0,1,-6.5355005,0
51,51191,0,52,36,48,52,64,48,54,64,59,54,59,73,67,85,120,102,108,107,137,111,6.8308744,2.1972246,3.2188759,3.2958369,6.7627296,4.3307333,4.4659081,4.2484951,4.3944492,5.187386,2.4849067,4.3820267,4.2904596,2.9444389,4.5108595,6.5323343,5.6276212,9.6702309,4.6151204,6.7627296,7.3165483,9.5006189,6.6982679,6.4997869,7.2218356,6.1398845,8.6401186,5.4071717,7.0817084,8.4842567,5.0172796,5.8636312,8.9507923,8.1034946,9.828764,10.127391,10.040463,9.8360653,9.8098907,10.012162,9.6764612,9.8574963,9.8172216,9.9739456,9.9467869,9.1554613,10.015342,9.7244806,9.2987175,9.6699152,9.6168051,.22,.23,1.49,1.6799999,.98000002,.98000002,1.01,1,.52999997,.56,.88,.68000001,.88,.94,.47,.38,1.5700001,1.5700001,.55000001,.46000001,.87,1.02,1.86,1.89,.58999997,.55000001,.69999999,.61000001,.80000001,.74000001,1.01,.91000003,10.73393713153216,3.2188759,-7.7544956,0,10.733937,3.2188759,1,-7.7544956,0
51,51193,0,11,5,7,11,8,7,12,8,9,12,9,16,17,31,31,23,25,25,18,38,5.7899604,1.9459101,1.6094379,2.7080503,5.7071104,3.3672957,3.7612002,2.4849067,3.0910425,4.3438053,0,3.583519,3.1354942,2.3978953,0,5.4116459,4.3438053,8.0443058,4.1431346,3.5553482,6.2690964,7.8200378,4.6913481,5.3327188,4.2484951,4.4998097,7.0255384,0,5.9814143,6.5652652,5.3375382,0,7.2189097,6.2785215,9.5651436,10.037363,9.4204388,9.8294106,9.4844055,9.8481331,9.5772028,9.2344475,9.7460146,9.6018419,0,8.93643,9.6096535,9.599473,0,9.3759394,9.4531298,.68000001,.85000002,.31,.23999999,1.74,2.27,.95999998,.88999999,.36000001,.41999999,1.39,1.27,.23,.17,.46000001,.46000001,1.59,1.42,0,0,1.46,1.8099999,1.39,1.22,4.1599998,4.4499998,0,0,.72000003,.64999998,.82999998,.81999999,9.647304147143718,1.7917595,-7.4062638,0,9.6473045,1.7917595,1,-7.4062638,0
51,51195,0,13,15,15,13,9,15,13,9,12,13,12,16,20,37,23,27,26,34,36,39,6.753438,2.3025851,3.1780539,3.2188759,6.6833611,4.0943446,4.2046928,3.871201,3.8286414,5.1761498,2.5649493,3.9318256,3.1780539,4.4543471,4.356709,6.43294,5.7838254,9.4990473,5.1532917,6.7833252,7.3708601,9.2782793,6.0822191,5.9026332,7.116394,6.0520892,8.4767876,4.9272537,6.3784261,6.6039438,8.2158175,5.676754,8.6828775,7.9327211,10.00016,10.197499,10.155063,9.9508963,9.9898949,10.293331,9.8342447,9.8047161,9.8579674,10.286161,9.5661945,8.8131409,9.5987272,10.412832,9.3404913,9.6605234,9.5699015,.44,.41999999,1.8099999,1.92,1.22,1.16,.95999998,.95999998,.34,.40000001,.56999999,.44,.94,.80000001,.50999999,.37,1.58,1.8200001,.40000001,.19,.50999999,.36000001,.34,.19,17.290001,27,.69,.52999997,.73000002,.56,1.01,.73000002,10.58590234651703,1.7917595,-6.444715,0,10.585902,1.7917595,1,-6.444715,0
51,51197,0,23,18,21,23,25,21,27,25,26,27,26,24,43,37,46,46,62,48,65,73,6.4118185,2.3025851,2.9444389,3.6635616,6.2934194,3.713572,4.2195077,3.6109178,3.5263605,4.7361984,2.0794415,4.0073333,3.583519,2.3978953,4.0073333,6.0567842,5.2882671,9.1233654,4.9052749,6.2971091,6.9097533,8.9209232,5.7990928,6.2205901,6.8585649,5.5490761,7.8379488,4.919981,6.872128,7.5196924,5.2364421,5.1817837,8.5075464,7.6652846,9.6734457,10.075717,10.083932,9.8265524,9.6031256,10.014492,9.6779661,9.6176043,9.8057642,9.7357197,9.887002,8.947546,9.7555676,9.6878777,9.4103384,9.5278482,9.5311909,.5,.57999998,1.62,2.22,1.12,1.3099999,.98000002,.92000002,.37,.46000001,1.15,1.03,1.0599999,1.04,.44999999,.41999999,1.21,1.12,.57999998,.54000002,1.21,1.36,1.23,1.12,1.28,1.34,.61000001,.69999999,.88999999,.82999998,1.12,1.08,10.14509950813338,1.9459101,-7.9177599,0,10.1451,1.9459101,1,-7.9177599,0
51,51199,0,59,45,57,59,66,57,65,66,71,65,71,80,106,138,144,158,146,156,169,220,6.7178049,1.7917595,1.9459101,3.4657359,6.6605749,4.6913481,5.1817837,3.7612002,3.8918202,5.3752785,2.1972246,4.3174882,0,0,4.4886365,6.3368258,5.2522736,9.4176798,7.6473088,4.2626801,7.467371,9.0346766,6.8638034,7.3498735,6.1903152,5.5909872,7.6662221,4.7273879,7.5005293,0,0,6.5176711,8.7409763,7.5714736,9.9256897,10.267645,9.9555101,10.052813,9.7860546,9.9838686,10.063095,9.4985971,9.6038675,10.128948,9.8586473,9.0031929,0,0,9.896513,9.6356735,9.774972,5.75,6.3000002,.16,.15000001,1.46,1.66,.81999999,.72000003,.81,.74000001,2.6500001,2.72,.40000001,.27000001,.34999999,.20999999,.75999999,.81,.36000001,.25,1.6900001,1.5599999,0,0,0,0,1.73,2.51,.82999998,.68000001,.75999999,.73000002,10.65542237457916,2.8332133,-7.636919,0,10.655422,2.8332133,1,-7.636919,0
51,51510,0,132,113,151,132,169,151,205,169,186,205,186,245,287,357,389,402,428,511,612,753,8.3539677,3.1354942,3.1780539,3.4011974,8.3356714,6.9255953,5.6094718,5.9215784,6.0520892,5.9558372,4.6728287,5.6383548,0,0,6.6450911,8.238801,6.6970344,11.306651,8.5891418,6.8731637,8.6871052,11.143252,9.5231056,8.1833973,8.8926115,8.9239912,8.6271229,8.0992508,8.9514399,0,0,8.8622007,11.059047,9.7382002,10.231892,10.514176,10.11103,10.343387,10.197425,10.443134,10.304208,10.298465,10.18074,10.283361,10.530388,9.4111567,0,0,10.208764,10.18953,10.063223,2.23,2.3,.31999999,.25999999,.75,.83999997,1.02,1,1.75,1.87,.92000002,.88999999,.91000003,1.01,1.48,1.16,.30000001,.27000001,1.58,1.59,1.09,1.12,0,0,0,0,2.72,3.99,1.28,1.33,1.01,.94,11.61893277141379,3.9889841,-6.1076169,0,11.618933,3.9889841,1,-6.1076169,0
51,51520,0,18,13,23,18,19,23,26,19,27,26,27,28,33,35,44,44,54,54,80,41,6.5072775,2.3025851,2.5649493,3.0910425,6.4377518,4.3040652,0,3.583519,3.9702919,4.4543471,0,4.0775375,3.713572,0,4.1271343,6.2915692,5.5333896,9.4593859,5.5759492,6.0354815,6.7405195,9.3324699,6.7855878,0,6.2859979,6.253829,8.2882833,0,6.8480053,8.2209415,0,5.8260002,8.8986387,8.2498369,9.7935057,10.387702,10.0958,10.001204,9.7429075,10.013417,0,9.4441471,10.069595,9.8813438,0,9.1374474,9.8937407,0,9.4282703,9.658865,9.6171379,.69999999,.98000002,.88999999,1.1,.68000001,.82999998,1.05,1.02,.72000003,.77999997,0,0,.43000001,.31,.64999998,.70999998,1.36,1.29,0,0,.85000002,1.02,1.77,1.65,0,0,.82999998,.86000001,.94,.88999999,1.4400001,1.34,9.821517989668877,2.1972246,-7.6299605,0,9.8215179,2.1972246,1,-7.6299605,0
51,51530,0,8,2,7,8,4,7,13,4,9,13,9,3,7,12,11,13,18,13,15,18,4.8520303,1.0986123,1.6094379,0,4.7706847,1.9459101,0,2.1972246,2.5649493,2.9957323,0,2.3025851,2.3978953,0,0,4.5747108,3.713572,7.6884556,3.9512436,3.0445225,0,7.5294065,3.7612002,0,5.5053315,3.8066626,6.6411819,0,4.5643482,6.6147256,0,0,6.9994226,6.4361506,9.8818045,9.9158611,9.9380341,0,9.8768358,10.009198,0,9.4581375,9.5603628,10.071837,0,9.1198683,10.084058,0,0,9.7137184,9.8667717,.80000001,.63999999,.25999999,.25,0,0,1.02,1.03,.2,.2,0,0,1.15,.77999997,.33000001,.2,1.54,1.61,0,0,.50999999,.55000001,2.0899999,2.1500001,0,0,0,0,.81999999,.75999999,1.38,1.51,8.764990330169104,0,-7.6668711,0,8.7649908,0,1,-7.6668711,0
51,51540,0,39,25,43,39,45,43,40,45,37,40,37,63,62,71,83,108,105,101,132,154,7.5678625,2.9444389,3.2580965,3.4965076,7.5267177,5.7071104,5.1532917,5.2832036,5.3033047,5.4553213,3.4657359,5.1590552,0,0,5.6733232,7.3920317,6.059123,10.341064,7.0587583,7.877018,7.7923489,10.116904,8.1429358,7.4169798,8.1143246,7.2654295,7.9462638,7.5506611,8.1676359,0,0,7.379632,9.9957476,8.8086681,9.8669271,10.333612,10.027871,9.9006834,9.8157482,10.009468,9.9324636,10.060149,10.001748,9.9206886,10.181536,8.9560928,0,0,9.5776186,9.8013992,9.6997175,1.27,1.5700001,2.3299999,2.48,.80000001,.82999998,.95999998,.92000002,1.15,1.16,1.13,1.08,1.1,1.38,.74000001,.69999999,.40000001,.37,2.4000001,2.45,1.3099999,1.22,0,0,0,0,1.62,1.8200001,1.16,1.1799999,1.04,.98000002,10.60512360049198,2.7725887,-7.4152236,0,10.605124,2.7725887,1,-7.4152236,0
51,51550,0,41,48,48,41,47,48,43,47,60,43,60,82,86,93,118,153,142,183,159,229,7.935945,1.9459101,3.0445225,3.4011974,7.9149828,5.7235851,6.3699012,5.3082676,5.3612924,6.6147256,3.2958369,5.2257466,5.0039463,2.6390574,5.5645204,7.5968943,6.6808548,10.755219,6.0935698,7.068172,8.9524755,10.532896,8.3504295,8.7162075,7.7253299,7.5883236,9.2492723,5.9661469,8.2358904,8.2728262,5.9427996,7.4430785,10.208506,9.4563408,9.845911,10.23236,9.9652882,10.015789,9.7970705,9.7472429,9.9584017,9.8752422,9.9736195,10.013328,10.084016,8.8106089,10.12499,9.5688534,9.7347136,9.7000237,9.7548714,.31999999,.37,.69,.69999999,1.6900001,2.01,.95999998,.92000002,.94,.74000001,2.73,2.73,.49000001,.52999997,.67000002,.63,.97000003,1,.33000001,.31,.93000001,.75999999,.50999999,.56999999,.50999999,.40000001,1.14,1.53,.94999999,.88999999,1.3200001,1.34,11.93147789262489,3.0910425,-7.3555856,0,11.931478,3.0910425,1,-7.3555856,0
51,51570,0,11,10,16,11,24,16,28,24,26,28,26,29,40,37,47,65,50,60,60,76,6.1527328,.69314718,1.7917595,2.9444389,6.0958247,3.8066626,0,3.3322046,3.9318256,4.2626801,0,3.8286414,2.5649493,0,4.0775375,5.9215784,4.9628448,8.8034239,3.5553482,2.6390574,6.4599047,8.6945019,5.5254531,0,6.0426331,5.6869755,6.9593987,0,6.947937,6.5694814,0,5.6489744,8.5004539,7.8636513,9.5049486,10.343837,10.088389,9.8985758,9.4419279,9.6316786,0,9.5314817,9.7964029,9.8375616,0,8.9195871,9.8478165,0,9.376194,9.3322039,9.3294563,.18000001,.31999999,.059999999,.090000004,.99000001,1.46,1.0700001,1.02,.38999999,.38999999,0,0,.63999999,.69,.70999998,.79000002,.69,.83999997,0,0,1.8,2.3299999,.64999998,.77999997,0,0,1.34,1.76,1.21,1.11,1.89,1.76,9.684336022491456,1.3862944,-7.1563783,0,9.6843357,1.3862944,1,-7.1563783,0
51,51580,0,0,0,0,0,0,0,0,0,0,0,0,0,0,0,0,0,0,0,0,0,5.5947113,1.6094379,1.7917595,2.9444389,5.4764633,2.8332133,0,2.8332133,3.2580965,3.6375861,2.1972246,3.0445225,0,0,3.4657359,5.3033047,4.3944492,8.3558502,4.4426513,3.6109178,5.7300997,8.2493134,4.0430512,0,4.3820267,4.919981,7.6998425,4.9836068,5.1984968,0,0,5.3706379,7.3883281,6.6858611,10.120894,10.070611,9.900383,9.8085728,10.145217,9.623641,0,9.5075521,9.813344,10.450597,9.8281708,8.822175,0,0,9.2040205,9.4764671,9.4894857,.67000002,.5,.23999999,.17,.74000001,.55000001,1.0700001,1.12,.14,.07,0,0,.19,.11,.51999998,.31,2.28,2.74,1.34,.74000001,.49000001,.31,0,0,0,0,1.59,.94999999,.62,.36000001,.91000003,.54000002,8.852378886511985,0,0,0,8.8523788,0,0,0,0
51,51590,0,18,10,21,18,19,21,13,19,23,13,23,21,43,28,35,41,26,40,34,61,7.2520537,1.9459101,3.0445225,3.2958369,7.2122946,4.7535901,0,4.9272537,5.0625949,5.2040067,2.1972246,4.8283138,4.0943446,0,5.3082676,7.0690236,6.059123,10.19884,5.1647859,6.5834093,7.8123784,10.064883,6.7007313,0,8.1610899,7.1024995,9.164506,5.6835799,7.6797137,9.072916,0,6.8001699,9.5432348,8.5301094,9.7477102,10.297959,10.007127,9.9553204,9.7081413,10.071753,0,9.9895735,9.7703562,9.7574787,10.024466,8.9356403,9.7592707,0,9.2817307,9.6728783,9.561842,.22,.30000001,.74000001,.87,.94999999,1.16,1.05,1.02,.31,.38,0,0,1.33,1.75,.72000003,.61000001,1.5599999,1.36,.43000001,.41999999,.93000001,.94999999,1.98,1.6900001,0,0,1.05,.99000001,.85000002,.86000001,.91000003,.83999997,10.87910323849497,2.3978953,-6.9758878,0,10.879104,2.3978953,1,-6.9758878,0
51,51595,0,0,0,0,0,0,0,0,0,0,0,0,0,0,0,0,0,0,0,0,0,5.6312118,1.6094379,1.9459101,2.8332133,5.5254531,0,3.0910425,3.0445225,3.2580965,3.5553482,0,2.7725887,0,0,3.6635616,5.3706379,4.5643482,8.1870213,3.3672957,3.6635616,4.6151204,8.1391487,0,4.1108737,6.6253924,4.9052749,6.329721,0,6.025866,0,0,4.5217886,7.9606724,7.21524,9.5513029,10.269657,10.061431,9.853404,9.5242014,0,9.485013,9.6891794,9.6322689,9.6610336,0,8.8946705,0,0,9.0604477,9.4950686,9.4833403,.27000001,.43000001,.30000001,.44999999,.28999999,.38999999,1.14,1.13,0,0,.36000001,.30000001,2.1300001,2.54,.60000002,.54000002,.69,.66000003,0,0,1.33,1.6,0,0,0,0,.80000001,.73000002,1.3099999,1.34,1.83,1.9,8.576593534697684,0,0,0,8.5765934,0,0,0,0
51,51600,0,102,88,88,102,121,88,145,121,157,145,157,174,195,268,263,264,303,331,378,458,7.0639038,2.1972246,2.4849067,2.8332133,7.0317411,5.749393,4.7004805,4.7621741,4.934474,4.9052749,2.9444389,4.3438053,3.2580965,0,4.6443911,6.9047508,5.4205351,9.9014359,6.0112672,5.0562458,6.025866,9.851141,8.5923004,7.0892429,7.5776339,7.1356874,7.3677087,6.49224,7.6916566,5.9532433,0,6.5957804,9.7639952,8.5592947,10.298633,10.249981,10.084141,10.358949,10.299878,10.667,10.387333,10.333027,10.254004,10.387086,10.57183,9.379323,10.386346,0,10.053501,10.291569,10.019892,.69,.50999999,.22,.16,.20999999,.23,1.14,1.15,2.8099999,3.52,1.26,1.23,1,1.0700001,1.01,.80000001,.34999999,.33000001,1.29,1.26,1.26,1.17,.12,.11,0,0,1.15,1.35,1.4299999,1.54,1.26,1.0599999,9.884406664723336,4.0253515,-7.4892845,0,9.884407,4.0253515,1,-7.4892845,0
51,51610,0,28,37,25,28,34,25,45,34,41,45,41,67,56,62,83,95,115,103,101,166,7.0396605,2.5649493,2.3978953,3.1354942,6.9985094,5.5834961,4.4773369,4.9416423,4.7004805,4.7621741,3.2188759,4.3694477,3.3672957,0,5.209486,6.8855095,5.1647859,9.7528973,7.4442487,5.2729998,6.5496507,9.5887766,8.4372835,6.7262335,7.5883236,7.1577353,7.0148144,5.8406415,7.1770186,5.6312118,0,7.1538339,9.509407,7.8924522,10.193728,10.489161,10.370424,10.025927,10.157626,10.255024,10.342291,10.113708,10.312845,10.305948,10.405141,9.2588444,10.188892,0,10.222705,10.144353,10.085267,3.3599999,3.51,.31,.34,.41999999,.34999999,1.01,.99000001,2.79,2.5699999,1.02,1.0599999,1.17,1.12,1.1900001,1.11,.28,.27000001,.77999997,.72000003,.88,.80000001,.1,.079999998,0,0,2.3299999,3.5999999,1.29,1.33,.75,.75,9.167224080902555,2.8332133,-7.0686455,0,9.1672239,2.8332133,1,-7.0686455,0
51,51620,0,0,0,0,0,0,0,0,0,0,0,0,0,0,0,0,0,0,1,0,0,5.6419072,1.3862944,1.9459101,3.1780539,5.5093884,2.9957323,2.6390574,3.2188759,3.3322046,2.9444389,1.6094379,2.8903718,0,0,3.871201,5.4293456,4.4426513,8.1438084,3.4965076,5.0106354,6.0330863,7.9522634,4.934474,4.8121843,6.5250297,4.7184987,5.3423343,4.9272537,5.7525725,0,0,5.2781148,7.8758793,6.9574976,9.6975088,10.309853,10.002337,9.9897108,9.6159391,9.9121504,9.9859428,9.8999815,9.8391094,9.8420372,9.94242,8.8181858,0,0,9.1791592,9.595603,9.4469137,.31999999,.46000001,1.1900001,1.47,1.25,1.67,.99000001,.92000002,.41999999,.44999999,.75,.88999999,2.01,2.5599999,.51999998,.5,.27000001,.27000001,1.5700001,1.49,1.05,1.02,0,0,0,0,1.79,1.59,1.26,1.23,1.48,1.27,8.970050661827003,0,0,0,8.9700508,0,0,0,0
51,51630,0,45,43,46,45,62,46,63,62,74,63,74,76,100,150,178,143,137,154,129,186,7.115582,2.3025851,2.9444389,3.2958369,7.0698743,4.9767337,4.8441873,4.8121843,4.9126549,5.2040067,2.4849067,4.6728287,0,0,4.94876,6.9007306,5.7960577,9.8331728,5.4638319,7.1989312,7.0942349,9.6717443,7.0958934,6.7855878,7.983099,6.8112445,7.7151237,6.1463294,7.6889133,0,0,6.5250297,9.5193682,8.5621662,9.8300028,10.288818,10.083598,9.8434191,9.7953453,9.9237309,9.9658051,10.116742,9.97892,9.9007339,9.9885178,9.0065088,0,0,9.4723196,9.7768469,9.7098417,.43000001,.52999997,1.96,2.3,.66000003,.67000002,1.02,1,.67000002,.63999999,1,1.02,1.6,2.21,.77999997,.75,.52999997,.49000001,.98000002,.85000002,1.35,1.37,0,0,0,0,1.15,1.2,1.2,1.23,1.36,1.33,9.8536143020404,3.2188759,-7.7148657,0,9.8536139,3.2188759,1,-7.7148657,0
51,51640,0,6,9,12,6,10,12,16,10,7,16,7,16,18,21,27,26,29,33,27,37,5.817111,1.3862944,1.6094379,3.2188759,5.7137327,2.7080503,0,3.4657359,3.2580965,3.871201,1.6094379,3.6109178,3.3672957,0,3.5263605,5.5412636,4.6634393,9.1614656,3.713572,3.6375861,5.8464389,9.1159201,4.4998097,0,6.9137373,5.0369525,8.694335,4.6151204,6.1463294,8.6719723,0,4.7621741,8.0487881,7.0859013,9.5662651,10.104877,10.061388,9.7745743,9.5515156,9.5712957,0,9.8911619,9.6520729,9.5348845,9.7493448,8.78722,9.5308285,0,9.4772329,9.582387,9.4719353,.15000001,.19,.11,.16,.37,.46000001,1.14,1.14,.1,.090000004,0,0,1.0700001,1.55,.25999999,.23,2.75,2.3099999,.41,.37,.56,.60000002,3.74,3.04,0,0,.38999999,.52999997,.54000002,.60000002,.61000001,.61000001,8.805375138909669,2.0794415,-7.8217254,0,8.8053751,2.0794415,1,-7.8217254,0
51,51650,0,79,71,86,79,95,86,116,95,106,116,106,115,145,150,196,231,269,270,277,427,7.7066131,3.1354942,3.0910425,3.4657359,7.671361,5.5683446,5.7960577,5.3423343,5.2882671,6.0473723,2.8903718,5.3798971,4.5432949,0,5.5093884,7.4518223,6.3508859,10.966559,9.4757767,6.9603477,8.6524229,10.547628,8.6188469,8.0000143,8.5305042,7.4500794,8.7797117,6.7464123,8.5921154,8.1662159,0,7.4448333,10.360501,9.3337078,9.9161072,10.280313,9.9332409,9.9646769,9.7436705,9.9936028,9.9600096,9.8941946,9.7405567,10.046462,10.175117,8.9036789,10.114275,0,9.5604334,9.6680813,9.570529,7.6100001,8.5299997,.5,.46000001,1.02,1.0700001,.79000002,.67000002,.99000001,.93000001,1.08,1.01,.88999999,.89999998,.47999999,.33000001,.49000001,.49000001,.56999999,.55000001,1.0700001,.89999998,.37,.38,0,0,.93000001,.97000003,.89999998,.75999999,.94,.74000001,11.80404910841681,3.8501475,-7.6709399,0,11.804049,3.8501475,1,-7.6709399,0
51,51660,0,25,14,25,25,28,25,29,28,33,29,33,50,54,69,96,88,76,78,73,88,6.9966817,2.1972246,0,0,6.9612961,4.7957907,0,4.6728287,4.7273879,4.9972124,2.3025851,4.3694477,3.6888795,0,4.8520303,6.8101425,5.855072,9.8888311,5.4205351,0,0,9.7037554,7.2189097,0,7.8430638,6.7592554,8.2832413,6.2005091,7.4999766,7.9669337,0,6.1612072,9.4273052,8.4906435,9.8218975,10.295969,0,0,9.7577105,9.6852074,0,9.9770164,9.981883,9.9657106,9.8070869,8.7667065,9.9842377,0,9.3616867,9.6812811,9.6734457,.38999999,.47999999,0,0,0,0,.99000001,.94999999,.72000003,.55000001,0,0,1.3099999,1.6,.69999999,.68000001,.88,.88,.98000002,.72000003,1.0599999,.85000002,.88999999,.88,0,0,.75,.70999998,1.04,.98000002,1.1900001,1.14,10.33224592061358,2.3978953,-7.664916,0,10.332246,2.3978953,1,-7.664916,0
51,51670,0,0,0,0,0,0,0,0,0,0,0,0,0,0,0,0,0,0,0,0,0,6.1484685,1.0986123,2.3978953,3.0445225,6.0707378,3.8286414,0,3.8501475,0,4.5643482,0,3.6109178,3.0445225,0,4.0430512,5.8200831,4.59512,9.1842012,3.8501475,4.0604429,7.4342575,8.980298,5.8230457,0,6.3985949,0,8.384119,0,6.3261495,8.1065149,0,5.7960577,8.1797609,7.21524,10.159795,10.319991,10.238816,9.8893375,10.207474,9.7953453,0,9.9740858,0,10.48327,0,8.9104509,10.571651,0,9.504427,9.7138395,9.7883568,.16,.15000001,.16,.16,1.79,1.36,.97000003,1.04,.36000001,.22,0,0,.63,.54000002,0,0,1.97,2.3599999,0,0,.66000003,.44,2.0799999,2.6400001,0,0,1.0599999,.82999998,.60000002,.41999999,.67000002,.51999998,10.04763118561619,0,0,0,10.047631,0,0,0,0
51,51678,0,12,11,14,12,19,14,18,19,16,18,16,20,40,31,42,49,44,36,60,61,5.7071104,1.6094379,0,0,5.5872488,3.4965076,2.8903718,3.4011974,3.4339871,3.2188759,1.0986123,3.5553482,0,0,3.8501475,5.484797,4.1588831,8.2329721,3.6888795,0,0,7.9533181,5.0106354,4.1431346,6.9957662,4.934474,4.9972124,3.7376697,6.0210233,0,0,5.2417469,7.8998952,6.5132303,9.837348,10.234481,0,0,9.7571898,9.800458,9.572341,10.108101,9.7693844,9.5801096,9.6002178,9.0148115,0,0,9.6219864,9.7660627,9.4100924,.36000001,.41,0,0,0,0,.89999998,.85000002,.41,.34999999,.34999999,.23999999,2.95,4.02,.58999997,.46000001,.17,.12,.44,.25,1.26,1.28,0,0,0,0,1.58,1.9,1.1799999,1.1900001,.87,.63,8.84779106484485,1.6094379,-7.322052,0,8.8477907,1.6094379,1,-7.322052,0
51,51680,0,57,51,66,57,74,66,67,74,98,67,98,99,127,140,172,182,178,168,189,237,7.6515956,2.3025851,3.1780539,3.3672957,7.6211953,5.4971681,0,5.3798971,5.2832036,5.6970935,3.1780539,4.9972124,4.8362818,0,5.7899604,7.4633632,6.3750248,10.745119,5.9964519,6.9246125,8.0827112,10.639383,8.2514029,0,8.901639,7.920083,9.3937445,6.8416157,8.0020247,9.1960382,0,7.4324837,10.300013,9.2293587,9.9149218,10.414843,10.035217,9.8198881,9.9125957,9.9064827,0,9.980217,10.191145,10.176678,9.8738527,8.8610668,10.222378,0,9.3604832,9.7823925,9.6556673,.28999999,.38,.60000002,.61000001,.72000003,.64999998,1.08,1.09,.86000001,.74000001,0,0,1.61,1.79,.94999999,1.04,1.14,1.28,.79000002,.56,.74000001,.60000002,1.3,1.48,0,0,1.14,.98000002,1.05,1,1.0599999,.91000003,11.09815216979044,3.0445225,-7.6553369,0,11.098152,3.0445225,1,-7.6553369,0
51,51683,0,52,45,54,52,49,54,53,49,83,53,83,85,108,128,138,139,142,164,173,252,6.7855878,1.6094379,1.9459101,2.9444389,6.7499313,5.1059456,4.9052749,4.5217886,4.4543471,5.1704841,2.4849067,4.2046928,0,0,4.2904596,6.5191474,5.220356,9.7474184,4.6347289,4.4426513,6.9421568,9.6732569,7.6783261,7.2889276,7.621685,6.280396,8.6303434,5.8051348,6.8243737,0,0,5.817111,9.2388306,8.2850084,10.225969,10.072935,10.112654,10.152454,10.232072,10.080754,10.100657,10.037056,10.103444,10.668979,10.255903,9.0923452,0,0,9.5823174,9.8780155,9.7319279,.2,.14,.14,.11,.62,.57999998,1.11,1.13,1.3099999,.99000001,1.79,1.42,1.21,1.04,.5,.37,1.4400001,1.9299999,.75999999,.57999998,.62,.46000001,0,0,0,0,.62,.47999999,.99000001,.75999999,1.12,.75999999,10.23842289445376,2.8332133,-7.5622859,0,10.238423,2.8332133,1,-7.5622859,0
51,51685,0,18,7,11,18,22,11,19,22,27,19,27,34,35,55,54,54,82,72,95,128,4.7706847,0,0,0,4.7535901,2.1972246,3.7841897,0,0,3.9702919,0,1.3862944,2.1972246,0,2.9444389,4.1271343,3.1354942,7.2786288,0,0,0,7.0317411,4.2046928,6.0935698,0,0,6.2709885,0,4.8598123,4.4543471,0,4.4426513,6.401917,5.3518581,9.8796558,0,0,0,9.8487148,9.8639145,10.043901,0,0,10.026103,0,8.7546339,9.9286194,0,10.043597,9.6622438,9.8376684,0,0,0,0,0,0,.93000001,.92000002,.47999999,.41,6.4099998,6.77,0,0,0,0,1.6,1.6,0,0,1.03,.76999998,.36000001,.31999999,0,0,1.84,3.27,.68000001,.60000002,.69999999,.75,8.814924599721019,1.3862944,-6.6035271,0,8.8149242,1.3862944,1,-6.6035271,0
51,51690,0,0,0,0,0,0,0,0,0,0,0,0,0,0,0,0,0,0,0,0,0,6.5525079,1.6094379,2.5649493,3.2580965,6.4876842,4.2626801,0,4.3694477,4.3307333,4.2484951,2.0794415,3.6888795,3.6109178,0,4.7361984,6.3767271,5.3082676,9.8074169,4.3438053,5.2882671,6.7990561,9.7407331,7.1869011,0,7.4685135,6.1548581,9.108861,5.9738097,6.5250297,9.07658,0,5.971262,8.9823103,7.9898992,9.7581148,10.274326,10.047154,9.9632645,9.7389669,9.6254253,0,10.002382,10.009063,9.7616358,10.247892,8.879055,9.7589817,0,9.3543539,9.7125082,9.560504,.14,.19,.30000001,.36000001,.50999999,.62,1.12,1.11,.75999999,.56999999,0,0,.98000002,1.3,.41,.44,2.1800001,1.89,.85000002,1.03,.43000001,.41999999,2.9400001,2.48,0,0,.68000001,.68000001,.72000003,.75,.77999997,.70999998,9.690418086793393,0,0,0,9.6904182,0,0,0,0
51,51700,0,70,60,93,70,87,93,104,87,114,104,114,131,142,189,216,201,206,221,188,288,8.0465498,2.9957323,2.9444389,3.5263605,8.0228968,5.9939613,0,5.8141303,6.0354815,6.2841344,3.0445225,5.602119,4.89784,0,5.8805332,7.8296304,6.5638556,11.33906,8.0375433,7.1876574,8.8724871,11.19119,8.7960367,0,8.9836903,8.2090359,10.427594,6.9353704,8.6645784,10.328036,0,7.6453977,10.563879,9.353488,9.9797077,9.968339,10.058052,10.036706,9.9729204,9.8759108,0,9.9651937,9.8426218,10.202962,10.037844,8.9241238,10.224375,0,9.4209251,9.7170973,9.6678286,1.24,.95999998,.43000001,.41999999,.87,.92000002,1.03,1.04,.81999999,.63999999,0,0,.95999998,.99000001,.69999999,.50999999,1.77,1.91,.47999999,.38,.79000002,.63999999,2.22,2.3900001,0,0,.77999997,.67000002,.75999999,.63,.66000003,.54000002,12.04381838688633,3.713572,-7.497931,0,12.043818,3.713572,1,-7.497931,0
51,51710,0,238,197,222,238,234,222,251,234,276,251,276,324,475,511,583,625,718,701,686,861,8.6249704,3.8501475,3.3672957,3.4657359,8.6057529,6.5985088,0,6.1758671,6.4377518,6.5916739,4.0775375,6.2934194,5.4722705,0,6.7357802,8.4623146,7.2779384,11.936446,9.7975159,8.4951525,9.2998152,11.686181,9.9270573,0,9.7940073,9.1740913,9.7969036,7.9142523,9.4126282,9.3647766,0,8.7969437,11.522272,10.350095,10.009108,10.224375,10.085726,10.11099,9.958354,10.062754,0,10.122824,10.086559,10.117429,10.250087,8.9873219,10.15995,0,9.6626892,9.9271555,9.9090223,3.98,3.8399999,.88,.86000001,.74000001,.81,.93000001,.89999998,1.39,1.28,0,0,1.1900001,1.39,1.01,.89999998,.51999998,.5,.69999999,.66000003,.92000002,.76999998,.47,.46000001,0,0,1.36,1.4400001,1.09,1.09,.99000001,.99000001,12.47315269625517,4.6347289,-7.4267402,0,12.473153,4.6347289,1,-7.4267402,0
51,51720,0,6,9,5,6,5,5,10,5,12,10,12,9,11,11,18,11,17,17,14,20,5.3752785,1.6094379,1.3862944,1.3862944,5.3132062,3.2958369,3.0445225,3.583519,2.3978953,3.3672957,0,2.7080503,0,1.6094379,2.7725887,5.1590552,4.2195077,8.0833282,4.9126549,3.7376697,5.4889379,7.9444923,4.9272537,5.0039463,6.5708828,4.6634393,5.9375362,0,5.8200831,0,3.4965076,3.9702919,7.8001633,6.812345,9.8706541,10.539561,10.116904,9.7657185,9.8282251,10.112167,9.9129429,10.187161,9.8538771,9.6891794,0,8.8116522,0,10.193767,9.4149122,9.8481865,9.7097206,1.42,2.1600001,.34999999,.41,.76999998,.69,1.04,1.01,.44,.49000001,.95999998,.89999998,2.24,3.1900001,.51999998,.43000001,.50999999,.37,0,0,1.2,.95999998,0,0,.63999999,.92000002,.50999999,.49000001,1.24,1.3099999,1.36,1.28,8.353968130313271,1.0986123,-7.9154801,0,8.3539677,1.0986123,1,-7.9154801,0
51,51730,0,13,15,19,13,15,19,16,15,18,16,18,11,20,18,24,37,42,31,36,63,6.9382844,2.1972246,2.9444389,3.3322046,6.8824377,4.2766662,0,4.7361984,4.5849676,4.9272537,2.1972246,4.4998097,3.9120231,0,5.0998664,6.7298241,5.676754,9.7088099,5.3844953,6.1903152,8.1271095,9.4230299,6.4785094,0,7.3639135,6.6846118,8.0159874,6.0063534,7.1747241,7.7204618,0,6.5352411,9.142169,8.2715483,9.790431,10.260742,10.002608,9.9016857,9.7369013,10.028489,0,10.0364,9.799737,9.8167305,9.9952917,8.8830853,9.7989597,0,9.4863043,9.7095385,9.6592484,.44999999,.56,.81,.91000003,2.1099999,2.3599999,.89999998,.86000001,.41,.44999999,0,0,.97000003,1.3,.77999997,.64999998,.81,.72000003,.95999998,.88,.91000003,.86000001,.83999997,.70999998,0,0,1.3099999,1.45,.93000001,.93000001,1.15,1.12,10.55544808876582,1.6094379,-7.306798,0,10.555449,1.6094379,1,-7.306798,0
51,51735,0,11,13,7,11,10,7,17,10,19,17,19,21,20,25,35,32,48,43,42,61,4.8520303,0,0,0,4.8283138,2.4849067,3.4657359,2.0794415,2.4849067,3.6888795,0,2.0794415,0,0,2.8903718,4.4426513,3.2958369,7.1196356,0,0,0,6.7117405,3.5263605,5.1298985,3.6375861,4.0430512,5.4071717,0,4.5108595,0,0,4.1588831,6.3969297,5.7365723,9.6028557,0,0,0,9.4424038,9.3977327,9.7152281,9.4928846,9.7399092,9.6659918,0,8.5775356,0,0,9.3736486,9.3448715,9.3924952,0,0,0,0,0,0,.79000002,.69,.28999999,.2,2.8699999,2.8699999,.31,.28999999,.74000001,.69999999,.79000002,.73000002,0,0,.85000002,.70999998,0,0,0,0,1.62,1.9299999,.80000001,.67000002,1.21,1.09,9.306104993960561,1.3862944,-7.3189373,0,9.3061047,1.3862944,1,-7.3189373,0
51,51740,0,56,55,65,56,73,65,72,73,85,72,85,96,108,144,148,169,163,199,226,271,7.4036703,2.6390574,2.9444389,3.2958369,7.3664451,5.0751739,0,5.2257466,5.0625949,5.4722705,2.7080503,4.9628448,4.2341065,0,5.5012584,7.2034054,6.0844994,10.744365,9.66504,6.872128,8.5293198,10.109851,7.6727581,0,8.4665308,7.167809,8.2643633,6.1003189,7.8539929,7.8414931,0,7.50769,9.9379377,8.9433756,10.002201,10.246013,9.981883,9.9434776,9.8225489,9.6213236,0,9.9699306,9.782506,10.049491,10.349519,8.9187841,10.114639,0,9.6019773,9.7736063,9.8588037,11.48,11.41,.56999999,.50999999,1.12,1.0599999,.63,.54000002,.47999999,.28999999,0,0,1.04,1.05,.44999999,.30000001,.37,.33000001,.38,.40000001,.63999999,.5,.33000001,.31999999,0,0,1.23,1.24,.73000002,.63,.80000001,.76999998,11.55125154729143,3.2958369,-7.7228241,0,11.551251,3.2958369,1,-7.7228241,0
51,51750,0,1,1,1,1,1,1,1,1,1,1,1,1,1,1,1,1,2,1,1,1,5.8464389,.69314718,0,0,5.7397928,3.4965076,3.5263605,3.7841897,3.5553482,3.9512436,1.3862944,3.2958369,2.8903718,0,3.3672957,5.556828,4.4543471,8.9758835,3.6635616,0,0,8.6112299,5.0689044,6.0730443,6.9948502,5.57973,7.7740149,4.3438053,6.1737862,7.5730171,0,4.8362818,8.0439844,6.8178306,9.9442453,10.357584,0,0,9.9453974,10.047372,10.105775,10.035086,9.6789055,10.196716,10.210163,8.6315928,10.215923,0,9.1715994,9.6992884,9.4809017,.17,.2,0,0,0,0,.82999998,.83999997,.20999999,.2,1.15,1.21,1.4,1.6,.54000002,.34,1.3200001,1.47,.38,.37,.69999999,.44,1.5,1.66,0,0,.5,.34999999,.64999998,.55000001,.56,.38999999,9.676586952344206,0,-8.3832817,0,9.6765871,0,1,-8.3832817,0
51,51760,0,227,162,275,227,426,275,308,426,316,308,316,384,397,498,597,607,657,695,706,967,8.840291,3.7841897,4.7361984,3.5553482,8.8120995,6.9584484,6.3080983,6.4892049,6.5708828,6.8319535,4.3944492,6.253829,5.9107966,2.1972246,7.1220598,8.6633692,7.3264656,12.15673,8.8640404,10.260147,9.2667208,11.878595,10.368636,8.8513775,9.6936302,9.6507225,10.341516,8.4896164,9.2141333,10.082679,4.4308167,8.9488459,11.636505,10.201256,10.140376,10.309952,10.176867,10.124108,10.12499,10.23545,10.105979,10.017754,10.254109,10.349134,10.18199,9.1749201,10.411419,9.9023371,9.6718702,10.053717,9.9934654,1.25,1.16,4.1100001,3.8699999,.56999999,.56,.91000003,.89999998,1.74,1.66,.76999998,.67000002,.87,.80000001,1.3099999,1.21,.72000003,.75999999,1,.76999998,.61000001,.54000002,.76999998,.85000002,.029999999,.02,1.27,1.1900001,.98000002,.97000003,.68000001,.66000003,12.22123708204995,4.4308167,-7.254952,0,12.221237,4.4308167,1,-7.254952,0
51,51770,0,80,69,78,80,95,78,114,95,92,114,92,146,148,163,176,219,201,205,194,246,8.1244469,3.2958369,3.4011974,3.2580965,8.0995541,6.0614572,0,5.5134287,5.8230457,6.1841488,3.4657359,5.5947113,5.0998664,0,6.1070228,7.940228,6.9508147,11.182517,7.3664451,7.0561752,8.3675327,11.079292,9.1694145,0,8.4456968,8.409831,9.4968719,7.5082388,8.8254128,9.1058683,0,8.6330185,10.849298,9.8260126,9.8888817,10.387086,10.096625,9.9971142,9.8609972,10.012387,0,10.134758,9.9883337,10.006721,10.145257,9.0081015,10.03605,0,9.8169489,9.8196163,9.735424,.74000001,.94999999,.44,.49000001,.62,.69,1.08,1.0599999,1.39,1.36,0,0,.66000003,.88,1,.92000002,.81,.79000002,.99000001,.94999999,1.09,1.05,.75999999,.75,0,0,2.45,3.4200001,1.1799999,1.1900001,1.24,1.1900001,11.47623035978244,3.583519,-7.6247492,0,11.476231,3.583519,1,-7.6247492,0
51,51775,0,36,40,31,36,45,31,57,45,55,57,55,70,86,79,83,94,75,91,100,124,6.6541524,1.3862944,2.3978953,3.1354942,6.605298,4.4543471,0,3.8918202,4.1588831,4.9836068,1.3862944,4.2195077,4.0073333,0,4.5538769,6.3851943,5.4293456,9.9309568,7.3839893,6.5352411,7.1831117,9.7375507,6.6398759,0,7.8292327,5.8051348,8.735364,4.6151204,7.0219765,8.5571833,0,6.5220928,9.2801466,8.5583353,10.026678,10.375489,10.034647,9.8841009,9.9965219,10.054749,0,9.9113569,9.7771301,10.239066,9.9754829,8.9410219,10.300854,0,9.5161324,9.8231993,9.8979225,2.6500001,2.9200001,.92000002,.83999997,.66000003,.56999999,.99000001,.97000003,.38999999,.34999999,0,0,1.24,1.15,.25999999,.17,1.33,1.42,.19,.14,.63,.49000001,1.54,1.71,0,0,1.04,.93000001,.86000001,.75999999,1.22,1.2,10.07559040913575,3.2580965,-6.9212174,0,10.07559,3.2580965,1,-6.9212174,0
51,51790,0,10,8,9,10,8,9,8,8,14,8,14,17,9,17,22,16,15,10,10,7,6.6476884,1.9459101,3.0910425,3.3322046,6.5708828,4.3694477,4.2046928,4.5108595,4.4426513,4.5325994,2.7080503,3.9702919,0,0,4.5432949,6.4313312,5.31812,9.2234545,4.7874918,7.192934,6.7464123,8.9657173,6.3456364,6.1420374,7.3258076,6.3403592,6.5250297,5.7960577,6.9186954,0,0,6.3851943,8.8747282,7.841886,9.7649727,10.320387,9.9758081,9.887104,9.6973858,10.075337,9.8312931,10.001159,9.9147739,9.8456469,9.939868,8.8844719,0,0,9.3795767,9.6820297,9.5159111,.40000001,.54000002,3.5899999,4.0300002,.86000001,.98000002,.92000002,.88,.58999997,.69,.95999998,.92000002,1.52,2.01,.89999998,.86000001,.30000001,.28,1.27,1.12,1.15,1.1,0,0,0,0,1.84,1.87,1.16,1.16,1.21,1.05,10.10483529147988,0,-8.5562048,0,10.104836,0,1,-8.5562048,0
51,51800,0,46,33,37,46,33,37,60,33,66,60,66,88,98,121,161,134,184,151,152,212,6.9584484,2.3978953,2.9957323,3.4339871,6.8977051,4.4773369,4.8598123,4.2626801,4.5747108,5.3278761,2.3978953,4.2904596,4.1588831,2.5649493,4.9972124,6.6644092,5.6937323,9.6686506,4.9904327,6.877296,7.6993895,9.4326839,6.3153582,6.7093043,7.673223,6.1696105,8.2822304,5.0434251,6.9517722,7.969358,5.4889379,6.0822191,9.052165,8.2209415,9.828063,10.28408,9.9838686,9.8263369,9.8082972,9.818202,9.8795023,9.8710155,9.9343557,10.003921,9.9483652,8.8724871,10.025395,10.132375,9.2304373,9.7028389,9.7359562,.31,.38999999,1.6799999,1.78,1.4299999,1.4299999,.94,.94,.36000001,.31,1.09,1.03,1.38,1.5,.47999999,.44999999,1.1,1.13,.38,.31999999,.75999999,.68000001,1.12,1.14,.94999999,1.34,.87,.72000003,.88999999,.85000002,1.14,1.15,10.86170686643668,2.6390574,-7.6838832,0,10.861707,2.6390574,1,-7.6838832,0
51,51810,0,620,511,645,620,682,645,748,682,779,748,779,955,1147,1460,1636,1685,1747,1724,1842,2449,8.9191856,2.9957323,3.1354942,3.5553482,8.9086943,6.9930153,7.0673199,6.4676986,6.7557688,7.2513452,4.3174882,6.6346335,5.3936276,2.8332133,6.6982679,8.6973457,7.4650826,11.694789,7.935945,7.1090622,9.6178703,11.521835,9.639327,9.2095404,9.1481457,8.93643,9.5908976,8.3387842,9.7357197,8.412055,4.919981,8.4836369,11.365168,10.23853,9.7754841,10.114235,9.9840536,10.033287,9.7159529,9.8791952,9.9482222,9.9542761,9.9068317,9.9389992,10.079749,8.9347191,9.9301291,9.4517956,9.4755468,9.6726265,9.6367188,.79000002,.86000001,.28,.31,1.29,1.67,1.01,.95999998,1.33,1.28,1.75,1.86,.80000001,.99000001,1.01,.95999998,.54000002,.55000001,1.36,1.37,1.62,1.62,.23,.23,.07,.050000001,1.26,1.4,1.1799999,1.16,1.13,1.09,12.88174044795943,5.4071717,-7.1568017,1,12.881741,5.4071717,1,-7.1568017,1
51,51820,0,19,22,23,19,46,23,32,46,38,32,38,42,49,56,61,73,81,83,70,94,6.2859979,1.0986123,2.3978953,3.2580965,6.20859,3.8066626,3.9120231,3.8918202,3.9702919,4.356709,1.9459101,3.713572,3.2958369,0,4.0943446,6.0402546,5.1179938,9.3986444,3.8066626,5.1647859,6.8926415,9.2933941,6.4831076,5.9939613,6.944087,5.768321,8.6401186,5.1119876,6.6025877,8.566555,0,5.480639,8.5587187,7.629004,10.016726,10.300887,9.9708662,9.8398552,10.030648,9.7619238,9.8471289,9.9528961,9.9611902,10.261791,9.9827147,8.9234581,10.287389,0,9.4866076,9.6992273,9.6755199,.13,.13,.40000001,.34,.83999997,.69999999,1.08,1.11,.56,.38,.69999999,.52999997,.87,.85000002,.41999999,.33000001,2.0599999,2.27,.54000002,.38999999,.69999999,.55000001,2.6600001,2.9300001,0,0,.62,.55000001,.70999998,.56,.81999999,.64999998,9.828171158226679,2.6390574,-7.3464904,0,9.8281708,2.6390574,1,-7.3464904,0
51,51830,0,7,6,2,7,2,2,2,2,3,2,3,4,3,4,2,0,6,3,2,1,6.4567695,1.0986123,0,0,6.3851943,4.2904596,3.7612002,4.2341065,4.1896548,3.9120231,2.1972246,4.6634393,0,0,4.0943446,6.2971091,5.0814042,9.6877537,4.8520303,0,0,9.523325,6.4831076,6.1114674,7.1491318,6.3543701,6.2245584,5.3327188,8.8828077,0,0,5.7745514,9.4856968,7.9837809,9.7543497,10.284762,0,0,9.6299057,10.243773,10.065351,9.9986162,9.9998884,10.035743,9.947217,9.4660673,0,0,9.3566895,9.6105251,9.4249678,.27000001,.34999999,0,0,0,0,1.01,.91000003,.41999999,.60000002,.58999997,.72000003,.80000001,1.0700001,.56999999,.60000002,.14,.16,.5,.44999999,5.1500001,8.9499998,0,0,0,0,.63,.63,1.34,1.26,.88,.69999999,9.352707613263105,1.0986123,-7.6975756,0,9.3527079,1.0986123,1,-7.6975756,0
51,51840,0,50,42,76,50,49,76,63,49,74,63,74,89,121,183,155,137,151,175,151,159,7.0983758,1.9459101,2.7080503,3.3672957,7.0561752,4.8751974,0,4.919981,4.6634393,5.0625949,2.1972246,4.59512,4.0073333,0,5.0369525,6.9097533,5.9026332,9.9384689,5.0498562,5.1474943,7.0021558,9.867135,6.84588,0,8.1385651,6.4216223,8.7071524,5.749393,7.5745583,8.5488853,0,6.5916739,9.4910736,8.5697861,9.9272528,10.332767,10.046202,9.8795023,9.9247599,10.072513,0,10.155568,9.9803095,10.164813,9.9217205,8.9187841,10.205923,0,9.4438305,9.7925005,9.6666889,.25,.30000001,.23,.23,.55000001,.51999998,1.11,1.13,.47,.47,0,0,1.6799999,2.1900001,.47999999,.41999999,1.28,1.41,.58999997,.44,1.08,.92000002,1.52,1.6900001,0,0,1.1,1.02,1.05,1,1.23,1.05,9.996385734902859,2.9957323,-7.0670795,0,9.9963856,2.9957323,1,-7.0670795,0
