cty_fips,cty,pop_2020,pop_2010,pop_2000,pop_1990,pop_1980,pop_1970,pop_1960,pop_1950,pop_1940,pop_1930,pop_1920,pop_1910,pop_1900
1001,"Autauga County, Alabama",58805,54571,43671,34222,32259,24460,18739,18186,20977,19694,18908,20038,17915
1003,"Baldwin County, Alabama",231767,182265,140415,98280,78556,59382,49088,40997,32324,28289,20730,18178,13194
1005,"Barbour County, Alabama",25223,27457,29038,25417,24756,22543,24700,28892,32722,32425,32067,32728,35152
1007,"Bibb County, Alabama",22293,22915,20826,16576,15723,13812,14357,17987,20155,20780,23144,22791,18498
1009,"Blount County, Alabama",59134,57322,51024,39248,36459,26853,25449,28975,29490,28020,25538,21456,23119
1011,"Bullock County, Alabama",10357,10914,11714,11042,10596,11824,13462,16054,19810,20016,25333,30196,31944
1013,"Butler County, Alabama",19051,20947,21399,21892,21680,22007,24560,29228,32447,30195,29531,29030,25761
1015,"Calhoun County, Alabama",116441,118572,112249,116034,119761,103092,95878,79539,63319,55611,47822,39115,34874
21135,"Lewis County, Kentucky",13080,13870,14092,13029,14545,12355,13115,13520,15686,14315,15829,16887,17868
21137,"Lincoln County, Kentucky",24275,24742,23361,20045,19053,16663,16503,18668,19859,17687,16481,17897,17059
21139,"Livingston County, Kentucky",8888,9519,9804,9062,9219,7596,7029,7184,9127,8608,9732,10627,11354
21141,"Logan County, Kentucky",27432,26835,26573,24416,24138,21793,20896,22335,23345,21875,23633,24977,25994
21143,"Lyon County, Kentucky",8680,8314,8080,6624,6490,5562,5924,6853,9067,8530,8795,9423,9319
21145,"McCracken County, Kentucky",67875,65565,65514,62879,61310,58281,57306,49137,48534,46271,37246,35064,28733
21147,"McCreary County, Kentucky",16888,18306,17080,15603,15634,12548,12463,16660,16451,14627,11676,0,0
21151,"Madison County, Kentucky",92701,82916,70872,57508,53352,42730,33482,31179,28541,27621,26284,26951,25607
21155,"Marion County, Kentucky",19581,19820,18212,16499,17910,16714,16887,17212,16913,15499,15527,16330,16290
21157,"Marshall County, Kentucky",31659,31448,30125,27205,25637,20381,16736,13387,16602,12889,15215,15771,13692
21161,"Mason County, Kentucky",17120,17490,16800,16666,17765,17273,18454,18486,19066,18862,17760,18611,20446
21163,"Meade County, Kentucky",30003,28602,26349,24170,22854,18796,18938,9422,8827,8042,9442,9783,10533
21167,"Mercer County, Kentucky",22641,21331,20817,19148,19011,15960,14596,14643,14629,14471,14795,14063,14426
21169,"Metcalfe County, Kentucky",10286,10099,10037,8963,9484,8177,8367,9851,10853,9373,10075,10453,9988
21173,"Montgomery County, Kentucky",28114,26499,22554,19561,20046,15364,13461,13025,12280,11660,12245,12868,12834
21175,"Morgan County, Kentucky",13726,13923,13948,11648,12103,10019,11056,13624,16827,15130,16518,16259,12792
21179,"Nelson County, Kentucky",46738,43437,37477,29710,27584,23477,22168,19521,18004,16551,16137,16830,16587
21181,"Nicholas County, Kentucky",7537,7135,6813,6725,7157,6508,6677,7532,8617,8571,9894,10601,11952
21185,"Oldham County, Kentucky",67607,60316,46178,33263,27795,14687,13388,11018,10716,7402,7689,7248,7078
21187,"Owen County, Kentucky",11278,10841,10547,9035,8924,7470,8237,9755,10942,10710,12554,14248,17553
21191,"Pendleton County, Kentucky",14644,14877,14390,12036,10989,9949,9968,9610,10392,10876,11719,11985,14947
21195,"Pike County, Kentucky",58669,65024,68736,72583,81123,61059,68264,81154,71122,63267,49477,31679,22686
21197,"Powell County, Kentucky",13129,12613,13237,11686,11101,7704,6674,6812,7671,5800,6745,6268,6443
21201,"Robertson County, Kentucky",2193,2282,2266,2124,2265,2163,2443,2881,3419,3344,3871,4121,4900
21203,"Rockcastle County, Kentucky",16037,17056,16582,14803,13973,12305,12334,13925,17165,15149,15406,14473,12416
21207,"Russell County, Kentucky",17991,17565,16315,14716,13708,10542,11076,13717,13615,11930,11854,10861,9695
21209,"Scott County, Kentucky",57155,47173,33061,23867,21813,17948,15376,15141,14314,14400,15318,16956,18076
21213,"Simpson County, Kentucky",19594,17327,16405,15145,14673,13054,11548,11678,11752,11336,11150,11460,11624
21215,"Spencer County, Kentucky",19490,17061,11766,6801,5929,5488,5680,6157,6757,6606,7785,7567,7406
21219,"Todd County, Kentucky",12243,12460,11971,10940,11874,10823,11364,12890,14234,13520,15694,16488,17371
21223,"Trimble County, Kentucky",8474,8809,8125,6090,6253,5349,5102,5148,5601,5348,6011,6512,7272
21225,"Union County, Kentucky",13668,15007,15637,16557,17821,15882,14537,14893,17411,17053,18040,19886,21326
21229,"Washington County, Kentucky",12027,11717,10916,10441,10764,10728,11168,12777,12965,12623,14773,13940,14182
21231,"Wayne County, Kentucky",19555,20813,19923,17468,17022,14268,14700,16475,17204,15848,16208,17518,14892
21235,"Whitley County, Kentucky",36712,35637,35865,33326,33396,24145,25815,31940,33186,29730,27749,31982,25015
21237,"Wolfe County, Kentucky",6562,7355,7065,6503,6698,5669,6534,7615,9997,8425,8783,9864,8764
23001,"Androscoggin County, Maine",111139,107702,103793,105259,99657,91279,86312,83594,76679,71214,65796,59822,54242
23003,"Aroostook County, Maine",67105,71870,73938,86936,91331,92463,106064,96039,94436,87843,81728,74664,60744
23007,"Franklin County, Maine",29456,30768,29467,29008,27098,22444,20069,20682,19896,19941,19825,19119,18444
23009,"Hancock County, Maine",55478,54418,51791,46948,41781,34590,32293,32105,32422,30721,30361,35575,37241
23013,"Knox County, Maine",40607,39736,39618,36310,32941,29013,28575,28121,27191,27693,26245,28981,30406
23015,"Lincoln County, Maine",35237,34457,33616,30357,25691,20537,18497,18004,16294,15498,15976,18216,19669
23019,"Penobscot County, Maine",152199,153923,144919,146601,137015,125393,126346,108198,97104,92379,87684,85285,76246
23021,"Piscataquis County, Maine",16800,17535,17235,18653,17634,16285,17379,18617,18467,18231,20554,19887,16949
23025,"Somerset County, Maine",50477,52228,50888,49767,45028,40597,39749,39785,38245,39111,37171,36301,33849
23029,"Washington County, Maine",31095,32856,33941,35308,34963,29859,32908,35187,37767,37826,41709,42905,45232
23031,"York County, Maine",211972,197131,186742,164587,139666,111576,99402,93541,82550,72934,70696,68526,64885
27003,"Anoka County, Minnesota",363887,330844,298084,243641,195998,154556,85916,35579,22443,18415,15626,12493,11313
27005,"Becker County, Minnesota",35183,32504,30000,27881,29336,24372,23959,24836,26562,22503,22851,18840,14375
27007,"Beltrami County, Minnesota",46228,44442,39650,34384,30982,26373,23425,24962,26107,20707,27079,19337,11030
27009,"Benton County, Minnesota",41379,38451,34226,30185,25187,20841,17287,15911,16106,15056,14073,11615,9912
27011,"Big Stone County, Minnesota",5166,5269,5820,6285,7716,7941,8954,9607,10447,9838,9766,9367,8731
27013,"Blue Earth County, Minnesota",69112,64013,55941,54044,52314,52322,44385,38327,36203,33847,31477,29337,32263
27015,"Brown County, Minnesota",25912,25893,26911,26984,28645,28887,27676,25895,25544,23428,22421,20134,19787
27017,"Carlton County, Minnesota",36207,35386,31671,29259,29936,28072,27932,24584,24212,21232,19391,17559,10017
27019,"Carver County, Minnesota",106922,91042,70205,47915,37046,28310,21358,18155,17606,16936,16946,17455,17544
27021,"Cass County, Minnesota",30066,28567,27150,21791,21050,17323,16720,19468,20646,15591,15897,11620,7777
27023,"Chippewa County, Minnesota",12598,12441,13088,13228,14941,15109,16320,16739,16927,15762,15720,13458,12499
27025,"Chisago County, Minnesota",56621,53887,41101,30521,25717,17492,13419,12669,13124,13189,14445,13537,13248
47121,"Meigs County, Tennessee",12758,11753,11086,8033,7431,5219,5160,6080,6393,6127,6077,6131,7491
47125,"Montgomery County, Tennessee",220069,172331,134768,100498,83342,62721,55645,44186,33346,30882,32265,33672,36017
47127,"Moore County, Tennessee",6461,6362,5740,4721,4510,3568,3454,3948,4093,4037,4491,4800,5706
47131,"Obion County, Tennessee",30787,31807,32450,31717,32781,29936,26957,29056,30978,29086,28393,29946,28286
47133,"Overton County, Tennessee",22511,22083,20118,17636,17575,14866,14661,17566,18883,18079,17617,15854,13353
47137,"Pickett County, Tennessee",5001,5077,4945,4548,4358,3774,4431,5093,6213,5615,5205,5087,5366
47139,"Polk County, Tennessee",17544,16825,16050,13643,13602,11669,12160,14074,15473,15686,14243,14116,11357
47143,"Rhea County, Tennessee",32870,31809,28400,24344,24235,17202,15863,16041,16353,13871,13812,15410,14318
47145,"Roane County, Tennessee",53404,54181,51910,47227,48425,38881,39133,31665,27795,24477,24624,22860,22738
47149,"Rutherford County, Tennessee",341486,262604,182023,118570,84058,59428,52368,40696,33604,32286,33059,33199,33543
47151,"Scott County, Tennessee",21850,22228,21127,18358,19259,14762,15413,17362,15966,14080,13411,12947,11077
47153,"Sequatchie County, Tennessee",15826,14112,11370,8863,8605,6331,5915,5685,5038,4047,3632,4202,3326
47157,"Shelby County, Tennessee",929744,927644,897472,826330,777113,722014,627019,482393,358250,306482,223216,191439,153557
47159,"Smith County, Tennessee",19904,19166,17712,14143,14935,12509,12059,14098,16148,15473,17134,18548,19026
47163,"Sullivan County, Tennessee",158163,156823,153048,143596,143968,127329,114139,95063,69085,51087,36259,28120,24935
47165,"Sumner County, Tennessee",196281,160645,130449,103281,85790,56106,36217,33533,32719,28622,27708,25621,26072
47169,"Trousdale County, Tennessee",11615,7870,7259,5920,6137,5155,4914,5520,6113,5629,5996,5874,6004
47171,"Unicoi County, Tennessee",17928,18313,17667,16549,16362,15254,15082,15886,14128,12678,10120,7201,5851
47175,"Van Buren County, Tennessee",6168,5548,5508,4846,4728,3758,3671,3985,4090,3516,2624,2784,3126
47177,"Warren County, Tennessee",40953,39839,38276,32992,32653,26972,23102,22271,19764,20209,17306,16534,16410
47181,"Wayne County, Tennessee",16232,17021,16842,13935,13946,12365,11908,13864,13638,12134,12877,12062,12936
47183,"Weakley County, Tennessee",32902,35021,34895,31972,32896,28827,24227,27962,29498,29262,31053,31929,32546
47187,"Williamson County, Tennessee",247726,183182,126638,81021,58108,34330,25267,24307,25220,22845,23409,24213,26429
47189,"Wilson County, Tennessee",147737,113993,88809,67675,56064,36999,27668,26318,25267,23929,26241,25394,27078
49003,"Box Elder County, Utah",57666,49975,42745,36485,33222,28129,25061,19734,18832,17810,18788,13894,10009
49005,"Cache County, Utah",133154,112656,91391,70183,57176,42331,35788,33536,29797,27424,26992,23062,18139
49009,"Daggett County, Utah",935,1059,921,690,769,666,1164,364,564,411,400,0,0
49011,"Davis County, Utah",362679,306479,238994,187941,146540,99028,64760,30867,15784,14021,11450,10191,7996
49015,"Emery County, Utah",9825,10976,10860,10332,11451,5137,5546,6304,7072,7042,7411,6750,4657
49017,"Garfield County, Utah",5083,5172,4735,3980,3673,3157,3577,4151,5253,4642,4768,3660,3400
49019,"Grand County, Utah",9669,9225,8485,6620,8241,6688,6345,1903,2070,1813,1808,1595,1149
49021,"Iron County, Utah",57289,46163,33779,20789,17349,12177,10795,9642,8331,7227,5787,3933,3546
49023,"Juab County, Utah",11786,10246,8238,5817,5530,4574,4597,5981,7392,8605,9871,10702,10082
49025,"Kane County, Utah",7667,7125,6046,5169,4024,2421,2667,2299,2561,2235,2054,1652,1811
49027,"Millard County, Utah",12975,12503,12405,11333,8970,6988,7866,9387,9613,9945,9659,6118,5678
49029,"Morgan County, Utah",12295,9469,7129,5528,4917,3983,2837,2519,2611,2536,2542,2467,2045
49031,"Piute County, Utah",1438,1556,1435,1277,1329,1164,1436,1911,2203,1956,2770,1734,1954
49033,"Rich County, Utah",2510,2264,1961,1725,2100,1615,1685,1673,2028,1873,1890,1883,1946
49035,"Salt Lake County, Utah",1185238,1029655,898387,725956,619066,458607,383035,274895,211623,194102,159282,131426,77725
49037,"San Juan County, Utah",14518,14746,14413,12621,12253,9606,9040,5315,4712,3496,3379,2377,1023
49039,"Sanpete County, Utah",28437,27822,22763,16259,14620,10976,11053,13891,16063,16022,17505,16704,16313
49041,"Sevier County, Utah",21522,20802,18842,15431,14727,10103,10565,12072,12112,11199,11281,9775,8451
49043,"Summit County, Utah",42357,36324,29736,15518,10198,5879,5673,6745,8714,9527,7862,8200,9439
49045,"Tooele County, Utah",72698,58218,40735,26601,26033,21545,17868,14636,9133,9413,7965,7924,7361
49047,"Uintah County, Utah",35620,32588,25224,22211,20506,12684,11582,10300,9898,9035,8470,7050,6458
49049,"Utah County, Utah",659399,516564,368536,263590,218106,137776,106991,81912,57382,49021,40792,37942,32456
49051,"Wasatch County, Utah",34788,23530,15215,10089,8523,5863,5308,5574,5754,5636,4625,8920,4736
49053,"Washington County, Utah",180279,138115,90354,48560,26065,13669,10271,9836,9269,7420,6764,5123,4612
49055,"Wayne County, Utah",2486,2778,2509,2177,1911,1483,1728,2205,2394,2067,2097,1749,1907
49057,"Weber County, Utah",262223,231236,196533,158330,144616,126278,110744,83319,56714,52172,43463,35179,25239
50003,"Bennington County, Vermont",37347,37125,36994,35845,33345,29282,25088,24115,22286,21655,21577,21378,21705
50005,"Caledonia County, Vermont",30233,31227,29702,27846,25808,22789,22786,24049,24320,27253,25762,26031,24381
50009,"Essex County, Vermont",5920,6306,6459,6405,6313,5416,6083,6257,6490,7067,7364,7384,8056
50011,"Franklin County, Vermont",49946,47746,45417,39980,34788,31282,29474,29894,29601,29975,30026,29866,30198
50015,"Lamoille County, Vermont",25945,24475,23233,19735,16767,13309,11027,11388,11028,10947,11858,12585,12289
50017,"Orange County, Vermont",29277,28936,28226,26149,22739,17676,16014,17027,17048,16694,17279,18703,19313
50021,"Rutland County, Vermont",60572,61642,63400,62142,58347,52637,46719,45905,45638,48453,46213,48139,44209
50023,"Washington County, Vermont",59807,59534,58039,54928,52393,47659,42860,42870,41546,41733,38921,41702,36607
50027,"Windsor County, Vermont",57753,56670,57418,54055,51030,44082,42483,40885,37862,37416,36984,33681,32225
51001,"Accomack County, Virginia",33413,33164,38305,31703,31268,29004,30635,33832,33030,35854,34795,36650,32570
27165,"Watonwan County, Minnesota",11253,11211,11876,11682,12361,13298,14460,13881,13902,12802,12457,11382,11496
29037,"Cass County, Missouri",107824,99478,82092,63808,51029,39448,29702,19325,19534,20962,21536,22973,23636
29043,"Christian County, Missouri",88842,77422,54285,32644,22402,15124,12359,12412,13538,13169,15252,15832,16939
29049,"Clinton County, Missouri",21184,20743,18979,16595,15916,12462,11588,11726,13261,13505,14461,15297,17363
29055,"Crawford County, Missouri",23056,24696,22804,19173,18300,14828,12647,11615,12693,11287,12355,13576,12959
29061,"Daviess County, Missouri",8430,8433,8016,7865,8905,8420,9502,11180,13398,14424,16641,17605,21325
29067,"Douglas County, Missouri",11578,13684,13084,11876,11594,9268,9653,12638,15600,13959,15436,16664,16802
29073,"Gasconade County, Missouri",14794,15222,15342,14006,13181,11878,12195,12342,12414,12172,12381,12847,12298
29079,"Grundy County, Missouri",9808,10261,10432,10536,11959,11819,12220,13220,15716,16135,17554,16744,17832
29085,"Hickory County, Missouri",8279,9627,8940,7335,6367,4481,4516,5387,6506,6430,7033,8741,9985
29091,"Howell County, Missouri",39750,40400,37238,31447,28807,23521,22027,22725,22270,19672,21102,21065,21834
29097,"Jasper County, Missouri",122761,117404,104686,90465,86958,79852,78863,79106,78705,73810,75941,89673,84018
29101,"Johnson County, Missouri",54013,52595,48258,42514,39059,34172,28981,20716,21617,22413,24899,26297,27843
29107,"Lafayette County, Missouri",32984,33381,32960,31107,29925,26626,25274,25272,27856,29259,30006,30154,31679
29113,"Lincoln County, Missouri",59574,52566,38944,28892,22193,18041,14783,13478,14395,13929,15956,17033,18352
29119,"McDonald County, Missouri",23303,23083,21681,16938,14917,12357,11798,14144,15749,13936,14690,13539,13574
29125,"Maries County, Missouri",8432,9176,8903,7976,7551,6851,7282,7423,8638,8368,9500,10088,9616
29131,"Miller County, Missouri",24722,24748,23564,20700,18532,15026,13800,13734,14798,16728,15567,16717,15187
29137,"Monroe County, Missouri",8666,8840,9311,9104,9716,9542,10688,11314,13195,13466,16414,18304,19716
29143,"New Madrid County, Missouri",16434,18956,19760,20928,22945,23420,31350,39444,39787,30262,25180,19488,11280
29149,"Oregon County, Missouri",8635,10881,10344,9470,10238,9180,9845,11978,13390,12220,12889,14681,13906
29155,"Pemiscot County, Missouri",15661,18296,20047,21921,24987,26373,38095,45624,46857,37284,26634,19559,12115
29203,"Shannon County, Missouri",7031,8441,8324,7613,7885,7196,7087,8377,11831,10894,11865,11443,11247
29209,"Stone County, Missouri",31076,32202,28658,19078,15587,9921,8176,9748,11298,11614,11941,11559,9892
29215,"Texas County, Missouri",24487,26008,23003,21476,21070,18320,17758,18992,19813,18580,20548,21458,22192
29221,"Washington County, Missouri",23514,25195,23344,20380,17983,15086,14346,14689,17492,14450,13803,13378,14263
29227,"Worth County, Missouri",1973,2171,2382,2440,3008,3359,3936,5120,6345,6535,7642,8007,9832
29510,"St. Louis city, Missouri",301578,319294,348189,396685,453085,622236,750026,856796,816048,821960,772897,687029,575238
12005,"Bay County, Florida",175216,168852,148217,126994,97740,75283,67131,42689,20686,12091,11407,0,0
12011,"Broward County, Florida",1944375,1748066,1623018,1255488,1018200,620100,333946,83933,39794,20094,5135,0,0
12017,"Citrus County, Florida",153843,141236,118085,93515,54703,19196,9268,6111,5846,5516,5220,6731,5391
12023,"Columbia County, Florida",69698,67531,56513,42613,35399,25250,20077,18216,16859,14638,14290,17689,17094
12031,"Duval County, Florida",995567,864263,778879,672971,571003,528865,455411,304029,210143,155503,113540,75163,39733
12037,"Franklin County, Florida",12451,11549,11057,8967,7661,7065,6576,5814,5991,6283,5318,5201,4890
12043,"Glades County, Florida",12126,12884,10576,7591,5992,3669,2950,2199,2745,2762,0,0,0
12049,"Hardee County, Florida",25327,27731,26938,19499,19379,14889,12370,10073,10158,10348,0,0,0
12055,"Highlands County, Florida",101235,98786,87366,68432,47526,29507,21338,13636,9246,9192,0,0,0
12061,"Indian River County, Florida",159788,138028,112947,90208,59896,35992,25309,11872,8957,6724,0,0,0
12067,"Lafayette County, Florida",8226,8870,7022,5578,4035,2892,2889,3440,4405,4361,6242,6710,4987
12073,"Leon County, Florida",292198,275487,239452,192493,148655,103047,74225,51590,31646,23476,18059,19427,19887
12077,"Liberty County, Florida",7974,8365,7021,5569,4260,3379,3138,3182,3752,4067,5006,4700,2956
12083,"Marion County, Florida",375908,331298,258916,194833,122488,69030,51616,38187,31243,29578,23968,26941,24403
12087,"Monroe County, Florida",82874,73090,79589,78024,63188,52586,47921,29957,14078,13624,19550,21563,18006
12093,"Okeechobee County, Florida",39644,39996,35910,29627,20264,11233,6424,3454,3000,4129,2132,0,0
31005,"Arthur County, Nebraska",434,460,444,462,513,606,680,803,1045,1344,1412,0,0
31011,"Boone County, Nebraska",5379,5505,6259,6667,7391,8190,9134,10721,12127,14738,14146,13145,11689
31017,"Brown County, Nebraska",2903,3145,3525,3657,4377,4021,4436,5164,5962,5772,6749,6083,3470
31023,"Butler County, Nebraska",8369,8395,8767,8601,9330,9461,10312,11432,13106,14410,14606,15403,15703
27159,"Wadena County, Minnesota",14065,13843,13713,13154,14192,12412,12199,12806,12772,10990,10699,8652,7921
31029,"Chase County, Nebraska",3893,3966,4068,4381,4758,4129,4317,5176,5310,5484,4939,3613,2559
31035,"Clay County, Nebraska",6104,6542,7039,7123,8106,8266,8717,8700,10445,13571,14486,15729,15735
31039,"Cuming County, Nebraska",9013,9139,10203,10117,11664,12034,12435,12994,13562,14327,13769,13782,14584
31045,"Dawes County, Nebraska",8199,9182,9060,9021,9609,9693,9536,9708,10128,11493,10160,8254,6215
31051,"Dixon County, Nebraska",5606,6000,6339,6143,7137,7453,8106,9129,10413,11586,11815,11477,10535
31057,"Dundy County, Nebraska",1654,2008,2292,2582,2861,2926,3570,4354,5122,5610,4869,4098,2434
31063,"Frontier County, Nebraska",2519,2756,3099,3101,3647,3982,4311,5282,6417,8114,8540,8572,8781
31069,"Garden County, Nebraska",1874,2057,2292,2460,2802,2929,3472,4114,4680,5099,4572,3538,0
31075,"Grant County, Nebraska",611,614,747,769,877,1019,1009,1057,1327,1427,1486,1097,763
31081,"Hamilton County, Nebraska",9429,9124,9403,8862,9301,8867,8714,8778,9982,12159,13237,13459,13330
1019,"Cherokee County, Alabama",24971,25989,23988,19543,18760,15606,16303,17634,19928,20219,20862,20226,21096
1021,"Chilton County, Alabama",45014,43643,39593,32458,30612,25180,25693,26922,27955,24579,22770,23187,16522
1023,"Choctaw County, Alabama",12665,13859,15922,16018,16839,16589,17870,19152,20195,20513,20753,18483,18136
1025,"Clarke County, Alabama",23087,25833,27867,27240,27702,26724,25738,26548,27636,26016,26409,30987,27790
1027,"Clay County, Alabama",14236,13932,14254,13252,13703,12636,12400,13929,16907,17768,22645,21006,17099
1029,"Cleburne County, Alabama",15056,14972,14123,12730,12595,10996,10911,11904,13629,12877,13360,13385,13206
1031,"Coffee County, Alabama",53465,49948,43615,40240,38533,34872,30583,30720,31987,32556,30070,26119,20972
1033,"Colbert County, Alabama",57227,54428,54984,51666,54519,49632,46506,39561,34093,29860,31997,24802,22341
1035,"Conecuh County, Alabama",11597,13228,14089,14054,15884,15645,17762,21776,25489,25429,24593,21433,17514
1037,"Coosa County, Alabama",10387,11539,12202,11063,11377,10662,10726,11766,13460,12460,14839,16634,16144
1041,"Crenshaw County, Alabama",13194,13906,13665,13635,14110,13188,14909,18981,23631,23656,23017,23313,19668
1043,"Cullman County, Alabama",87866,80406,77483,67613,61642,52445,45572,49046,47343,41051,33034,28321,17849
1047,"Dallas County, Alabama",38462,43820,46365,48130,53981,55296,56667,56270,55245,55094,54697,53401,54657
1049,"DeKalb County, Alabama",71608,71109,64452,54651,53658,41981,41417,45048,43075,40104,34426,28261,23558
1053,"Escambia County, Alabama",36757,38319,38440,35518,38440,34906,33511,31443,30671,27963,22464,18889,11320
1055,"Etowah County, Alabama",103436,104430,103459,99840,103057,94144,96980,93892,72580,63399,47275,39109,27361
1059,"Franklin County, Alabama",32113,31704,31223,27814,28350,23933,21988,25705,27552,25372,22011,19369,16511
1063,"Greene County, Alabama",7730,9045,9974,10153,11021,10650,13600,16482,19185,19745,18133,22717,24182
1065,"Hale County, Alabama",14785,15760,17185,15498,15604,15888,19537,20832,25533,26265,24289,27883,31011
1069,"Houston County, Alabama",107202,101547,88787,81331,74632,56574,50718,46522,45665,45935,37334,32414,0
1071,"Jackson County, Alabama",52579,53227,53926,47796,51407,39202,36681,38998,41802,36881,35864,32918,30508
1075,"Lamar County, Alabama",13972,14564,15904,15715,16453,14335,14271,16441,19708,18001,18149,17487,16084
1077,"Lauderdale County, Alabama",93564,92709,87966,79661,80546,68111,61622,54179,46230,41130,39556,30936,26559
1081,"Lee County, Alabama",174241,140247,115092,87146,76283,61268,49754,45073,36455,36063,32821,32867,31826
1085,"Lowndes County, Alabama",10311,11299,13473,12658,13253,12897,15417,18018,22661,22878,25406,31894,35651
1087,"Macon County, Alabama",19532,21452,24105,24928,26829,24841,26717,30561,27654,27103,23561,26049,23126
1091,"Marengo County, Alabama",19323,21027,22539,23084,25047,23819,27098,29494,35736,36426,36065,39923,38315
1093,"Marion County, Alabama",29341,30776,31214,29830,30041,23788,21837,27264,28776,25967,22008,17495,14494
1097,"Mobile County, Alabama",414809,412992,399843,378643,364980,317308,314301,231105,141974,118363,100117,80854,62740
1099,"Monroe County, Alabama",19772,23068,24324,23968,22651,20883,22372,25732,29465,30070,28884,27155,23666
1103,"Morgan County, Alabama",123421,119490,111064,100043,90231,77306,60454,52924,48148,46176,40196,33781,28820
1107,"Pickens County, Alabama",19123,19746,20949,20699,21481,20326,21882,24349,27671,24902,25353,25055,24402
1109,"Pike County, Alabama",33009,32899,29605,27595,28050,25038,25987,30608,32493,32240,31631,30815,29172
1113,"Russell County, Alabama",59183,52947,49756,46860,47356,45394,46351,40364,35775,27377,27448,25937,27083
1115,"St. Clair County, Alabama",91103,83593,64742,50009,41205,27956,25388,26687,27336,24510,23383,20715,19425
1119,"Sumter County, Alabama",12345,13763,14798,16174,16908,16974,20041,23610,27321,26929,25569,28699,32710
1123,"Tallapoosa County, Alabama",41311,41616,41475,38826,38676,33840,35007,35074,35270,31188,29744,31034,29675
1125,"Tuscaloosa County, Alabama",227036,194656,164875,150522,137541,116029,109047,94092,76036,64153,53680,47559,36147
1129,"Washington County, Alabama",15388,17581,18097,16694,16821,16241,15372,15612,16188,16365,14279,14454,11134
1131,"Wilcox County, Alabama",10600,11670,13183,13568,14755,16303,18739,23476,26279,24880,31080,33810,35631
6001,"Alameda County, California",1682353,1510271,1443741,1279182,1105379,1073184,908209,740315,513011,474883,344177,246131,130197
6003,"Alpine County, California",1204,1175,1208,1113,1097,484,397,241,323,241,243,309,509
6007,"Butte County, California",211632,220000,203171,182120,143851,101969,82030,64930,42840,34093,30030,27301,17117
6011,"Colusa County, California",21839,21419,18804,16275,12791,12430,12075,11651,9788,10258,9290,7732,7364
6013,"Contra Costa County, California",1165927,1049025,948816,803732,656380,558389,409030,298984,100450,78608,53889,31674,18046
6017,"El Dorado County, California",191185,181058,156299,125995,85812,43833,29390,16207,13229,8325,6426,7492,8986
6019,"Fresno County, California",1008654,930450,799407,667490,514621,413053,365945,276515,178565,144379,128779,75657,37862
1017,"Chambers County, Alabama",34772,34215,36583,36876,39191,36356,37828,39528,42146,39313,41201,36056,32554
6023,"Humboldt County, California",136463,134623,126518,119118,108514,99692,104892,69241,45812,43233,37413,33857,27104
6025,"Imperial County, California",179702,174528,142361,109303,92110,74492,72105,62975,59740,60903,43453,13591,0
6029,"Kern County, California",909235,839631,661645,543477,403089,329162,291984,228309,135124,82570,54843,37715,16480
6031,"Kings County, California",152486,152982,129461,101469,73738,64610,49954,46768,35168,25385,22031,16230,9871
6035,"Lassen County, California",32730,34895,33828,27598,21661,14960,13597,18474,14479,12589,8507,4802,4511
6039,"Madera County, California",156255,150865,123109,88090,63116,41519,40468,36964,23314,17164,12203,8368,6364
6041,"Marin County, California",262321,252409,247289,230096,222568,206038,146820,85619,52907,41648,27342,25114,15702
6043,"Mariposa County, California",17131,18251,17130,14302,11108,6015,5064,5145,5605,3233,2775,3956,4720
6045,"Mendocino County, California",91601,87841,86265,80345,66738,51101,51059,40854,27864,23505,24116,23929,20465
6047,"Merced County, California",281202,255793,210554,178403,134560,104629,90446,69780,46988,36748,24579,15148,9215
6049,"Modoc County, California",8700,9686,9449,9678,8610,7469,8308,9678,8713,8038,5425,6191,5076
27027,"Clay County, Minnesota",65318,58999,51229,50422,49327,46585,39080,30363,25337,23120,21780,19640,17942
27029,"Clearwater County, Minnesota",8524,8695,8423,8309,8761,8013,8864,10204,11153,9546,8569,6870,0
27031,"Cook County, Minnesota",5600,5176,5168,3868,4092,3423,3377,2900,3030,2435,1841,1336,810
27033,"Cottonwood County, Minnesota",11517,11687,12167,12694,14854,14887,16166,15763,16143,14782,14570,12651,12069
27035,"Crow Wing County, Minnesota",66123,62500,55099,44249,41722,34826,32134,30875,30226,25627,24566,16861,14250
27037,"Dakota County, Minnesota",439882,398552,355904,275227,194279,139808,78303,49019,39660,34592,28967,25171,21733
27039,"Dodge County, Minnesota",20867,20087,17731,15731,14773,13037,13259,12624,12931,12127,12552,12094,13340
27041,"Douglas County, Minnesota",39006,36009,32821,28674,27839,22892,21313,21304,20369,18813,19039,17669,17964
27043,"Faribault County, Minnesota",13921,14553,16181,16937,19714,20896,23685,23879,23941,21642,20998,19949,22055
27045,"Fillmore County, Minnesota",21228,20866,21122,20777,21930,21916,23768,24465,25830,24748,25330,25680,28238
27049,"Goodhue County, Minnesota",47582,46183,44127,40690,38749,34763,33035,32118,31564,31317,30799,31637,31137
27051,"Grant County, Minnesota",6074,6018,6289,6246,7171,7462,8870,9542,9828,9558,9788,9114,8935
27055,"Houston County, Minnesota",18843,19027,19718,18497,18382,17556,16588,14435,14735,13845,14013,14297,15400
27057,"Hubbard County, Minnesota",21344,20428,18376,14939,14098,10583,9962,11085,11085,9596,10136,9831,6578
27061,"Itasca County, Minnesota",45014,45058,43992,40863,43069,35530,38006,33321,32996,27224,23876,17208,4573
27065,"Kanabec County, Minnesota",16032,16239,14996,12802,12161,9775,9007,9192,9651,8558,9086,6461,4614
27067,"Kandiyohi County, Minnesota",43732,42239,41203,38761,36763,30548,29987,28644,26524,23574,22060,18969,18416
27071,"Koochiching County, Minnesota",12062,13311,14355,16299,17571,17131,18190,16910,16930,14078,13520,6431,0
27073,"Lac qui Parle County, Minnesota",6719,7259,8067,8924,10592,11164,13330,14545,15509,15398,15554,15435,14289
27077,"Lake of the Woods County, Minnesota",3763,4045,4522,4076,3764,3987,4304,4955,5975,4194,0,0,0
27079,"Le Sueur County, Minnesota",28674,27703,25426,23239,23434,21332,19906,19088,19227,17990,17870,18609,20234
27083,"Lyon County, Minnesota",25269,25857,25425,24789,25207,24273,22655,22253,21569,19326,18837,15722,14591
27085,"McLeod County, Minnesota",36771,36651,34898,32030,29657,27662,24401,22198,21380,20522,20444,18691,19595
27089,"Marshall County, Minnesota",9040,9439,10155,10993,13027,13060,14262,16125,18364,17003,19443,16338,15698
27091,"Martin County, Minnesota",20025,20840,21802,22914,24687,24316,26986,25655,24656,22401,21085,17518,16936
27095,"Mille Lacs County, Minnesota",26459,26097,22330,18670,18430,15703,14560,15165,15558,14076,14180,10705,8066
27097,"Morrison County, Minnesota",34010,33198,31712,29604,29311,26949,26641,25832,27473,25442,25841,24053,22891
27101,"Murray County, Minnesota",8179,8725,9165,9660,11507,12508,14743,14801,15060,13902,13631,11755,11911
27103,"Nicollet County, Minnesota",34454,32727,29771,28076,26929,24518,23196,20929,18282,16550,15036,14125,14774
27107,"Norman County, Minnesota",6441,6852,7442,7975,9379,10008,11253,12909,14746,14061,14880,13446,15045
27109,"Olmsted County, Minnesota",162847,144248,124277,106470,92006,84104,65532,48228,42658,35426,28014,22497,23119
27113,"Pennington County, Minnesota",13992,13930,13584,13306,15258,13266,12468,12965,12913,10487,12091,9376,0
27115,"Pine County, Minnesota",28876,29750,26530,21264,19871,16821,17004,18223,21478,20264,21117,15878,11546
27119,"Polk County, Minnesota",31192,31600,31369,32498,34844,34435,36182,35900,37734,36019,37090,36001,35429
27121,"Pope County, Minnesota",11308,10995,11236,10745,11657,11107,11914,12862,13544,13085,13631,12746,12577
27125,"Red Lake County, Minnesota",3935,4089,4299,4525,5471,5388,5830,6806,7413,6887,7263,6564,12195
27127,"Redwood County, Minnesota",15425,16059,16815,17254,19341,20024,21718,22127,22290,20620,20908,18425,17261
27131,"Rice County, Minnesota",67097,64142,56665,49183,46087,41582,38988,36235,32160,29974,28307,25911,26080
27133,"Rock County, Minnesota",9704,9687,9721,9806,10703,11346,11864,11278,10933,10962,10965,10222,9668
27137,"St. Louis County, Minnesota",200231,200226,200528,198213,222229,220693,231588,206062,206917,204596,206391,163274,82932
27139,"Scott County, Minnesota",150928,129928,89498,57846,43784,32423,21909,16486,15585,14116,14245,14888,15147
27143,"Sibley County, Minnesota",14836,15226,15356,14366,15448,15845,16228,15816,16625,15865,15635,15540,16862
27145,"Stearns County, Minnesota",158292,150642,133166,118791,108161,95400,80345,70681,67200,62121,55741,47733,44464
27149,"Stevens County, Minnesota",9671,9726,10053,10634,11322,11218,11262,11106,11039,10185,9778,8293,8721
27151,"Swift County, Minnesota",9838,9783,11956,10724,12920,13177,14936,15837,15469,14735,15093,12949,13503
27155,"Traverse County, Minnesota",3360,3558,4134,4463,5542,6254,7503,8053,8283,7938,7943,8049,7573
27157,"Wabasha County, Minnesota",21387,21676,21610,19744,19335,17224,17007,16878,17653,17613,17919,18554,18924
27161,"Waseca County, Minnesota",18968,19136,19526,18079,18448,16663,16041,14957,15186,14412,14133,13466,14760
27163,"Washington County, Minnesota",267568,238136,201130,145896,113571,82948,52432,34544,26430,24753,23761,26013,27808
27167,"Wilkin County, Minnesota",6506,6576,7138,7516,8454,9389,10650,10567,10475,9791,10187,9063,8080
27169,"Winona County, Minnesota",49671,51461,49985,47828,46256,44409,40937,39841,37795,35144,33653,33398,35686
27171,"Wright County, Minnesota",141337,124700,89986,68710,58681,38933,29935,27716,27550,27119,28685,28082,29157
27173,"Yellow Medicine County, Minnesota",9528,10438,11080,11684,13653,14418,15523,16279,16917,16625,16550,15406,14602
29001,"Adair County, Missouri",25314,25607,24977,24577,24870,22472,20105,19689,20246,19436,21404,22700,21728
29003,"Andrew County, Missouri",18135,17291,16492,14632,13980,11913,11062,11727,13015,13469,14075,15282,17332
29005,"Atchison County, Missouri",5305,5685,6430,7457,8605,9240,9213,11127,12897,13421,13008,13604,16501
29007,"Audrain County, Missouri",24962,25529,25853,23599,26458,25362,26079,23829,22673,22077,20589,21687,21160
29009,"Barry County, Missouri",34534,35597,34010,27547,24408,19597,18921,21755,23546,22803,23473,23869,25532
29011,"Barton County, Missouri",11637,12402,12541,11312,11292,10431,11113,12678,14148,14560,16879,16747,18253
51005,"Alleghany County, Virginia",15223,16250,12926,13176,14333,12461,12128,23139,22688,20188,15332,14173,16330
51007,"Amelia County, Virginia",13265,12690,11400,8787,8405,7592,7815,7908,8495,8979,9800,8720,9037
51011,"Appomattox County, Virginia",16119,14973,13705,12298,11971,9784,9148,8764,9020,8402,9255,8904,9662
51013,"Arlington County, Virginia",238643,207627,189453,170936,152599,174284,163401,135449,57040,26615,16040,10231,6430
51017,"Bath County, Virginia",4209,4731,5048,4799,5860,5192,5335,6296,7191,8137,6389,6538,5595
51019,"Bedford County, Virginia",79462,68676,60371,45656,34927,26728,31028,29627,29687,29091,30669,29549,30356
51023,"Botetourt County, Virginia",33596,33148,30496,24992,23270,18193,16715,15766,16447,15457,16557,17727,17161
51025,"Brunswick County, Virginia",15849,17434,18419,15987,15632,16172,17779,20136,19575,20486,21025,19244,18217
51029,"Buckingham County, Virginia",16824,17146,15623,12873,11751,10597,10877,12288,13398,13315,14885,15204,15266
51031,"Campbell County, Virginia",55696,54842,51078,47572,45424,43319,32958,28877,26048,22885,26716,23043,23256
51035,"Carroll County, Virginia",29155,30042,29245,26594,27270,23092,23178,26695,25904,22141,21283,21116,19303
51036,"Charles City County, Virginia",6773,7256,6926,6282,6692,6158,5492,4676,4275,4881,4793,5253,5040
51037,"Charlotte County, Virginia",11529,12586,12472,11688,12266,11551,13368,14057,15861,16061,17540,15785,15343
51043,"Clarke County, Virginia",14783,14034,12652,12101,9965,8102,7942,7074,7159,7167,7165,7468,7927
51045,"Craig County, Virginia",4892,5190,5091,4372,3948,3524,3356,3452,3769,3562,4100,4711,4293
51049,"Cumberland County, Virginia",9675,10052,9017,7825,7881,6179,6360,7252,7505,7535,9111,9195,8996
51051,"Dickenson County, Virginia",14124,15903,16395,17620,19806,16077,20211,23393,21266,16163,13542,9199,7747
51057,"Essex County, Virginia",10599,11151,9989,8689,8864,7099,6690,6530,7006,6976,8542,9105,9701
51059,"Fairfax County, Virginia",1150309,1081726,969749,818584,596901,455021,275002,98557,40929,25264,21943,20536,18580
51063,"Floyd County, Virginia",15476,15279,13874,12005,11563,9775,10462,11351,11967,11698,13115,14092,15388
51065,"Fluvanna County, Virginia",27249,25691,20047,12429,10244,7621,7227,7121,7088,7466,8547,8323,9050
51069,"Frederick County, Virginia",91419,78305,59209,45723,34150,28893,21941,17537,14008,13167,12461,12787,13239
51071,"Giles County, Virginia",16787,17286,16657,16366,17810,16741,17219,18956,14635,12804,11901,11623,10793
51075,"Goochland County, Virginia",24727,21717,16863,14163,11761,10069,9206,8934,8454,7953,8863,9237,9519
51077,"Grayson County, Virginia",15333,15533,17917,16278,16579,15439,17390,21379,21916,20017,19816,19856,16853
51081,"Greensville County, Virginia",11391,12243,11560,8853,10903,9604,16155,16319,14866,13388,11606,11890,9758
51083,"Halifax County, Virginia",34022,36241,37355,29033,30599,30076,33637,41442,41271,41283,41374,40044,37197
51087,"Henrico County, Virginia",334389,306935,262300,217881,180735,154364,117339,57340,41960,30310,18972,23437,30062
51089,"Henry County, Virginia",50948,54151,57930,56942,57654,50901,40335,31219,26481,20088,20238,18459,19265
51093,"Isle of Wight County, Virginia",38606,35270,29728,25053,21603,18285,17164,14906,13381,13409,14433,14929,13102
51095,"James City County, Virginia",78254,67009,48102,34859,22763,17853,11539,6317,4907,3879,3676,3624,3688
51097,"King and Queen County, Virginia",6608,6945,6630,6289,5968,5491,5889,6299,6954,7618,9161,9576,9265
51099,"King George County, Virginia",26723,23584,16803,13527,10543,8039,7243,6710,5431,5297,5762,6378,6918
51101,"King William County, Virginia",17810,15935,13146,10913,9334,7497,7563,7589,7855,7929,8739,8547,8380
51103,"Lancaster County, Virginia",10919,11391,11567,10896,10129,9126,9174,8640,8786,8896,9757,9752,8949
51105,"Lee County, Virginia",22173,25587,23589,24496,25956,20321,25824,36106,39296,30419,25293,23840,19856
51107,"Loudoun County, Virginia",420959,312311,169599,86129,57427,37150,24549,21147,20291,19852,20577,21167,21948
51109,"Louisa County, Virginia",37596,33153,25627,20325,17825,14004,12959,12826,13665,14309,17089,16578,16517
51111,"Lunenburg County, Virginia",11936,12914,13146,11419,12124,11687,12523,14116,13844,14058,15260,12780,11705
51113,"Madison County, Virginia",13837,13308,12520,11949,10232,8638,8187,8273,8465,8952,9595,10055,10216
51115,"Mathews County, Virginia",8533,8978,9207,8348,7995,7168,7121,7148,7149,7884,8447,8922,8239
51117,"Mecklenburg County, Virginia",30319,32727,32380,29241,29444,29426,31428,33497,31933,32622,31208,28956,26551
51119,"Middlesex County, Virginia",10625,10959,9932,8653,7719,6295,6319,6715,6673,7273,8157,8852,8220
51121,"Montgomery County, Virginia",99721,94392,83629,73913,63516,47157,32923,29780,21206,19605,18595,17268,15852
51125,"Nelson County, Virginia",14775,15020,14445,12778,12204,11702,12752,14042,16241,16345,17277,16821,16075
51127,"New Kent County, Virginia",22945,18429,13462,10445,8781,5300,4504,3995,4092,4300,4541,4682,4865
51131,"Northampton County, Virginia",12282,12389,13093,13061,14625,14442,16966,17300,17597,18565,17852,16672,13770
51133,"Northumberland County, Virginia",11839,12330,12259,10524,9828,9239,10185,10012,10463,11081,11518,10777,9846
51135,"Nottoway County, Virginia",15642,15853,15725,14993,14666,14260,15141,15479,15556,14866,14161,13462,12366
51137,"Orange County, Virginia",36254,33481,25881,21421,18063,13792,12900,12755,12649,12070,13320,13486,12571
51139,"Page County, Virginia",23709,24042,23177,21690,19401,16581,15572,15152,14863,14852,14770,14147,13794
51141,"Patrick County, Virginia",17608,18490,19407,17473,17647,15282,15282,15642,16613,15787,16850,17195,15403
51145,"Powhatan County, Virginia",30333,28046,22377,15328,13062,7696,6747,5556,5671,6143,6552,6099,6824
51147,"Prince Edward County, Virginia",21849,23368,19720,17320,16456,14379,14121,15398,14922,14520,14767,14266,15045
51149,"Prince George County, Virginia",43010,35725,33047,27394,25733,29092,20270,19679,12226,10311,12915,7848,7752
51155,"Pulaski County, Virginia",33800,34872,35127,34496,35229,29564,27258,27758,22767,20566,17111,17246,14609
51157,"Rappahannock County, Virginia",7348,7373,6983,6622,6093,5199,5368,6112,7208,7717,8070,8044,8843
51161,"Roanoke County, Virginia",96929,92376,85778,79332,72945,67339,61693,41486,42897,35289,22395,19623,15837
31087,"Hitchcock County, Nebraska",2616,2908,3111,3750,4079,4051,4829,5867,6404,7269,6045,5415,4409
31093,"Howard County, Nebraska",6475,6274,6567,6055,6773,6807,6541,7226,8422,10020,10739,10783,10343
31099,"Kearney County, Nebraska",6688,6489,6882,6629,7053,6707,6580,6409,6854,8094,8583,9106,9866
31105,"Kimball County, Nebraska",3434,3821,4089,4108,4882,6009,7975,4283,3913,4675,4498,1942,758
31111,"Lincoln County, Nebraska",34676,36288,34632,32508,36455,29538,28491,27380,25425,25627,23420,15684,11416
31117,"McPherson County, Nebraska",399,539,533,546,593,623,735,825,1175,1358,1692,2470,517
31123,"Morrill County, Nebraska",4555,5042,5440,5423,6085,5813,7057,8263,9436,9950,9151,4584,0
31127,"Nemaha County, Nebraska",7074,7248,7576,7980,8367,8976,9099,10973,12781,12356,12547,13095,14952
31175,"Valley County, Nebraska",4059,4260,4647,5169,5633,5783,6590,7252,8163,9533,9823,9480,7339
31179,"Wayne County, Nebraska",9697,9595,9851,9364,9858,10400,9959,10129,9880,10566,9725,10397,9862
31185,"York County, Nebraska",14125,13665,14598,14428,14798,13685,13724,14346,14874,17239,17146,18721,18205
32005,"Douglas County, Nevada",49488,46997,41259,27637,19421,6882,3481,2029,2056,1840,1825,1895,1534
32011,"Eureka County, Nevada",1855,1987,1651,1547,1198,948,767,896,1361,1333,1350,1830,1954
32017,"Lincoln County, Nevada",4499,5345,4165,3775,3732,2557,2431,3837,4130,3601,2287,3489,3284
32023,"Nye County, Nevada",51591,43946,32485,17781,9048,5599,4374,3101,3606,3989,6504,7513,1140
32031,"Washoe County, Nevada",486492,421407,339486,254667,193623,121068,84743,50205,32476,27158,18627,17434,9141
33001,"Belknap County, New Hampshire",63705,60088,56325,49216,42884,32367,28912,26632,24328,22623,21178,21309,19526
33007,"Coos County, New Hampshire",31268,33055,33111,34828,35147,34291,37140,35932,39274,38959,36093,30753,29468
33013,"Merrimack County, New Hampshire",153808,146445,136225,120005,98302,80925,67785,63022,60710,56152,51770,53335,52430
33019,"Sullivan County, New Hampshire",43063,43742,40458,38592,36063,30949,28067,26441,25442,24286,20922,19337,18009
22005,"Ascension Parish, Louisiana",126500,107215,76627,58214,50068,37086,27927,22387,21215,18438,22155,23887,24142
22011,"Beauregard Parish, Louisiana",36549,35654,32986,30083,29692,22888,19191,17766,14847,14569,20767,0,0
22017,"Caddo Parish, Louisiana",237848,254969,252161,248253,252358,230184,223859,176547,150203,124670,83265,58200,44499
22023,"Cameron Parish, Louisiana",5617,6839,9991,9260,9336,8194,6909,6244,7203,6054,3952,4288,3952
22029,"Concordia Parish, Louisiana",18687,20822,20247,20828,22981,22578,20467,14398,14562,12778,12466,14278,13559
22035,"East Carroll Parish, Louisiana",7459,7759,9421,9709,11772,12884,14433,16302,19023,15815,11231,11637,11373
22041,"Franklin Parish, Louisiana",19774,20767,21263,22387,24141,23946,26088,29376,32382,30530,24100,11989,8890
22047,"Iberville Parish, Louisiana",30241,33387,33320,31049,32159,30746,29939,26750,27721,24638,26806,30954,27006
22053,"Jefferson Davis Parish, Louisiana",32250,31594,31435,30722,32168,29554,29825,26298,24191,19765,18999,0,0
22101,"St. Mary Parish, Louisiana",49406,54650,53500,58086,64253,60752,48833,35848,31458,29397,30754,39368,34145
22107,"Tensas Parish, Louisiana",4147,5252,6618,7103,8525,9732,11796,13209,15940,15096,12085,17060,19070
22111,"Union Parish, Louisiana",21107,22721,22803,20690,21167,18447,17624,19141,20943,20731,19621,20451,18520
22117,"Washington Parish, Louisiana",45463,47168,43926,43185,44207,41987,44015,38371,34443,29904,24164,18886,9628
22123,"West Carroll Parish, Louisiana",9751,11604,12314,12093,12922,13028,14177,17248,19252,13895,8857,6249,3685
36003,"Allegany County, New York",46456,48946,49927,50470,51742,46458,43978,43784,39681,38025,36842,41412,41501
36009,"Cattaraugus County, New York",77042,80317,83955,84234,85697,81666,80187,77901,72652,72398,71323,65919,65643
36015,"Chemung County, New York",84148,88830,91070,95195,97656,101537,98706,86827,73718,74680,65872,54662,54063
36021,"Columbia County, New York",61570,63096,63094,62982,59487,51519,47322,43182,41464,41617,38930,43658,43211
36027,"Dutchess County, New York",295911,297488,280150,259462,245055,222295,176008,136781,120542,105462,91747,87661,81670
36031,"Essex County, New York",37381,39370,38851,37152,36176,34631,35300,35086,34178,33959,31871,33458,30707
36037,"Genesee County, New York",58388,60079,60370,60060,59400,58722,53994,47584,44481,44468,37976,37615,34561
36043,"Herkimer County, New York",60139,64519,64427,65797,66714,67633,66370,61407,59527,64006,64962,56356,51049
36049,"Lewis County, New York",26582,27087,26944,26796,25035,23644,23249,22521,22815,23447,23704,24849,27427
36055,"Monroe County, New York",759443,744344,735343,713968,702238,711917,586387,487632,438230,423881,352034,283212,217854
36061,"New York County, New York",1694251,1585873,1537195,1487536,1428285,1539233,1698281,1960101,1889924,1867312,2284103,2762522,2050600
36067,"Onondaga County, New York",476516,467026,458336,468973,463920,472746,423028,341719,295108,291606,241465,200298,168735
36073,"Orleans County, New York",40343,42883,44171,41846,38496,37305,34159,29832,27760,28795,28619,32000,30164
36079,"Putnam County, New York",97668,99710,95745,83941,77193,56696,31722,20307,16555,13744,10802,14665,13787
36085,"Richmond County, New York",495747,468730,443728,378977,352121,295443,221991,191555,174441,158346,116531,85969,67021
37007,"Anson County, North Carolina",22055,26948,25275,23474,25649,23488,24962,26781,28443,29349,28334,25465,21870
37013,"Beaufort County, North Carolina",44652,47759,44958,42283,40355,35980,36014,37134,36431,35026,31024,30877,26404
37019,"Brunswick County, North Carolina",136693,107431,73143,50985,35777,24223,20278,19238,17125,15818,14876,14432,12657
37025,"Cabarrus County, North Carolina",225804,178011,131063,98935,85895,74629,68137,63783,59393,44331,33730,26240,22456
37031,"Carteret County, North Carolina",67686,66469,59383,52556,41092,31603,30940,23059,18284,16900,15384,13776,11811
37037,"Chatham County, North Carolina",76285,63505,49329,38759,33415,29554,26785,25392,24726,24177,23814,22635,23912
37045,"Cleveland County, North Carolina",99519,98078,96287,84714,83435,72556,66048,64357,58055,51914,34272,29494,25078
37051,"Cumberland County, North Carolina",334728,319431,302963,274566,247160,212042,148418,96006,59320,45219,35064,35284,29249
37057,"Davidson County, North Carolina",168930,162878,147246,126677,113162,95627,79493,62244,53377,47865,35201,29404,23403
6053,"Monterey County, California",439035,415057,401762,355660,290444,250071,198351,130498,73032,53705,27980,24146,19380
6055,"Napa County, California",138019,136484,124279,110765,99199,79140,65890,46603,28503,22897,20678,19800,16451
6057,"Nevada County, California",102241,98764,92033,78510,51645,26346,20911,19888,19283,10596,10850,14955,17789
6059,"Orange County, California",3186989,3010232,2846289,2410556,1932709,1420386,703925,216224,130760,118674,61375,34436,19696
6061,"Placer County, California",404739,348432,248399,172796,117247,77306,56998,41649,28108,24468,18584,18237,15786
6063,"Plumas County, California",19790,20007,20824,19739,17340,11707,11620,13519,11548,7913,5681,5259,4657
6065,"Riverside County, California",2418185,2189641,1545387,1170413,663166,459074,306191,170046,105524,81024,50297,34696,17897
6067,"Sacramento County, California",1585055,1418788,1223499,1041219,783381,631498,502778,277140,170333,141999,91029,67806,45915
6069,"San Benito County, California",64209,55269,53234,36697,25005,18226,15396,14370,11392,11311,8995,8041,6633
6071,"San Bernardino County, California",2181654,2035210,1709434,1418380,895016,684072,503591,281642,161108,133900,73401,56706,27929
6073,"San Diego County, California",3298634,3095313,2813833,2498016,1861846,1357854,1033011,556808,289348,209659,112248,61665,35090
6075,"San Francisco County, California",873965,805235,776733,723959,678974,715674,740316,775357,634536,634394,506676,416912,342782
6077,"San Joaquin County, California",779233,685306,563598,480628,347342,290208,249989,200750,134207,102940,79905,50731,35452
6079,"San Luis Obispo County, California",282424,269637,246681,217162,155435,105690,81044,51417,33246,29613,21893,19383,16637
6081,"San Mateo County, California",764442,718451,707161,649623,587329,556234,444387,235659,111782,77405,36781,26585,12094
6085,"Santa Clara County, California",1936259,1781642,1682585,1497577,1295071,1064714,642315,290547,174949,145118,100676,83539,60216
6087,"Santa Cruz County, California",270861,262382,255602,229734,188141,123790,84219,66534,45057,37433,26269,26140,21512
6091,"Sierra County, California",3236,3240,3555,3318,3073,2365,2247,2410,3025,2422,1783,4098,4017
6095,"Solano County, California",453491,413344,394542,340421,235203,169941,134597,104833,49118,40834,40602,27559,24143
6097,"Sonoma County, California",488863,483878,458614,388222,299681,204885,147375,103405,69052,62222,52090,48394,38480
6101,"Sutter County, California",99633,94737,78930,64415,52246,41935,33380,26239,18680,14618,10115,6328,5886
6103,"Tehama County, California",65829,63463,56039,49625,38888,29517,25305,19276,14316,13866,12882,11401,10996
6107,"Tulare County, California",473117,442179,368021,311921,245738,188322,168403,149264,107152,77442,59031,35440,18375
6109,"Tuolumne County, California",55620,55365,54501,48456,33928,22169,14404,12584,10887,9271,7768,9979,11166
6113,"Yolo County, California",216403,200849,168660,141092,113374,91788,65727,40640,27243,23644,17105,13926,13618
6115,"Yuba County, California",81575,72155,60219,58228,49733,44736,33859,24420,17034,11331,10375,10042,8620
5003,"Ashley County, Arkansas",19062,21853,24209,24319,26538,24976,24220,25660,26785,25151,23410,25268,19734
5005,"Baxter County, Arkansas",41627,41513,38386,31186,27409,15319,9943,11683,10281,9519,10216,10389,9298
5009,"Boone County, Arkansas",37373,36903,33948,28297,26067,19073,16116,16260,15860,14937,16098,14318,16396
5013,"Calhoun County, Arkansas",4739,5368,5744,5826,6079,5573,5991,7132,9636,9752,11807,9894,8539
5015,"Carroll County, Arkansas",28260,27446,25357,18654,16203,12301,11284,13244,14737,15820,17786,16829,18848
5019,"Clark County, Arkansas",21446,22995,23546,21437,23326,21537,20950,22998,24402,24932,25632,23686,21289
5021,"Clay County, Arkansas",14552,16083,17609,18107,20616,18771,21258,26674,28386,27278,27276,23690,15886
5025,"Cleveland County, Arkansas",7550,8689,8571,7781,7868,6605,6944,8956,12570,12744,12260,13481,11620
5027,"Columbia County, Arkansas",22801,24552,25603,25691,26644,25952,26400,28770,29822,27320,27670,23820,22077
5031,"Craighead County, Arkansas",111231,96443,82148,68956,63239,52068,47303,50613,47200,44740,37541,27627,19505
5035,"Crittenden County, Arkansas",48163,50902,50866,49939,49499,48106,47564,47184,42473,39717,29309,22447,14529
5037,"Cross County, Arkansas",16833,17870,19526,19225,20434,19783,19551,24757,26046,25723,18579,14042,11051
5041,"Desha County, Arkansas",11395,13008,15341,16798,19760,18761,20770,25155,27160,21814,20297,15274,11511
5043,"Drew County, Arkansas",17350,18509,18723,17369,17910,15157,15213,17959,19831,19928,21822,21960,19451
5047,"Franklin County, Arkansas",17097,18125,17771,14897,14705,11301,10213,12358,15683,15762,19364,20638,17395
5049,"Fulton County, Arkansas",12075,12245,11642,10037,9975,7699,6657,9187,10253,10834,11182,12193,12917
5053,"Grant County, Arkansas",17958,17853,16464,13948,13008,9711,8294,9024,10477,9834,10710,9425,7671
5057,"Hempstead County, Arkansas",20065,22609,23587,21621,23635,19308,19661,25080,32770,30847,31602,28285,24101
5059,"Hot Spring County, Arkansas",33040,32923,30353,26115,26819,21963,21893,22181,18916,18105,17784,15022,12748
5063,"Independence County, Arkansas",37938,36647,34233,31192,30147,22723,20048,23488,25643,24225,23976,24776,22557
5065,"Izard County, Arkansas",13577,13696,13249,11364,10768,7381,6766,9953,12834,12872,13871,14561,13506
6051,"Mono County, California",13195,14202,12853,9956,8577,4016,2213,2115,2299,1360,960,2042,2167
5069,"Jefferson County, Arkansas",67260,77435,84278,85487,90718,85329,81373,76075,65101,64154,60330,52734,40972
5071,"Johnson County, Arkansas",25749,25540,22781,18221,17423,13630,12421,16138,18795,19289,21062,19698,17448
5075,"Lawrence County, Arkansas",16216,17415,17774,17457,18447,16320,17267,21303,22651,21663,22098,20001,16491
5079,"Lincoln County, Arkansas",12941,14134,14492,13690,13369,12913,14447,17079,19709,20250,18774,15118,13389
5081,"Little River County, Arkansas",12026,13171,13628,13966,13952,11194,9211,11690,15932,15515,16301,13597,13731
5085,"Lonoke County, Arkansas",74015,68356,52828,39268,34518,26249,24551,27278,29802,33759,33400,27983,22544
5087,"Madison County, Arkansas",16521,15717,14243,11618,11373,9453,9068,11734,14531,13334,14918,16056,19864
5091,"Miller County, Arkansas",42600,43462,40443,38467,37766,33385,31686,32614,31874,30586,24021,19555,17558
5095,"Monroe County, Arkansas",6799,8149,10254,11333,14052,15657,17327,19540,21133,20651,21601,19907,16816
5097,"Montgomery County, Arkansas",8484,9487,9245,7841,7771,5821,5370,6680,8876,10768,11112,12455,9444
29013,"Bates County, Missouri",16042,17049,16653,15025,15873,15468,15905,17534,19531,22068,23933,25869,30141
29015,"Benton County, Missouri",19394,19056,17180,13859,12183,9695,8737,9080,11142,11708,12989,14881,16556
29017,"Bollinger County, Missouri",10567,12363,12029,10619,10301,8820,9167,11019,12898,12269,13909,14576,14650
29019,"Boone County, Missouri",183610,162642,135454,112379,100376,80911,55202,48432,34991,30995,29672,30533,28642
29021,"Buchanan County, Missouri",84793,89201,85998,83083,87888,86915,90581,96826,94067,98633,93684,93020,121838
29023,"Butler County, Missouri",42130,42794,40867,38765,37693,33529,34656,37707,34276,23697,24106,20624,16769
29025,"Caldwell County, Missouri",8815,9424,8969,8380,8660,8351,8830,9929,11629,12509,13849,14605,16656
29027,"Callaway County, Missouri",44283,44332,40766,32809,32252,25850,23858,23316,23094,19923,23007,24400,25984
29029,"Camden County, Missouri",42745,44002,37051,27495,20017,13315,9116,7861,8971,9142,10474,11582,13113
29031,"Cape Girardeau County, Missouri",81710,75674,68693,61633,58837,49350,42020,38397,37775,33203,29839,27621,24315
29033,"Carroll County, Missouri",8495,9295,10285,10748,12131,12565,13847,15589,17814,19940,20480,23098,26455
29035,"Carter County, Missouri",5202,6265,5941,5515,5428,3878,3973,4777,6226,5503,7482,5504,6706
29039,"Cedar County, Missouri",14188,13982,13733,12093,11894,9424,9185,10663,11697,11136,13933,16080,16923
29041,"Chariton County, Missouri",7408,7831,8438,9202,10489,11084,12720,14944,18084,19588,21769,23503,26826
29045,"Clark County, Missouri",6634,7139,7416,7547,8493,8260,8725,9003,10166,10254,11874,12811,15383
29047,"Clay County, Missouri",253335,221939,184006,153411,136488,123322,87474,45221,30417,26811,20455,20302,18903
29051,"Cole County, Missouri",77279,75990,71397,63579,56663,46228,40761,35464,34912,30848,24680,21957,20578
29053,"Cooper County, Missouri",17103,17601,16670,14835,14643,14732,15448,16608,18075,19522,19308,20311,22532
29057,"Dade County, Missouri",7569,7883,7923,7449,7383,6850,7577,9324,11248,11764,14173,15613,18125
29059,"Dallas County, Missouri",17071,16777,15661,12646,12096,10054,9314,10392,11523,10541,12033,13181,13903
29063,"DeKalb County, Missouri",11029,12892,11597,9967,8222,7305,7226,8047,9751,10270,11694,12531,14418
29065,"Dent County, Missouri",14421,15657,14927,13702,14517,11457,10445,10936,11763,10974,12318,13245,12986
29069,"Dunklin County, Missouri",28283,31953,33155,33112,36324,33742,39139,45329,44957,35799,32773,30328,21706
29071,"Franklin County, Missouri",104682,101492,93807,80603,71233,55116,44566,36046,33868,30519,28427,29830,30581
29075,"Gentry County, Missouri",6162,6738,6861,6848,7887,8060,8793,11036,13359,14348,15634,16820,20554
29077,"Greene County, Missouri",298915,275174,240391,207949,185302,152929,126276,104823,90541,82929,68698,63831,52713
29081,"Harrison County, Missouri",8157,8957,8850,8469,9890,10257,11603,14107,16525,17233,19719,20466,24398
29083,"Henry County, Missouri",21946,22272,21997,20044,19672,18451,19226,20043,22313,22931,25116,27242,28054
29087,"Holt County, Missouri",4223,4912,5351,6034,6882,6654,7885,9833,12476,12720,14084,14539,17083
29089,"Howard County, Missouri",10151,10144,10212,9631,10008,10561,10859,11857,13026,13490,13997,15653,18337
29093,"Iron County, Missouri",9537,10630,10697,10726,11084,9529,8041,9458,10440,9642,9458,8563,8716
29095,"Jackson County, Missouri",717204,674158,654880,633232,629266,654558,622732,541035,477828,470454,367846,283522,195193
29099,"Jefferson County, Missouri",226739,218733,198099,171380,146183,105248,66377,38007,32023,27563,26555,27878,25712
29103,"Knox County, Missouri",3744,4131,4361,4482,5508,5692,6558,7617,8878,9658,10783,12403,13479
29105,"Laclede County, Missouri",36039,35571,32513,27158,24323,19944,18991,19010,18718,16320,16857,17363,16523
29109,"Lawrence County, Missouri",38001,38634,35204,30236,28973,24585,23260,23420,24637,23774,24211,26583,31662
29111,"Lewis County, Missouri",10032,10211,10494,10233,10901,10993,10984,10733,11490,12093,13465,15514,16724
29115,"Linn County, Missouri",11874,12761,13754,13885,15495,15125,16815,18865,21416,23339,24778,25253,25503
29117,"Livingston County, Missouri",14557,15195,14558,14592,15739,15368,15771,16532,18000,18615,18857,19453,22302
29121,"Macon County, Missouri",15209,15566,15762,15345,16313,15432,16473,18332,21396,23070,27518,30868,33018
29123,"Madison County, Missouri",12626,12226,11800,11127,10725,8641,9366,10380,9656,9418,10721,11273,9975
29127,"Marion County, Missouri",28525,28781,28289,27682,28638,28121,29522,29765,31576,33493,30226,30572,26331
29129,"Mercer County, Missouri",3538,3785,3757,3723,4685,4910,5750,7235,8766,9350,11281,12335,14706
29133,"Mississippi County, Missouri",12577,14358,13427,14442,15726,16647,20695,22551,23149,15762,12860,14557,11837
29135,"Moniteau County, Missouri",15473,15607,14827,12298,12068,10742,10500,10840,11775,12173,13532,14375,15931
29139,"Montgomery County, Missouri",11322,12236,12136,11355,11537,11000,11097,11555,12442,13011,15233,15604,16571
29141,"Morgan County, Missouri",21006,20565,19309,15574,13807,10068,9476,10207,11140,10968,12015,12863,12175
29145,"Newton County, Missouri",58648,58114,52636,44445,40555,32901,30093,28240,29039,26959,24886,27136,27001
29147,"Nodaway County, Missouri",21241,23370,21912,21709,21996,22467,22215,24033,25556,26371,27744,28833,32938
29151,"Osage County, Missouri",13274,13878,13062,12018,12014,10994,10867,11301,12375,12462,13559,14283,14096
29153,"Ozark County, Missouri",8553,9723,9542,8598,7961,6226,6744,8856,10766,9537,11125,11926,12145
29157,"Perry County, Missouri",18956,18971,18132,16648,16784,14393,14642,14890,15358,13707,14434,14898,15134
29159,"Pettis County, Missouri",42980,42201,39403,35437,36378,34137,35120,31577,33336,34664,35813,33913,32438
29161,"Phelps County, Missouri",44638,45156,39825,35248,33633,29481,25396,21504,17437,15308,14941,15796,14194
29163,"Pike County, Missouri",17587,18516,18351,15969,17568,16928,16706,16844,18327,18001,20345,22556,25744
29165,"Platte County, Missouri",106718,89322,73781,57867,46341,32081,23350,14973,13862,13819,13996,14429,16193
29167,"Polk County, Missouri",31519,31137,26992,21826,18822,15415,13753,16062,17400,17803,20351,21561,23255
29169,"Pulaski County, Missouri",53955,52274,41165,41307,42011,53781,46567,10392,10775,10755,10490,11438,10394
29171,"Putnam County, Missouri",4681,4979,5223,5079,6092,5916,6999,9166,11327,11503,13115,14308,16688
51163,"Rockbridge County, Virginia",22650,22307,20808,18350,17911,16637,24039,23359,22384,20902,20626,21171,21799
51167,"Russell County, Virginia",25781,28897,30308,28667,31761,24533,26290,26818,26627,25957,26786,23474,18031
51169,"Scott County, Virginia",21576,23177,23403,23204,25068,24376,25813,27640,26989,24181,24776,23814,22694
51173,"Smyth County, Virginia",29800,32208,33081,32370,33366,31349,31066,30187,28861,25125,22125,20326,17121
51175,"Southampton County, Virginia",17996,18570,17482,17550,18731,18582,27195,26522,26442,26870,27555,26302,22848
51179,"Stafford County, Virginia",156927,128961,92446,61236,40470,24587,16876,11902,9548,8050,8104,8070,8097
51181,"Surry County, Virginia",6561,7058,6829,6145,6046,5882,6220,6220,6193,7096,9305,9715,8469
51185,"Tazewell County, Virginia",40429,45078,44598,45960,50511,39816,44791,47512,41607,32477,27840,24946,23384
51187,"Warren County, Virginia",40727,37575,31584,26142,21200,15301,14655,14801,11352,8340,8852,8589,8837
51193,"Westmoreland County, Virginia",18477,17454,16718,15480,14041,12142,11042,10148,9512,8497,10240,9313,9243
51195,"Wise County, Virginia",36130,41452,40123,39573,43863,35947,43579,56336,52458,51167,46500,34162,19653
51199,"York County, Virginia",70045,65464,56297,42422,35463,33203,21583,11750,8857,7615,8046,7757,7482
51510,"Alexandria city, Virginia",159467,139966,128283,111183,103217,110938,91023,61787,33523,24149,18060,15329,14528
51530,"Buena Vista city, Virginia",6641,6650,6349,6406,6717,6425,6300,5214,4335,4002,3911,3245,2388
51540,"Charlottesville city, Virginia",46553,43475,45049,40341,39916,38880,29427,25969,19400,15245,10688,6765,6449
51570,"Colonial Heights city, Virginia",18170,17411,16897,16064,16509,15097,9587,6077,0,0,0,0,0
51580,"Covington city, Virginia",5737,5961,6303,6991,9063,10060,11062,0,0,0,0,0,0
51590,"Danville city, Virginia",42590,43055,48411,53056,45642,46391,46577,35066,32749,22247,21539,19020,16520
51600,"Fairfax city, Virginia",24146,22565,21498,19622,19390,21970,0,0,0,0,0,0,0
51610,"Falls Church city, Virginia",14658,12332,10377,9578,9515,10772,10192,7535,0,0,0,0,0
51630,"Fredericksburg city, Virginia",27982,24286,19279,19027,15322,14450,13639,12158,10066,6819,5882,5874,5068
51640,"Galax city, Virginia",6720,7042,6837,6670,6524,6278,5254,0,0,0,0,0,0
51660,"Harrisonburg city, Virginia",51814,48914,40468,30707,19671,14605,11916,10810,8768,7232,5875,0,0
51670,"Hopewell city, Virginia",23033,22591,22354,23101,23397,23471,17895,10219,8679,11327,1397,0,0
51680,"Lynchburg city, Virginia",79009,75568,65269,66049,66743,54083,54790,47727,44541,40661,30070,29494,18891
51683,"Manassas city, Virginia",42772,37821,35135,27957,15438,0,0,0,0,0,0,0,0
51690,"Martinsville city, Virginia",13485,13821,15416,16162,18149,19653,18798,17251,10080,7705,0,0,0
51700,"Newport News city, Virginia",186247,180719,180150,170045,144903,138177,113662,42358,37067,34417,35596,20205,19635
51720,"Norton city, Virginia",3687,3958,3904,4247,4757,4001,4996,0,0,0,0,0,0
51730,"Petersburg city, Virginia",33458,32420,33740,38386,41055,36103,36750,35054,30631,28564,31012,24127,21810
51740,"Portsmouth city, Virginia",97915,95535,100565,103907,104577,110963,114773,80039,50745,45704,54387,33190,17427
51750,"Radford city, Virginia",16070,16408,15859,15940,13225,11596,9371,9026,6990,6227,4627,4202,3344
51770,"Roanoke city, Virginia",100011,97032,94911,96397,100220,92115,97110,91921,69287,69206,50842,34874,21495
51775,"Salem city, Virginia",25346,24802,24747,23756,23958,21982,0,0,0,0,0,0,0
51790,"Staunton city, Virginia",25750,23746,23853,24461,21857,24504,22232,19927,13337,11990,10623,10604,7289
51800,"Suffolk city, Virginia",94324,84585,63677,52141,47621,9858,12609,12339,11343,10271,9123,7008,3827
51810,"Virginia Beach city, Virginia",459470,437994,425257,393069,262199,172106,8091,0,0,0,0,0,0
51820,"Waynesboro city, Virginia",22196,21006,19520,18549,15329,16707,15694,12357,0,0,0,0,0
51830,"Williamsburg city, Virginia",15425,14068,11998,11530,9870,9069,6832,6735,3942,3778,2462,2714,2044
51840,"Winchester city, Virginia",28120,26203,23585,21947,20217,14643,15110,13841,12095,10855,6883,5864,5161
53001,"Adams County, Washington",20613,18728,16428,13603,13267,12014,9929,6584,6209,7719,9623,10920,4840
53003,"Asotin County, Washington",22285,21623,20551,17605,16823,13799,12909,10878,8365,8136,6539,5831,3366
53005,"Benton County, Washington",206873,175177,142475,112560,109444,67540,62070,51370,12053,10952,10903,7937,0
53007,"Chelan County, Washington",79074,72453,66616,52250,45061,41355,40744,39301,34412,31634,20906,15104,3931
53009,"Clallam County, Washington",77155,71404,64525,56464,51648,34770,30022,26396,21848,20449,11368,6755,5603
53011,"Clark County, Washington",503311,425363,345238,238053,192227,128454,93809,85307,49852,40316,32805,26115,13419
53013,"Columbia County, Washington",3952,4078,4064,4024,4057,4439,4569,4860,5549,5325,6093,7042,7128
53015,"Cowlitz County, Washington",110730,102410,92948,82119,79548,68616,57801,53369,40155,31906,11791,12561,7877
53017,"Douglas County, Washington",42938,38431,32603,26205,22144,16787,14890,10817,8651,7561,9392,9227,4926
53019,"Ferry County, Washington",7178,7551,7260,6295,5811,3655,3889,4096,4701,4292,5143,4800,4562
53021,"Franklin County, Washington",96749,78163,49347,37473,35025,25816,23342,13563,6307,6137,5877,5153,486
53023,"Garfield County, Washington",2286,2266,2397,2248,2468,2911,2976,3204,3383,3662,3875,4199,3918
53025,"Grant County, Washington",99123,89120,74698,54758,48522,41881,46477,24346,14668,5666,7771,8698,0
53027,"Grays Harbor County, Washington",75636,72797,67194,64175,66314,59553,54465,53644,53166,59982,44745,35590,15124
53029,"Island County, Washington",86857,78506,71558,60195,44048,27011,19638,11079,6098,5369,5489,4704,1870
53033,"King County, Washington",2269675,1931249,1737034,1507319,1269749,1156633,935014,732992,504980,463517,389273,284638,110053
53035,"Kitsap County, Washington",275611,251133,231969,189731,147152,101732,84176,75724,44387,30776,33162,17647,6767
53037,"Kittitas County, Washington",44337,40915,33362,26725,24877,25039,20467,22235,20230,18154,17737,18561,9704
53041,"Lewis County, Washington",82149,75455,68600,59358,56025,45467,41858,43755,41393,40034,36840,32127,15157
37063,"Durham County, North Carolina",324833,267587,223314,181835,152785,132681,111995,101639,80244,67196,42219,35276,26233
37069,"Franklin County, North Carolina",68573,60619,47260,36414,30055,26820,28755,31341,30382,29456,26667,24692,25116
37075,"Graham County, North Carolina",8030,8861,7993,7196,7217,6562,6432,6886,6418,5841,4872,4749,4343
37081,"Guilford County, North Carolina",541299,488406,421048,347420,317154,288590,246520,191057,153916,133010,79272,60497,39074
37087,"Haywood County, North Carolina",62089,59036,54033,46942,46495,41710,39711,37631,34804,28273,23496,21020,16222
37095,"Hyde County, North Carolina",4589,5810,5826,5411,5873,5571,5765,6479,7860,8550,8386,8840,9278
37101,"Johnston County, North Carolina",215999,168878,121965,81306,70599,61737,62936,65906,63798,57621,48998,41401,32250
37107,"Lenoir County, North Carolina",55122,59495,59648,57274,59819,55204,55276,45953,41211,35716,29555,22769,18639
37113,"Macon County, North Carolina",37014,33922,29811,23499,20178,15788,14935,16174,15880,13672,12887,12191,12104
37119,"Mecklenburg County, North Carolina",1115482,919628,695454,511433,404270,354656,272111,197052,151826,127971,80695,67031,55268
37167,"Stanly County, North Carolina",62504,60585,58100,51765,48517,42822,40873,37130,32834,30216,27429,19909,15220
37173,"Swain County, North Carolina",14117,13981,12968,11268,10283,7861,8387,9921,12177,11568,13224,10403,8401
37179,"Union County, North Carolina",238267,201292,123677,84211,70380,54714,44670,42034,39097,40979,36029,33277,27156
37185,"Warren County, North Carolina",18642,20972,19972,17265,16232,15810,19652,23539,23145,23364,21593,20266,19151
37191,"Wayne County, North Carolina",117333,122623,113329,104666,97054,85408,82059,64267,58328,53013,43640,35698,31356
37197,"Yadkin County, North Carolina",37214,38406,36348,30488,28439,24599,22804,22133,20657,18010,16391,15428,14083
34003,"Bergen County, New Jersey",955732,905116,884118,825380,845385,898012,780255,539139,409646,364977,210703,138002,78441
34009,"Cape May County, New Jersey",95263,97265,102326,95089,82266,59554,48555,37131,28919,29486,19460,19745,13201
34015,"Gloucester County, New Jersey",302294,288288,254673,230082,199917,172681,134840,91727,72219,70802,48224,37368,31905
34021,"Mercer County, New Jersey",387340,366513,350761,325824,307863,303968,266392,229781,197318,187143,159881,125657,95365
34027,"Morris County, New Jersey",509285,492276,470212,421353,407630,383454,261620,164371,125732,110445,82694,74704,65156
34033,"Salem County, New Jersey",64837,66083,64285,65294,64676,60346,58711,49508,42274,36834,36572,26999,25530
34039,"Union County, New Jersey",575345,536499,522541,493819,504094,543116,504255,398138,328344,305209,200157,140197,99353
18003,"Allen County, Indiana",385410,355329,331849,300836,294335,280455,232196,183722,155084,146743,114303,93386,77270
18009,"Blackford County, Indiana",12112,12766,14048,14067,15570,15888,14792,14026,13783,13617,14084,15820,17213
18015,"Carroll County, Indiana",20306,20155,20165,18809,19722,17734,16934,16010,15410,15049,16315,17970,19953
18021,"Clay County, Indiana",26466,26890,26556,24705,24862,23933,24207,23918,25365,26479,29447,32535,34285
18027,"Daviess County, Indiana",33381,31648,29820,27533,27836,26602,26636,26762,26163,25832,26856,27747,29914
18033,"DeKalb County, Indiana",43265,42223,40285,35324,33606,30837,28271,26023,24756,24911,25600,25054,25711
18039,"Elkhart County, Indiana",207047,197559,182791,156198,137330,126529,106790,84512,72634,68875,56384,49008,45052
18085,"Kosciusko County, Indiana",80240,77358,74057,65294,59555,48127,40373,33002,29561,27488,27120,27936,29109
18091,"LaPorte County, Indiana",112417,111467,110106,107066,108632,105342,95111,76808,63660,60490,50443,45797,38386
18097,"Marion County, Indiana",977203,903393,860454,797159,765233,792299,697567,551777,460926,422666,348061,263661,197227
18103,"Miami County, Indiana",35962,36903,36082,36897,39820,39246,38000,28201,27926,29032,28668,29350,28344
18109,"Morgan County, Indiana",71780,68894,66689,55920,51999,44176,33875,23726,19801,19424,20010,21182,20457
18115,"Ohio County, Indiana",5940,6128,5623,5315,5114,4289,4165,4223,3782,3747,4024,4329,4724
18121,"Parke County, Indiana",16156,17339,17241,15410,16372,14600,14804,15674,17358,16561,18875,22214,23000
18127,"Porter County, Indiana",173215,164343,146798,128932,119816,87114,60279,40076,27836,22821,20256,20540,19175
18133,"Putnam County, Indiana",36726,37963,36019,30315,29163,26932,24927,22950,20839,20448,19880,20520,21478
18139,"Rush County, Indiana",16752,17392,18261,18129,19604,20352,20393,19799,18927,19412,19241,19349,20148
18143,"Scott County, Indiana",24384,24181,22960,20991,20422,17144,14643,11519,8978,6664,7424,8323,8307
18149,"Starke County, Indiana",23371,23363,23556,22747,21997,19280,17911,15282,12258,10620,10278,10567,10431
18155,"Switzerland County, Indiana",9737,10613,9065,7738,7153,6306,7092,7599,8167,8432,9311,9914,11840
18161,"Union County, Indiana",7087,7516,7349,6976,6860,6582,6457,6412,6017,5880,6021,6260,6748
18167,"Vigo County, Indiana",106153,107848,105848,106107,112385,114528,108458,105160,99709,98861,100212,87930,62035
18173,"Warrick County, Indiana",63898,59689,52383,44920,41474,27972,23577,21527,19435,18230,19862,21911,22329
18179,"Wells County, Indiana",28180,27636,27600,25948,25401,23821,21220,19564,19099,18411,20509,22418,23449
25001,"Barnstable County, Massachusetts",228996,215888,222230,186605,147925,96656,70286,46805,37295,32305,26670,27542,27826
25007,"Dukes County, Massachusetts",20600,16535,14987,11639,8942,6117,5829,5633,5669,4953,4372,4504,4561
25013,"Hampden County, Massachusetts",465825,463490,456228,456310,443018,459050,429353,367971,332107,335496,300305,231369,175603
25019,"Nantucket County, Massachusetts",14255,10172,9520,6012,5087,3774,3559,3484,3401,3678,2797,2962,3006
39037,"Darke County, Ohio",51881,52959,53309,53619,55096,49141,45612,41799,38831,38009,42911,42933,42532
39043,"Erie County, Ohio",75622,77079,79551,76779,79655,75909,68000,52565,43201,42133,39789,38327,37650
39049,"Franklin County, Ohio",1323807,1163414,1068978,961437,869132,833249,682962,503410,388712,361055,283951,221567,164460
39055,"Geauga County, Ohio",95397,93389,90895,81129,74474,62977,47573,26646,19430,15414,15036,14670,14744
39061,"Hamilton County, Ohio",830639,802374,845303,866228,873224,924018,864121,723952,621987,589356,493678,460732,409479
39067,"Harrison County, Ohio",14483,15864,15856,16085,18152,17013,17995,19054,20313,18844,19625,19076,20486
39071,"Highland County, Ohio",43317,43589,40875,35728,33477,28996,29716,28188,27099,25416,27610,28711,30982
39077,"Huron County, Ohio",58565,59626,59487,56240,54608,49587,47326,39353,34800,33700,32424,34206,32330
5099,"Nevada County, Arkansas",8310,8997,9955,10101,11097,10111,10700,14781,19869,20407,21934,19344,16609
5101,"Newton County, Arkansas",7225,8330,8608,7666,7756,5844,5963,8685,10881,10564,11199,10612,12538
5103,"Ouachita County, Arkansas",22650,26120,28790,30574,30541,30896,31641,33051,31151,29890,20636,21774,20892
5105,"Perry County, Arkansas",10019,10445,10209,7969,7266,5634,4927,5978,8392,7695,9905,9402,7294
5107,"Phillips County, Arkansas",16568,21757,26445,28838,34772,40046,43997,46254,45970,40683,44530,33535,26561
5109,"Pike County, Arkansas",10171,11291,11303,10086,10373,8711,7864,10032,11786,11792,12397,12565,10301
5111,"Poinsett County, Arkansas",22965,24583,25614,24664,27032,26822,30834,39311,37670,29695,20848,12791,7025
5113,"Polk County, Arkansas",19221,20662,20229,17347,17007,13297,11981,14182,15832,14857,16412,17216,18352
5115,"Pope County, Arkansas",63381,61754,54469,45883,39021,28607,21177,23291,25682,26547,27153,24527,21715
5117,"Prairie County, Arkansas",8282,8715,9539,9518,10140,10249,10515,13768,15304,15187,17447,13853,11875
5119,"Pulaski County, Arkansas",399125,382748,361474,349660,340613,287189,242980,196685,156085,137727,109464,86751,63179
5121,"Randolph County, Arkansas",18571,17969,18195,16558,16834,12645,12520,15982,18319,16871,17713,18987,17156
5123,"St. Francis County, Arkansas",23090,28258,29329,28497,30858,30799,33303,36841,36043,33394,28385,22548,17157
5125,"Saline County, Arkansas",123416,107118,83529,64183,53161,36107,28956,23816,19163,15660,16781,16657,13122
5127,"Scott County, Arkansas",9836,11233,10996,10205,9685,8207,7297,10057,13300,11803,13232,14302,13183
5129,"Searcy County, Arkansas",7828,8195,8261,7841,8847,7731,8124,10424,11942,11056,14590,14825,11988
5131,"Sebastian County, Arkansas",127799,125744,115071,99590,95172,79237,66685,64202,62809,54426,56739,52278,36935
5133,"Sevier County, Arkansas",15839,17058,15757,13637,14060,11272,10156,12293,15248,16364,18301,16616,16339
5135,"Sharp County, Arkansas",17271,17264,17119,14109,14607,8233,6319,8999,11497,10715,11132,11688,12199
5137,"Stone County, Arkansas",12359,12394,11499,9775,9022,6838,6294,7662,8603,7993,8779,8946,8100
5139,"Union County, Arkansas",39054,41639,45629,46719,48573,45428,49518,49686,50461,55800,29691,30723,22495
5143,"Washington County, Arkansas",245871,203065,157715,113409,100494,77370,55797,49979,41114,39255,35468,33889,34256
5145,"White County, Arkansas",76822,77076,67165,54676,50835,39253,32745,38040,37176,38269,34603,28574,24864
5149,"Yell County, Arkansas",20263,22185,21139,17759,17026,14208,11940,14057,20970,21313,25655,26323,22750
9003,"Hartford County, Connecticut",899498,894014,857183,851783,807766,816737,689555,539661,450189,421097,336027,250182,195480
9005,"Litchfield County, Connecticut",185186,189927,182193,174092,156769,144091,119856,98872,87041,82556,76262,70260,63672
9009,"New Haven County, Connecticut",864835,862477,824008,804219,761337,744948,660315,545784,484316,463449,415214,337282,269163
9011,"New London County, Connecticut",268555,274055,259088,254957,238409,230348,185745,144821,125224,118966,104611,91253,82758
9015,"Windham County, Connecticut",116418,118428,109091,102525,92312,84515,68572,61759,56223,54086,52815,48361,46861
11001,"District of Columbia, District of Columbia",689545,601723,572059,606900,638333,756510,763956,802178,663091,486869,437571,331069,278718
2016,"Aleutians West Census Area, Alaska",5232,5561,5465,9478,7768,8057,6011,0,0,0,0,0,0
2020,"Anchorage Municipality, Alaska",291247,291826,260283,226338,174431,124542,82833,0,0,0,0,0,0
2060,"Bristol Bay Borough, Alaska",844,997,1258,1410,1094,1147,0,0,0,0,0,0,0
2070,"Dillingham Census Area, Alaska",4857,4847,4922,4012,4616,3485,4024,0,0,0,0,0,0
2100,"Haines Borough, Alaska",2080,2508,2392,2117,1680,1504,0,0,0,0,0,0,0
2122,"Kenai Peninsula Borough, Alaska",58799,55400,49691,40802,25282,14250,6097,0,0,0,0,0,0
2130,"Ketchikan Gateway Borough, Alaska",13948,13477,14070,13828,11316,10041,10070,0,0,0,0,0,0
2170,"Matanuska-Susitna Borough, Alaska",107081,88995,59322,39683,17816,6509,5188,0,0,0,0,0,0
2180,"Nome Census Area, Alaska",10046,9492,9196,8288,6537,5749,6091,0,0,0,0,0,0
2188,"Northwest Arctic Borough, Alaska",7793,7523,7208,6113,4831,4434,3560,0,0,0,0,0,0
2220,"Sitka City and Borough, Alaska",8458,8881,8835,8588,7803,6109,6690,0,0,0,0,0,0
2290,"Yukon-Koyukuk Census Area, Alaska",5343,5588,6551,8478,7873,4752,4097,0,0,0,0,0,0
8003,"Alamosa County, Colorado",16376,15445,14966,13617,11799,11422,10000,10531,10484,8602,5148,0,0
8007,"Archuleta County, Colorado",13359,12084,9898,5345,3664,2733,2629,3030,3806,3204,3590,3302,2117
8009,"Baca County, Colorado",3506,3788,4517,4556,5419,5674,6310,7964,6207,10570,8721,2516,759
8013,"Boulder County, Colorado",330758,294567,291288,225339,189625,131889,74254,48296,37438,32456,31861,30330,21544
8017,"Cheyenne County, Colorado",1748,1836,2231,2397,2153,2396,2789,3453,2964,3723,3746,3687,501
8021,"Conejos County, Colorado",7461,8256,8400,7453,7794,7846,8428,10171,11648,9803,8416,11285,8794
8023,"Costilla County, Colorado",3499,3524,3663,3190,3071,3091,4219,6067,7533,5779,5032,5498,4632
29173,"Ralls County, Missouri",10355,10167,9626,8476,8911,7764,8078,8686,10040,10704,10412,12913,12287
29175,"Randolph County, Missouri",24716,25414,24663,24370,25460,22434,22014,22918,24458,26431,27633,26182,24442
29177,"Ray County, Missouri",23158,23494,23354,21971,21378,17599,16075,15932,18584,19846,20508,21451,24805
29179,"Reynolds County, Missouri",6096,6696,6689,6661,7230,6106,5161,6918,9370,8923,10106,9592,8161
29181,"Ripley County, Missouri",10679,14100,13509,12303,12458,9803,9096,11414,12606,11176,12061,13099,13186
29183,"St. Charles County, Missouri",405262,360485,283883,212907,144107,92954,52970,29834,25562,24354,22828,24695,24474
29185,"St. Clair County, Missouri",9284,9805,9652,8457,8622,7667,8421,10482,13146,13289,15341,16412,17907
29186,"Ste. Genevieve County, Missouri",18479,18145,17842,16037,15180,12867,12116,11237,10905,10097,9809,10607,10359
29187,"St. Francois County, Missouri",66922,65359,55641,48904,42600,36818,36516,35276,35950,35832,31403,35738,24051
29189,"St. Louis County, Missouri",1004125,998954,1016315,993529,973896,951353,703532,406349,274230,211593,100737,82417,50040
29195,"Saline County, Missouri",23333,23370,23756,23523,24919,24633,25148,26694,29416,30598,28826,29448,33703
29197,"Schuyler County, Missouri",4032,4431,4170,4236,4979,4665,5052,5760,6627,6951,8383,9062,10840
29199,"Scotland County, Missouri",4716,4843,4983,4822,5415,5499,6484,7332,8557,8853,10700,11869,13232
29201,"Scott County, Missouri",38059,39191,40422,39376,39647,33250,32748,32842,30377,24913,23409,22372,13092
29205,"Shelby County, Missouri",6103,6373,6799,6942,7826,7906,9063,9730,11224,11983,13617,14864,16167
29207,"Stoddard County, Missouri",28672,29968,29705,28895,29009,25771,29490,33463,33009,27452,29755,27807,24669
29211,"Sullivan County, Missouri",5999,6714,7219,6326,7434,7572,8783,11299,13701,15212,17781,18598,20282
29213,"Taney County, Missouri",56066,51675,39703,25561,20467,13023,10238,9863,10323,8867,8178,9134,10127
29217,"Vernon County, Missouri",19707,21159,20454,19041,19806,19065,20540,22685,25586,25031,26069,28827,31619
29219,"Warren County, Missouri",35532,32513,24525,19534,14900,9699,8750,7666,7734,8082,8490,9123,9919
29223,"Wayne County, Missouri",10974,13521,13259,11543,11277,8546,8638,10514,12794,12243,13012,15181,15309
29225,"Webster County, Missouri",39085,36202,31045,23753,20414,15562,13753,15072,17226,16148,16609,17377,16640
29229,"Wright County, Missouri",18188,18815,17955,16758,16188,13667,14183,15834,17967,16741,17733,18315,17519
12001,"Alachua County, Florida",278468,247336,217955,181596,151348,104764,74074,57026,38607,34365,31689,34305,32245
12003,"Baker County, Florida",28259,27115,22259,18486,15289,9242,7363,6313,6510,6273,5622,4805,4516
12007,"Bradford County, Florida",28303,28520,26088,22515,20023,14625,12446,11457,8717,9405,12503,14090,10295
12009,"Brevard County, Florida",606612,543376,476230,398978,272959,230006,111435,23653,16142,13283,8505,4717,5158
12013,"Calhoun County, Florida",13648,14625,13017,11011,9294,7624,7422,7922,8218,7298,8775,7465,5132
12015,"Charlotte County, Florida",186847,159978,141627,110975,58460,27559,12594,4286,3663,4013,0,0,0
12019,"Clay County, Florida",218245,190865,140814,105986,67052,32059,19535,14323,6468,6859,5621,6116,5635
12021,"Collier County, Florida",375752,321520,251377,152099,85971,38040,15753,6488,5102,2883,0,0,0
12027,"DeSoto County, Florida",33976,34862,32209,23865,19039,13060,11683,9242,7792,7745,25434,14200,8047
12029,"Dixie County, Florida",16759,16422,13827,10585,7751,5480,4479,3928,7018,6419,0,0,0
12033,"Escambia County, Florida",321905,297619,294410,262798,233794,205334,173829,112706,74667,53594,49386,38029,28313
12035,"Flagler County, Florida",115378,95696,49832,28701,10913,4454,4566,3367,3008,2466,2442,0,0
12039,"Gadsden County, Florida",43826,46389,45087,41105,41565,39184,41989,36457,31450,29890,23539,22198,15294
12041,"Gilchrist County, Florida",17864,16939,14437,9667,5767,3551,2868,3499,4250,4137,0,0,0
12045,"Gulf County, Florida",14192,15863,13332,11504,10658,10096,9937,7460,6951,3182,0,0,0
12047,"Hamilton County, Florida",14004,14799,13327,10930,8761,7787,7705,8981,9778,9454,9873,11825,11881
12051,"Hendry County, Florida",39619,39140,36210,25773,18599,11859,8119,6051,5237,3492,0,0,0
12053,"Hernando County, Florida",194515,172778,130802,101115,44469,17004,11205,6693,5641,4948,4548,4997,3638
12057,"Hillsborough County, Florida",1459762,1229226,998948,834054,646960,490265,397788,249894,180148,153519,88257,78374,36013
12059,"Holmes County, Florida",19653,19927,18564,15778,14723,10720,10844,13988,15447,12924,12850,11557,7762
12063,"Jackson County, Florida",47319,49746,46755,41375,39154,34434,36208,34645,34428,31969,31224,29821,23377
12065,"Jefferson County, Florida",14510,14761,12902,11296,10703,8778,9543,10413,12032,13408,14502,17210,16195
12069,"Lake County, Florida",383956,297052,210528,152104,104870,69305,57383,36340,27255,23161,12744,9509,7467
12071,"Lee County, Florida",760822,618754,440888,335113,205266,105216,54539,23404,17488,14990,9540,6294,3071
12075,"Levy County, Florida",42915,40801,34450,25923,19870,12756,10364,10637,12550,12456,9921,10361,8603
12079,"Madison County, Florida",17968,19224,18733,16569,14894,13481,14154,14197,16190,15614,16516,16919,15446
12081,"Manatee County, Florida",399710,322833,264002,211707,148442,97115,69168,34704,26098,22502,18712,9550,4663
12085,"Martin County, Florida",158431,146318,126731,100900,64014,28035,16932,7807,6295,5111,0,0,0
12086,"Miami-Dade County, Florida",2701767,2496435,2253362,1937094,1625781,1267792,935047,495084,267739,142955,42753,11933,4955
12089,"Nassau County, Florida",90352,73314,57663,43941,32894,20626,17189,12811,10826,9375,11340,10525,9654
12091,"Okaloosa County, Florida",211668,180822,170498,143776,109920,88187,61175,27533,12900,9897,9360,0,0
12095,"Orange County, Florida",1429908,1145956,896344,677491,471016,344311,263540,114950,70074,49737,19890,19107,11374
12097,"Osceola County, Florida",388656,268685,172493,107728,49287,25267,19029,11406,10119,10699,7195,5507,3444
12099,"Palm Beach County, Florida",1492191,1320134,1131184,863518,576863,348753,228106,114688,79989,51781,18654,5577,0
12101,"Pasco County, Florida",561891,464697,344765,281131,193643,75955,36785,20529,13981,10574,8802,7502,6054
12103,"Pinellas County, Florida",959107,916542,921482,851659,728531,522329,374665,159249,91852,62149,28265,0,0
53043,"Lincoln County, Washington",10876,10570,10184,8864,9604,9572,10919,10970,11361,11876,15141,17539,11969
53047,"Okanogan County, Washington",42104,41120,39564,33350,30639,25867,25520,29131,24546,18519,17094,12887,4689
53049,"Pacific County, Washington",23365,20920,20984,18882,17237,15796,14674,16558,15928,14970,14891,12532,5983
53053,"Pierce County, Washington",921130,795225,700820,586203,485643,411027,321590,275876,182081,163842,144127,120812,55515
53055,"San Juan County, Washington",17788,15769,14077,10035,7838,3856,2872,3245,3157,3097,3605,3603,2928
53059,"Skamania County, Washington",12036,11066,9872,8289,7919,5845,5207,4788,4633,2891,2357,2887,1688
53061,"Snohomish County, Washington",827957,713335,606024,465642,337720,265236,172199,111580,88754,78861,67690,59209,23950
53065,"Stevens County, Washington",46445,43531,40066,30948,28979,17405,17884,18580,19275,18550,21605,25297,10543
53067,"Thurston County, Washington",294793,252264,207355,161238,124264,76894,55049,44884,37285,31351,22366,17581,9927
53071,"Walla Walla County, Washington",62584,58781,55180,48439,47435,42176,42195,40135,30547,28441,27539,31931,18680
53073,"Whatcom County, Washington",226847,201140,166814,127780,106701,81950,70317,66733,60355,59128,50600,49511,24116
53077,"Yakima County, Washington",256728,243231,222581,188823,172508,144971,145112,135723,99019,77402,63710,41709,13462
54001,"Barbour County, West Virginia",15465,16589,15557,15699,16639,14030,15474,19745,19869,18628,18028,15858,14198
54005,"Boone County, West Virginia",21809,24629,25535,25870,30447,25118,28764,33173,28556,24586,15319,10331,8194
54007,"Braxton County, West Virginia",12447,14523,14702,12998,13894,12666,15152,18082,21658,22579,23973,23023,18904
54011,"Cabell County, West Virginia",94350,96319,96784,96827,106835,106918,108202,108035,97459,90786,65746,46685,29252
54013,"Calhoun County, West Virginia",6229,7627,7582,7885,8250,7046,7948,10259,12455,10866,10268,11258,10266
54015,"Clay County, West Virginia",8051,9386,10330,9983,11265,9330,11942,14961,15206,13125,11486,10233,8248
54019,"Fayette County, West Virginia",40488,46039,47579,47952,57863,49332,61731,82443,80628,72050,60377,51903,31987
54021,"Gilmer County, West Virginia",7408,8693,7160,7669,8334,7782,8050,9746,12046,10641,10668,11379,11762
54025,"Greenbrier County, West Virginia",32977,35480,34453,34693,37665,32090,34446,39295,38520,35878,26242,24833,20683
54027,"Hampshire County, West Virginia",23093,23964,20203,16498,14867,11710,11705,12577,12974,11836,11713,11694,11806
54031,"Hardy County, West Virginia",14299,14025,12669,10977,10030,8855,9308,10032,10813,9816,9601,9163,8449
54033,"Harrison County, West Virginia",65921,69099,68652,69371,77710,73028,77856,85296,82911,78567,74793,48381,27690
54037,"Jefferson County, West Virginia",57701,53498,42190,35926,30302,21280,18665,17184,16762,15780,15729,15889,15935
54039,"Kanawha County, West Virginia",180745,193063,200073,207619,231414,229515,252925,239629,195619,157667,119650,81457,54696
54043,"Lincoln County, West Virginia",20463,21720,22108,21382,23675,18912,20267,22466,22886,19156,19378,20491,15434
54045,"Logan County, West Virginia",32567,36743,37710,43032,50679,46269,61570,77391,67768,58534,41006,14476,6955
54049,"Marion County, West Virginia",56205,56418,56598,57249,65789,61356,63717,71521,68683,66655,54571,42794,32430
54051,"Marshall County, West Virginia",30591,33107,35519,37356,41608,37598,38041,36893,40189,39831,33681,32388,26444
54055,"Mercer County, West Virginia",59664,62264,62980,64980,73942,63206,68206,75013,68289,61323,49558,38371,23023
54057,"Mineral County, West Virginia",26938,28212,27078,26697,27234,23109,22354,22333,22215,20084,19849,16674,12883
54061,"Monongalia County, West Virginia",105822,96189,81866,75509,75024,63714,55617,60797,51252,50083,33618,24334,19049
54063,"Monroe County, West Virginia",12376,13502,14583,12406,12873,11272,11584,13123,13577,11949,13141,13055,13130
54067,"Nicholas County, West Virginia",24604,26233,26562,26775,28126,22552,25414,27696,24070,20686,20717,17699,11403
54069,"Ohio County, West Virginia",42425,44443,47427,50871,61389,64197,68437,71672,73115,72077,62892,57572,48024
54071,"Pendleton County, West Virginia",6143,7695,8196,8054,7910,7031,8093,9313,10884,9660,9652,9349,9167
54073,"Pleasants County, West Virginia",7653,7605,7514,7546,8236,7274,7124,6369,6692,6545,7379,8074,9345
54075,"Pocahontas County, West Virginia",7869,8719,9131,9008,9919,8870,10136,12480,13906,14555,15002,14740,8572
54077,"Preston County, West Virginia",34216,33520,29334,29037,30460,25455,27233,31399,30416,29043,27996,26341,22727
54079,"Putnam County, West Virginia",57440,55486,51589,42835,38181,27625,23561,21021,19511,16737,17531,18587,17330
54081,"Raleigh County, West Virginia",74591,78859,79220,76819,86821,70080,77826,96273,86687,68072,42482,25633,12436
54083,"Randolph County, West Virginia",27932,29405,28262,27803,28734,24596,26349,30558,30259,25049,26804,26028,17670
54085,"Ritchie County, West Virginia",8444,10449,10343,10233,11442,10145,10877,12535,15389,15594,16506,17875,18901
54087,"Roane County, West Virginia",14028,14926,15446,15120,15952,14111,15720,18408,20787,19478,20129,21543,19852
54089,"Summers County, West Virginia",11959,13927,12999,14204,15875,13213,15640,19183,20409,20468,19092,18420,16265
54091,"Taylor County, West Virginia",16705,16895,16089,15144,16584,13878,15010,18422,19919,19114,18742,16554,14978
54093,"Tucker County, West Virginia",6762,7141,7321,7728,8675,7447,7750,10600,13173,13374,16791,18675,13433
54095,"Tyler County, West Virginia",8313,9208,9592,9796,11320,9929,10026,10535,12559,12785,14186,16211,18252
54097,"Upshur County, West Virginia",23816,24254,23404,22867,23427,19092,18292,19242,18360,17944,17851,16629,14696
54099,"Wayne County, West Virginia",38982,42481,42903,41636,46021,37581,38977,38696,35566,31206,26012,24081,23619
54101,"Webster County, West Virginia",8378,9154,9719,10729,12245,9809,13719,17888,18080,14216,11562,9680,8862
54103,"Wetzel County, West Virginia",14442,16583,17693,19258,21874,20314,19347,20154,22342,22334,23069,23855,22880
54105,"Wirt County, West Virginia",5194,5717,5873,5192,4922,4154,4391,5119,6475,6358,7536,9047,10284
54107,"Wood County, West Virginia",84296,86956,87986,86915,93648,86818,78331,66540,62399,56521,42306,38001,34452
54109,"Wyoming County, West Virginia",21382,23796,25708,28990,35993,30095,34836,37540,29774,20926,15180,10392,8380
55003,"Ashland County, Wisconsin",16027,16157,16866,16307,16783,16743,17375,19461,21801,21054,24538,21965,20176
8027,"Custer County, Colorado",4704,4255,3503,1926,1528,1120,1305,1573,2270,2124,2172,1947,2937
8029,"Delta County, Colorado",31196,30952,27834,20980,21225,15286,15602,17365,16470,14204,13668,13688,5487
8033,"Dolores County, Colorado",2326,2064,1844,1504,1658,1641,2196,1966,1958,1412,1243,642,1134
8035,"Douglas County, Colorado",357978,285465,175766,60391,25153,8407,4816,3507,3496,3498,3517,3192,3120
8037,"Eagle County, Colorado",55731,52197,41659,21928,13320,7498,4677,4488,5361,3924,3385,2985,3008
8039,"Elbert County, Colorado",26062,23086,19872,9646,6850,3903,3708,4477,5460,6580,6980,5331,3101
8041,"El Paso County, Colorado",730395,622263,516929,397014,309424,235972,143742,74523,54025,49570,44027,43321,31602
8043,"Fremont County, Colorado",48939,46824,46145,32273,28676,21942,20196,18366,19742,18896,17883,18181,15636
8045,"Garfield County, Colorado",61685,56389,43791,29974,22514,14821,12017,11625,10560,9975,9304,10144,5835
8047,"Gilpin County, Colorado",5808,5441,4757,3070,2441,1272,685,850,1625,1212,1364,4131,6690
8049,"Grand County, Colorado",15717,14843,12442,7966,7475,4107,3557,3963,3587,2108,2659,1862,741
8051,"Gunnison County, Colorado",16918,15324,13956,10273,10689,7578,5477,5716,6192,5527,5590,5897,5331
8053,"Hinsdale County, Colorado",788,843,790,467,408,202,208,263,349,449,538,646,1609
8055,"Huerfano County, Colorado",6820,6711,7862,6009,6440,6590,7867,10549,16088,17062,16879,13320,8395
8057,"Jackson County, Colorado",1379,1394,1577,1605,1863,1811,1758,1976,1798,1386,1340,1013,0
8059,"Jefferson County, Colorado",582910,534543,527056,438430,371753,233031,127520,55687,30725,21810,14400,14231,9306
8061,"Kiowa County, Colorado",1446,1398,1622,1688,1936,2029,2425,3003,2793,3786,3755,2899,701
8063,"Kit Carson County, Colorado",7087,8270,8011,7140,7599,7530,6957,8600,7512,9725,8915,7483,1580
8065,"Lake County, Colorado",7436,7310,7812,6007,8830,8282,7101,6150,6883,4899,6630,10600,18054
8067,"La Plata County, Colorado",55638,51334,43941,32284,27424,19199,19225,14880,15494,12975,11218,10812,7016
8069,"Larimer County, Colorado",359066,299630,251494,186136,149184,89900,53343,43554,35539,33137,27872,25270,12168
8071,"Las Animas County, Colorado",14555,15507,15207,13765,14897,15744,19983,25902,32369,36008,38975,33643,21842
8073,"Lincoln County, Colorado",5675,5467,6087,4529,4663,4836,5310,5909,5882,7850,8273,5917,926
8075,"Logan County, Colorado",21528,22709,20504,17567,19800,18852,20302,17187,18370,19946,18427,9549,3292
8077,"Mesa County, Colorado",155703,146723,116255,93145,81530,54374,50715,38974,33791,25908,22281,22197,9267
8081,"Moffat County, Colorado",13292,13795,13184,11357,13133,6525,7061,5946,5086,4861,5129,0,0
8083,"Montezuma County, Colorado",25849,25535,23830,18672,16510,12952,14024,9991,10463,7798,6260,5029,3058
8087,"Morgan County, Colorado",29111,28159,27171,21939,22513,20105,21192,18074,17214,18284,16124,9577,3268
8091,"Ouray County, Colorado",4874,4436,3742,2295,1925,1546,1601,2103,2089,1784,2620,3514,4731
8093,"Park County, Colorado",17390,16206,14523,7174,5333,2185,1822,1870,3272,2052,1977,2492,2998
8097,"Pitkin County, Colorado",17358,17148,14872,12661,10338,6185,2381,1646,1836,1770,2707,4566,7020
8099,"Prowers County, Colorado",11999,12551,14483,13347,13070,13258,13296,14836,12304,14762,13845,9520,3766
8103,"Rio Blanco County, Colorado",6529,6666,5986,5972,6255,4842,5150,4719,2943,2980,3135,2332,1690
8105,"Rio Grande County, Colorado",11539,11982,12413,10770,10511,10494,11160,12832,12404,9953,7855,6563,4080
8109,"Saguache County, Colorado",6368,6108,5917,4619,3935,3827,4473,5664,6173,6250,4638,4160,3853
8113,"San Miguel County, Colorado",8072,7359,6594,3653,3192,1949,2944,2693,3664,2184,5281,4700,5379
8115,"Sedgwick County, Colorado",2404,2379,2747,2690,3266,3405,4242,5095,5294,5580,4207,3061,971
8119,"Teller County, Colorado",24710,23350,20555,12468,8034,3316,2495,2754,6463,4141,6696,14351,29002
8121,"Washington County, Colorado",4817,4814,4926,4812,5304,5550,6625,7520,8336,9591,11208,6002,1241
8125,"Yuma County, Colorado",9988,10043,9841,8954,9682,8544,8912,10827,12102,13613,13897,8499,1729
10003,"New Castle County, Delaware",570719,538479,500265,441946,398115,385856,307446,218879,179562,161032,148239,123188,109697
10005,"Sussex County, Delaware",237378,197145,156638,113229,98004,80356,73195,61336,52502,45507,43741,46413,42276
30003,"Big Horn County, Montana",13124,12865,12671,11337,11096,10057,10007,9824,10419,8543,7015,0,0
30005,"Blaine County, Montana",7044,6491,7009,6728,6999,6727,8091,8516,9566,9006,9057,0,0
30009,"Carbon County, Montana",10473,10078,9552,8080,8099,7080,8317,10241,11865,12571,15279,13962,7533
30011,"Carter County, Montana",1415,1160,1360,1503,1799,1956,2493,2798,3280,4136,3972,0,0
30015,"Chouteau County, Montana",5895,5813,5970,5452,6092,6473,7348,6974,7316,8635,11051,17191,10966
30019,"Daniels County, Montana",1661,1751,2017,2266,2835,3083,3755,3946,4563,5553,0,0,0
30021,"Dawson County, Montana",8940,8966,9059,9505,11805,11269,12314,9092,8618,9881,9239,12725,2443
30025,"Fallon County, Montana",3049,2890,2837,3103,3763,4050,3997,3660,3719,4568,4548,0,0
30027,"Fergus County, Montana",11446,11586,11893,12083,13076,12611,14018,14015,14040,16531,28344,17385,6937
30031,"Gallatin County, Montana",118960,89513,67831,50463,42865,32505,26045,21902,18269,16124,15864,14079,9553
30033,"Garfield County, Montana",1173,1206,1279,1589,1656,1796,1981,2172,2641,4252,5368,0,0
30037,"Golden Valley County, Montana",823,884,1042,912,1026,931,1203,1337,1607,2126,0,0,0
30041,"Hill County, Montana",16309,16096,16673,17654,17985,17358,18653,14285,13304,13775,13958,0,0
30043,"Jefferson County, Montana",12085,11406,10049,7939,7029,5238,4297,4014,4664,4133,5203,5601,5330
30047,"Lake County, Montana",31134,28746,26507,21041,19056,14445,13104,13835,13490,9541,0,0,0
30049,"Lewis and Clark County, Montana",70973,63395,55716,47495,43039,33281,28006,24540,22131,18224,18660,21853,19171
30053,"Lincoln County, Montana",19677,19687,18837,17481,17752,18063,12537,8693,7882,7089,7797,3638,0
12107,"Putnam County, Florida",73321,74364,70423,65070,50549,36290,32212,23615,18698,18096,14568,13096,11641
12109,"St. Johns County, Florida",273425,190039,123135,83829,51303,30727,30034,24998,20012,18676,13061,13208,9165
12111,"St. Lucie County, Florida",329226,277789,192695,150171,87182,50836,39294,20180,11871,7057,7886,4075,0
12113,"Santa Rosa County, Florida",188000,151372,117743,81608,55988,37741,29547,18554,16085,14083,13670,14897,10293
12115,"Sarasota County, Florida",434006,379448,325957,277776,202251,120413,76895,28827,16106,12440,0,0,0
12117,"Seminole County, Florida",470856,422718,365196,287529,179752,83692,54947,26883,22304,18735,10986,0,0
12119,"Sumter County, Florida",129752,93420,53345,31577,24272,14839,11869,11330,11041,10644,7851,6696,6187
12121,"Suwannee County, Florida",43474,41551,34844,26780,22287,15559,14961,16986,17073,15731,19789,18603,14554
12123,"Taylor County, Florida",21796,22570,19256,17111,16532,13641,13168,10416,11565,13136,11219,7103,3999
12125,"Union County, Florida",16147,15535,13442,10252,10166,8112,6043,8906,7094,7428,0,0,0
12127,"Volusia County, Florida",553543,494593,443343,370712,258762,169487,125319,74229,53710,42757,23374,16510,10003
12129,"Wakulla County, Florida",33764,30776,22863,14202,10887,6308,5257,5258,5463,5468,5129,4802,5149
12131,"Walton County, Florida",75305,55043,40601,27760,21300,16087,15576,14725,14246,14576,12119,16460,9346
12133,"Washington County, Florida",25318,24896,20973,16919,14509,11453,11249,11888,12302,12180,11828,16403,10154
31001,"Adams County, Nebraska",31205,31364,31151,29625,30656,30553,28944,28855,24576,26275,22621,20900,18840
31003,"Antelope County, Nebraska",6295,6685,7452,7965,8675,9047,10176,11624,13289,15206,15243,14003,11344
31007,"Banner County, Nebraska",674,690,819,852,918,1034,1269,1325,1403,1676,1435,1444,1114
31009,"Blaine County, Nebraska",431,478,583,675,867,847,1016,1203,1538,1584,1778,1672,603
31013,"Box Butte County, Nebraska",10842,11308,12158,13130,13696,10094,11688,12279,10736,11861,8407,6131,5572
31015,"Boyd County, Nebraska",1810,2099,2438,2835,3331,3752,4513,4911,6060,7169,8243,8826,7332
31019,"Buffalo County, Nebraska",50084,46102,42259,37447,34797,31222,26236,25134,23655,24338,23787,21907,20254
31021,"Burt County, Nebraska",6722,6858,7791,7868,8813,9247,10192,11536,12546,13062,12559,12726,13040
31025,"Cass County, Nebraska",26598,25241,24334,21318,20297,18076,17821,16361,16992,17684,18029,19786,21330
31027,"Cedar County, Nebraska",8380,8852,9615,10131,11375,12192,13368,13843,15126,16427,16225,15191,12467
31031,"Cherry County, Nebraska",5455,5713,6148,6307,6758,6846,8218,8397,9637,10898,11753,10414,6541
31033,"Cheyenne County, Nebraska",9468,9998,9830,9494,10057,10778,14828,12081,9505,10187,8405,4551,5570
31037,"Colfax County, Nebraska",10582,10515,10441,9139,9890,9498,9595,10010,10627,11434,11624,11610,11211
31041,"Custer County, Nebraska",10545,10939,11793,12270,13877,14092,16517,19170,22591,26189,26407,25668,19758
31043,"Dakota County, Nebraska",21582,21006,20253,16742,16573,13137,12168,10401,9836,9505,7694,6564,6286
31047,"Dawson County, Nebraska",24111,24326,24365,19940,22304,19467,19405,19393,17890,17875,16004,15961,12214
31049,"Deuel County, Nebraska",1838,1941,2098,2237,2462,2717,3125,3330,3580,3992,3282,1786,2630
31053,"Dodge County, Nebraska",37167,36691,36160,34500,35847,34782,32471,26265,23799,25273,23197,22145,22298
31055,"Douglas County, Nebraska",584526,517110,463585,416444,397038,389455,343490,281020,247562,232982,204524,168546,140590
31059,"Fillmore County, Nebraska",5551,5890,6634,7103,7920,8137,9425,9610,11417,12971,13671,14674,15087
31061,"Franklin County, Nebraska",2889,3225,3574,3938,4377,4566,5449,7096,7740,9094,10067,10303,9455
31065,"Furnas County, Nebraska",4636,4959,5324,5553,6486,6897,7711,9385,10098,12140,11657,12083,12373
31067,"Gage County, Nebraska",21704,22311,22993,22794,24456,25719,26818,28052,29588,30242,29721,30325,30051
31071,"Garfield County, Nebraska",1813,2049,1902,2141,2363,2411,2699,2912,3444,3207,3496,3417,2127
31073,"Gosper County, Nebraska",1893,2044,2143,1928,2140,2178,2489,2734,3687,4287,4669,4933,5301
31077,"Greeley County, Nebraska",2188,2538,2714,3006,3462,4000,4595,5575,6845,8442,8685,8047,5691
31079,"Hall County, Nebraska",62895,58607,53534,48925,47690,42851,35757,32186,27523,27117,23720,20361,17206
31083,"Harlan County, Nebraska",3073,3423,3786,3810,4292,4357,5081,7189,7130,8957,9220,9578,9370
31085,"Hayes County, Nebraska",856,967,1068,1222,1356,1530,1919,2404,2958,3603,3327,3011,2708
31089,"Holt County, Nebraska",10127,10435,11551,12599,13552,12933,13722,14859,16552,16509,17151,15545,12224
31091,"Hooker County, Nebraska",711,736,783,793,990,939,1130,1061,1253,1180,1378,981,432
31095,"Jefferson County, Nebraska",7240,7547,8333,8759,9817,10436,11620,13623,15532,16409,16140,16852,15196
31097,"Johnson County, Nebraska",5290,5217,4488,4673,5285,5743,6281,7251,8662,9157,8940,10187,11197
31101,"Keith County, Nebraska",8335,8368,8875,8584,9364,8487,7958,7449,8333,6721,5294,3692,1951
31103,"Keya Paha County, Nebraska",769,824,983,1029,1301,1340,1672,2160,3235,3203,3594,3452,3076
12105,"Polk County, Florida",725046,602095,483924,405382,321652,227222,195139,123997,86665,72291,38661,24148,12472
31107,"Knox County, Nebraska",8391,8701,9374,9534,11457,11723,13300,14820,16478,19110,18894,18358,14343
31109,"Lancaster County, Nebraska",322608,285407,250291,213641,192884,167972,155272,119742,100585,100324,85902,73793,64835
31113,"Logan County, Nebraska",716,763,774,878,983,991,1108,1357,1742,2014,1596,1521,960
31115,"Loup County, Nebraska",607,632,712,683,859,854,1097,1348,1777,1818,1946,2188,1305
31119,"Madison County, Nebraska",35585,34876,35226,32655,31382,27402,25145,24338,24269,26037,22511,19101,16976
31121,"Merrick County, Nebraska",7668,7845,8204,8042,8945,8751,8363,8812,9354,10619,10763,10379,9255
31125,"Nance County, Nebraska",3380,3735,4038,4275,4740,5142,5635,6512,7653,8718,8712,8926,8222
31129,"Nuckolls County, Nebraska",4095,4500,5057,5786,6726,7404,8217,9609,10446,12629,13236,13019,12414
31131,"Otoe County, Nebraska",15912,15740,15396,14252,15183,15576,16503,17056,18994,19901,19494,19323,22288
55005,"Barron County, Wisconsin",46711,45870,44963,40750,38730,33955,34270,34703,34289,34301,34281,29114,23677
55009,"Brown County, Wisconsin",268740,248007,226778,194594,175280,158244,125082,98314,83109,70249,61889,54098,46359
55011,"Buffalo County, Wisconsin",13317,13587,13804,13584,14309,13743,14202,14719,16090,15330,15615,16006,16765
55015,"Calumet County, Wisconsin",52442,48971,40631,34291,30867,27604,22268,18840,17618,16848,17228,16701,17078
55017,"Chippewa County, Wisconsin",66297,62415,55195,52360,52127,47717,45096,42839,40703,37342,36482,32103,33037
55021,"Columbia County, Wisconsin",58490,56833,52468,45088,43222,40150,36708,34023,32517,30503,30468,31129,31121
55023,"Crawford County, Wisconsin",16113,16644,17243,15940,16556,15252,16351,17652,18328,16781,16772,16288,17286
55027,"Dodge County, Wisconsin",89396,88759,85897,76559,75064,69004,63170,57611,54280,52092,49742,47436,46631
55029,"Door County, Wisconsin",30066,27785,27961,25690,25029,20106,20685,20870,19095,18182,19073,18711,17583
55033,"Dunn County, Wisconsin",45440,43857,39858,35909,34314,29154,26156,27341,27375,27037,26970,25260,25043
55035,"Eau Claire County, Wisconsin",105710,98736,93142,85183,78805,67219,58300,54187,46999,41087,35771,32721,31692
55039,"Fond du Lac County, Wisconsin",104154,101633,97296,90083,88964,84567,75085,67829,62353,59883,56119,51610,47589
55041,"Forest County, Wisconsin",9179,9304,10024,8776,9044,7691,7542,9437,11805,11118,9850,6782,1396
55045,"Green County, Wisconsin",37093,36842,33647,30339,30012,26714,25851,24172,23146,21870,21568,21641,22719
55047,"Green Lake County, Wisconsin",19018,19051,19105,18651,18370,16878,15418,14749,14092,13913,14875,15491,15797
55051,"Iron County, Wisconsin",6137,5916,6861,6153,6730,6533,7830,8714,10049,9933,10261,8306,6616
55053,"Jackson County, Wisconsin",21145,20449,19100,16588,16831,15325,15151,16073,16599,16468,17746,17075,17466
55057,"Juneau County, Wisconsin",26718,26664,24316,21650,21039,18455,17490,18930,18708,17264,19209,19569,20629
55059,"Kenosha County, Wisconsin",169151,166426,149577,128181,123137,117917,100615,75238,63505,63277,51284,32929,21707
55063,"La Crosse County, Wisconsin",120784,114638,107120,97904,91056,80468,72465,67587,59653,54455,44355,43996,42997
55065,"Lafayette County, Wisconsin",16611,16836,16137,16076,17412,17456,18142,18137,18695,18649,20002,20075,20959
55069,"Lincoln County, Wisconsin",28415,28743,29641,26993,26555,23499,22338,22235,22536,21072,21084,19064,16269
55071,"Manitowoc County, Wisconsin",81359,81442,82887,80421,82918,82294,75215,67159,61617,58674,51644,44978,42261
55075,"Marinette County, Wisconsin",41872,41749,43384,40548,39314,35810,34660,35748,36225,33530,34361,33812,30822
55077,"Marquette County, Wisconsin",15592,15404,15832,12321,11672,8865,8516,8839,9097,9388,10443,10741,10509
55079,"Milwaukee County, Wisconsin",939489,947735,940164,959275,964988,1054063,1036041,871047,766885,725263,539449,433187,330017
55081,"Monroe County, Wisconsin",46274,44673,40899,36633,35074,31610,31241,31378,30080,28739,28666,28881,28103
55083,"Oconto County, Wisconsin",38965,37660,35634,30226,28947,25553,25110,26238,27075,26386,27104,25657,20874
55087,"Outagamie County, Wisconsin",190705,176695,160971,140510,128799,119356,101794,81722,70032,62790,55113,49102,46247
55089,"Ozaukee County, Wisconsin",91503,86395,82317,72831,66981,54421,38441,23361,18985,17394,16335,17123,16363
55093,"Pierce County, Wisconsin",42212,41019,36804,32765,31149,26652,22503,21448,21471,21043,21663,22079,23943
55095,"Polk County, Wisconsin",44977,44205,41319,34773,32351,26666,24968,24944,26197,26567,26870,21367,17801
55099,"Price County, Wisconsin",14054,14159,15822,15600,15788,14520,14370,16344,18467,17284,18517,13795,9106
55101,"Racine County, Wisconsin",197727,195408,188831,175034,173132,170838,141781,109585,94047,90217,78961,57424,45644
55105,"Rock County, Wisconsin",163687,160331,152307,139510,139420,131970,113913,92778,80173,74206,66150,55538,51203
55107,"Rusk County, Wisconsin",14188,14755,15347,15079,15589,14238,14794,16790,17737,16081,16403,11160,0
55111,"Sauk County, Wisconsin",65763,61976,55225,46975,43469,39057,36179,38120,33700,32030,32548,32869,33006
55113,"Sawyer County, Wisconsin",18074,16557,16196,14181,12843,9670,9475,10323,11540,8878,8243,6227,3593
55115,"Shawano County, Wisconsin",40881,41949,40664,37157,35928,32650,34351,35249,35378,33516,33975,31884,27475
55117,"Sheboygan County, Wisconsin",118034,115507,112646,103877,100935,96660,86484,80631,76221,71235,59913,54888,50345
55119,"Taylor County, Wisconsin",19913,20689,19680,18901,18817,16958,17843,18456,20105,17685,18045,13641,11262
55121,"Trempealeau County, Wisconsin",30760,28816,27010,25263,26158,23344,23377,23730,24381,23910,24506,22928,23114
55123,"Vernon County, Wisconsin",30714,29773,28056,25617,25642,24557,25663,27906,29940,28537,29252,28116,28351
55125,"Vilas County, Wisconsin",23047,21430,21033,17707,16535,10958,9332,9363,8894,7294,5649,6019,4929
55127,"Walworth County, Wisconsin",106478,102228,93759,75000,71507,63444,52368,41584,33103,31058,29327,29614,29259
55129,"Washburn County, Wisconsin",16623,15911,16036,13772,13174,10601,10301,11665,12496,11103,11377,8196,5521
55131,"Washington County, Wisconsin",136761,131887,117493,95328,84848,63839,46119,33902,28430,26551,25713,23784,23589
55133,"Waukesha County, Wisconsin",406978,389891,360767,304715,280326,231365,158249,85901,62744,52358,42612,37100,35229
55135,"Waupaca County, Wisconsin",51812,52410,51731,46104,42831,37780,35340,35056,34614,33513,34200,32782,31615
55137,"Waushara County, Wisconsin",24520,24496,23154,19385,18526,14795,13497,13920,14268,14427,16712,18886,15972
55139,"Winnebago County, Wisconsin",171730,166994,156763,140320,131703,129931,107928,91103,80507,76622,63897,62116,58225
55141,"Wood County, Wisconsin",74207,74749,75555,73605,72799,65362,59105,50500,44465,37865,34643,30583,25865
56001,"Albany County, Wyoming",37066,36299,32014,30797,29062,26431,21290,19055,13946,12041,9283,11574,13084
56003,"Big Horn County, Wyoming",11521,11668,11461,10525,11896,10202,11898,13176,12911,11222,12105,8886,4328
56005,"Campbell County, Wyoming",47026,46133,33698,29370,24367,12957,5861,4839,6048,6720,5233,0,0
56007,"Carbon County, Wyoming",14537,15885,15639,16659,21896,13354,14937,15742,12644,11391,9525,11282,9589
56009,"Converse County, Wyoming",13751,13833,12052,11128,14069,5938,6366,5933,6631,7145,7871,6294,3337
56011,"Crook County, Wyoming",7181,7083,5887,5294,5308,4535,4691,4738,5463,5333,5524,6492,3137
56013,"Fremont County, Wyoming",39234,40123,35804,33662,38992,28352,26168,19580,16095,10490,11820,11822,5357
30055,"McCone County, Montana",1729,1734,1977,2276,2702,2875,3321,3258,3798,4790,4747,0,0
30059,"Meagher County, Montana",1927,1891,1932,1819,2154,2122,2616,2079,2237,2272,2622,4190,2526
30061,"Mineral County, Montana",4535,4223,3884,3315,3675,2958,3037,2081,2135,1626,2327,0,0
30065,"Musselshell County, Montana",4730,4538,4497,4106,4428,3734,4888,5408,5717,7242,12030,0,0
30069,"Petroleum County, Montana",496,494,493,519,655,675,894,1026,1083,2045,0,0,0
30071,"Phillips County, Montana",4217,4253,4601,5163,5367,5386,6027,6334,7892,8208,9311,0,0
30075,"Powder River County, Montana",1694,1743,1858,2090,2520,2862,2485,2693,3159,3909,3357,0,0
30077,"Powell County, Montana",6946,7027,7180,6620,6958,6660,7002,6301,6152,6202,6909,5904,0
30079,"Prairie County, Montana",1088,1179,1199,1383,1836,1752,2318,2377,2410,3941,3684,0,0
30081,"Ravalli County, Montana",44174,40212,36070,25010,22493,14409,12341,13101,12978,10315,10098,11666,7822
30083,"Richland County, Montana",11491,9746,9667,10716,12243,9837,10504,10366,10209,9633,8989,0,0
30085,"Roosevelt County, Montana",10794,10425,10620,10999,10467,10365,11731,9580,9806,10672,10347,0,0
30087,"Rosebud County, Montana",8329,9233,9383,10505,9899,6032,6187,6570,6477,7347,8002,7985,0
30089,"Sanders County, Montana",12400,11413,10227,8669,8675,7093,6880,6983,6926,5692,4903,3713,0
30091,"Sheridan County, Montana",3539,3384,4105,4732,5414,5779,6458,6674,7814,9869,13847,0,0
30093,"Silver Bow County, Montana",35133,34200,34606,33941,38092,41981,46454,48422,53207,56969,60313,56848,47635
30095,"Stillwater County, Montana",8963,9117,8195,6536,5598,4632,5526,5416,5694,6253,7630,0,0
30097,"Sweet Grass County, Montana",3678,3651,3609,3154,3216,2980,3290,3621,3719,3944,4926,4029,3086
30099,"Teton County, Montana",6226,6073,6445,6271,6491,6116,7295,7232,6922,6068,5870,9546,5080
30101,"Toole County, Montana",4971,5324,5267,5046,5559,5839,7904,6867,6769,6714,3724,0,0
30103,"Treasure County, Montana",762,718,861,874,981,1069,1345,1402,1499,1661,1990,0,0
30105,"Valley County, Montana",7578,7369,7675,8239,10250,11471,17080,11353,15181,11181,11542,13630,4355
30107,"Wheatland County, Montana",2069,2168,2259,2246,2359,2529,3026,3187,3286,3751,5619,0,0
30109,"Wibaux County, Montana",937,1017,1068,1191,1476,1465,1698,1907,2161,2767,3113,0,0
30111,"Yellowstone County, Montana",164731,147972,129352,113419,108035,87367,79016,55875,41182,30785,29600,22944,6212
13001,"Appling County, Georgia",18444,18236,17419,15744,15565,12726,13246,14003,14497,13314,10594,12318,12336
13003,"Atkinson County, Georgia",8286,8375,7609,6213,6141,5879,6188,7362,7093,6894,7656,0,0
13005,"Bacon County, Georgia",11140,11096,10103,9566,9379,8233,8359,8940,8096,7055,6460,0,0
13007,"Baker County, Georgia",2876,3451,4074,3615,3808,3875,4543,5952,7344,7818,8298,7973,6704
13011,"Banks County, Georgia",18035,18395,14422,10308,8702,6833,6497,6935,8733,9703,11814,11244,10545
13013,"Barrow County, Georgia",83505,69367,46144,29721,21354,16859,14485,13115,13064,12401,13188,0,0
13017,"Ben Hill County, Georgia",17194,17634,17484,16245,16000,13171,13633,14879,14523,13047,14599,11863,0
13021,"Bibb County, Georgia",157346,155547,153887,149967,150256,143418,141249,114079,83783,77042,71304,56646,50473
13023,"Bleckley County, Georgia",12583,13063,11666,10430,10767,10291,9642,9218,9655,9133,10532,0,0
13027,"Brooks County, Georgia",16301,16243,16450,15398,15255,13739,15292,18169,20497,21330,24538,23832,18606
13029,"Bryan County, Georgia",44738,30233,23417,15438,10175,6539,6226,5965,6288,5952,6343,6702,6122
13033,"Burke County, Georgia",24596,23316,22243,20579,19349,18255,20596,23458,26520,29224,30836,27268,30165
13035,"Butts County, Georgia",25434,23655,19522,15326,13665,10560,8976,9079,9182,9345,12327,13624,12805
13039,"Camden County, Georgia",54768,50513,43664,30167,13371,11334,9975,7322,5910,6338,6969,7690,7669
13045,"Carroll County, Georgia",119148,110527,87268,71422,56346,45404,36451,34112,34156,34272,34752,30855,26576
13047,"Catoosa County, Georgia",67872,63942,53282,42464,36991,28271,21101,15146,12199,9421,6677,7184,5823
13051,"Chatham County, Georgia",295291,265128,232048,216935,202226,187767,188299,151481,117970,105431,100032,79690,71239
13053,"Chattahoochee County, Georgia",9565,11267,14882,16934,21732,25813,13011,12149,15138,8894,5266,5586,5790
13057,"Cherokee County, Georgia",266620,214346,141903,90204,51699,31059,23001,20750,20126,20003,18569,16661,15243
13059,"Clarke County, Georgia",128671,116714,101489,87594,74498,65177,45363,36550,28398,25613,26111,23273,17708
13063,"Clayton County, Georgia",297595,259424,236517,182052,150357,98043,46365,22872,11655,10260,11159,10453,9598
13067,"Cobb County, Georgia",766149,688078,607751,447745,297718,196793,114174,61830,38272,35408,30437,28397,24664
13069,"Coffee County, Georgia",43092,42356,37413,29592,26894,22828,21953,23961,21541,19739,18653,21953,16169
13073,"Columbia County, Georgia",156010,124053,89288,66031,40118,22327,13423,9525,9433,8793,11718,12328,10653
13075,"Cook County, Georgia",17229,17212,15771,13456,13490,12129,11822,12201,11919,11311,11180,0,0
13079,"Crawford County, Georgia",12130,12630,12495,8991,7684,5748,5816,6080,7128,7020,8893,8310,10368
13081,"Crisp County, Georgia",20128,23439,21996,20011,19489,18087,17768,17663,17540,17343,18914,16423,0
13085,"Dawson County, Georgia",26798,22330,15999,9429,4774,3639,3590,3712,4479,3502,4204,4686,5442
13089,"DeKalb County, Georgia",764382,691893,665865,545837,483024,415387,256782,136395,86942,70278,44051,27881,21112
13091,"Dodge County, Georgia",19925,21796,19171,17607,16955,15658,16483,17865,21022,21599,22540,20127,13975
13095,"Dougherty County, Georgia",85790,94565,96065,96311,100718,89639,75680,43617,28565,22306,20063,16035,13679
13097,"Douglas County, Georgia",144237,132403,92174,71120,54573,28659,16741,12173,10053,9461,10477,8953,8745
13101,"Echols County, Georgia",3697,4034,3754,2334,2297,1924,1876,2494,2964,2744,3313,3309,3209
13105,"Elbert County, Georgia",19637,20166,20511,18949,18758,17262,17835,18585,19618,18485,23905,24125,19729
31133,"Pawnee County, Nebraska",2544,2773,3087,3317,3937,4473,5356,6744,8514,9423,9578,10582,11770
31135,"Perkins County, Nebraska",2858,2970,3200,3367,3637,3423,4189,4809,5197,5834,3967,2570,1702
31137,"Phelps County, Nebraska",8968,9188,9747,9715,9769,9553,9800,9048,8452,9261,9900,10451,10772
31139,"Pierce County, Nebraska",7317,7266,7857,7827,8481,8493,8722,9405,10211,11080,10681,10122,8445
31141,"Platte County, Nebraska",34296,32237,31662,29820,28852,26508,23992,19910,20191,21181,19464,19006,17747
31143,"Polk County, Nebraska",5214,5406,5639,5675,6320,6468,7210,8044,8748,10092,10714,10521,10542
31145,"Red Willow County, Nebraska",10702,11055,11448,11705,12615,12191,12940,12977,11951,13859,11434,11056,9604
31147,"Richardson County, Nebraska",7871,8363,9531,9937,11315,12277,13903,16886,19178,19826,18968,17448,19614
31149,"Rock County, Nebraska",1262,1526,1756,2019,2383,2231,2554,3026,3977,3366,3703,3627,2809
31151,"Saline County, Nebraska",14292,14200,13843,12715,13131,12809,12542,14046,15010,16356,16514,17866,18252
31153,"Sarpy County, Nebraska",190604,158840,122595,102583,86015,63696,31281,15693,10835,10402,9370,9274,9080
31155,"Saunders County, Nebraska",22278,20780,19830,18285,18716,17018,17270,16923,17892,20167,20589,21179,22085
31157,"Scotts Bluff County, Nebraska",36084,36970,36951,36025,38344,36432,33809,33939,33917,28644,20710,8355,2552
31159,"Seward County, Nebraska",17609,16750,16496,15450,15789,14460,13581,13155,14167,15938,15867,15895,15690
31161,"Sheridan County, Nebraska",5127,5469,6198,6750,7544,7285,9049,9539,9869,10793,9625,7328,6033
31163,"Sherman County, Nebraska",2959,3152,3318,3718,4226,4725,5382,6421,7764,9122,8877,8278,6550
31165,"Sioux County, Nebraska",1135,1311,1475,1549,1845,2034,2575,3124,4001,4667,4528,5599,2055
31167,"Stanton County, Nebraska",5842,6129,6455,6244,6549,5758,5783,6387,6887,7809,7756,7542,6959
31169,"Thayer County, Nebraska",5034,5228,6055,6635,7582,7779,9118,10563,12262,13684,13976,14775,14325
31171,"Thomas County, Nebraska",669,647,729,851,973,954,1078,1206,1553,1510,1773,1191,628
31173,"Thurston County, Nebraska",6773,6940,7171,6936,7186,6942,7237,8590,10243,10462,9589,8704,6517
31177,"Washington County, Nebraska",20865,20234,18780,16607,15508,13310,12103,11511,11578,12095,12180,12738,13086
31181,"Webster County, Nebraska",3395,3812,4061,4279,4858,6477,6224,7395,8071,10210,10922,12008,11619
31183,"Wheeler County, Nebraska",774,818,886,948,1060,1054,1297,1526,2170,2335,2531,2292,1362
32001,"Churchill County, Nevada",25516,24877,23982,17938,13917,10513,8452,6161,5317,5075,4649,2811,830
32003,"Clark County, Nevada",2265461,1951269,1375765,741459,463087,273288,127016,48289,16414,8532,4859,3321,0
32007,"Elko County, Nevada",53702,48818,45291,33530,17269,13958,12011,11654,10912,9960,8083,8133,5688
32009,"Esmeralda County, Nevada",729,783,971,1344,777,629,619,614,1554,1077,2410,9369,1972
32013,"Humboldt County, Nevada",17285,16528,16106,12844,9434,6375,5708,4838,4743,3795,3743,6825,4463
32015,"Lander County, Nevada",5734,5775,5794,6266,4076,2666,1566,1850,1745,1714,1484,1786,1534
32019,"Lyon County, Nevada",59235,51980,34501,20001,13594,8221,6143,3679,4076,3810,4078,3568,2268
32021,"Mineral County, Nevada",4554,4772,5071,6475,6217,7051,6329,5560,2342,1863,1848,0,0
32027,"Pershing County, Nevada",6650,6753,6693,4336,3408,2670,3199,3103,2713,2652,2803,0,0
32029,"Storey County, Nevada",4104,4010,3399,2526,1503,695,568,671,1216,667,1469,3045,3673
32033,"White Pine County, Nevada",9080,10030,9181,9264,8167,10150,9808,9424,12377,11771,8935,7441,1961
32510,"Carson City, Nevada",58639,55274,52457,40443,32022,15468,8063,4172,3209,2221,2453,3415,2893
33003,"Carroll County, New Hampshire",50107,47818,43666,35410,27931,18548,15829,15868,15589,14277,15017,16316,16895
33005,"Cheshire County, New Hampshire",76458,77117,73825,70121,62116,52364,43342,38811,34953,33685,30975,30659,31321
33009,"Grafton County, New Hampshire",91118,89118,81743,74929,65806,54914,48857,47923,44645,42816,40572,41652,40844
33011,"Hillsborough County, New Hampshire",422937,400721,380841,336073,276608,223941,178161,156987,144888,140165,135512,126072,112640
33015,"Rockingham County, New Hampshire",314176,295223,277359,245845,190345,138951,99029,70059,58142,53750,52498,52188,51118
33017,"Strafford County, New Hampshire",130889,123143,112233,104233,85408,70431,59799,51567,43553,38580,38546,38951,39337
22001,"Acadia Parish, Louisiana",57576,61773,58861,55882,56427,52109,49931,47050,46260,39326,34820,31847,23483
22003,"Allen Parish, Louisiana",22750,25764,25440,21226,21390,20794,19867,18835,17540,15261,18382,0,0
22007,"Assumption Parish, Louisiana",21039,23421,23388,22753,22084,19654,17991,17278,18541,15990,17912,24128,21620
22009,"Avoyelles Parish, Louisiana",39693,42073,41481,39159,41393,37751,37606,38031,39256,34926,35300,34102,29701
22013,"Bienville Parish, Louisiana",12981,14353,15752,15979,16387,16024,16726,19105,23933,23789,20977,21776,17588
22015,"Bossier Parish, Louisiana",128746,116979,98310,86088,80721,64519,57622,40139,33162,28388,22266,21738,24153
22019,"Calcasieu Parish, Louisiana",216785,192768,183577,168134,167223,145415,145475,89635,56506,41963,32807,62767,30428
22021,"Caldwell Parish, Louisiana",9645,10132,10560,9810,10761,9354,9004,10293,12046,10430,9514,8593,6917
22025,"Catahoula Parish, Louisiana",8906,10407,10920,11065,12287,11769,11421,11834,14618,12451,11074,10415,16351
22027,"Claiborne Parish, Louisiana",14170,17195,16851,17405,17095,17024,19407,25063,29855,32285,27885,25050,23029
22031,"De Soto Parish, Louisiana",26812,26656,25494,25346,25727,22764,24248,24398,31803,31016,29376,27689,25063
22033,"East Baton Rouge Parish, Louisiana",456781,440171,412852,380105,366191,285167,230058,158236,88415,68208,44513,34580,31153
22037,"East Feliciana Parish, Louisiana",19539,20267,21360,19211,19015,17657,20198,19133,18039,17449,17487,20055,20443
22039,"Evangeline Parish, Louisiana",32350,33984,35434,33274,33343,31932,31639,31629,30497,25483,23485,0,0
22043,"Grant Parish, Louisiana",22169,22309,18698,17526,16703,13671,13330,14263,15933,15709,14403,15958,12902
22045,"Iberia Parish, Louisiana",69929,73240,73266,68297,63752,57397,51657,40059,37183,28192,26855,31262,29015
22049,"Jackson Parish, Louisiana",15031,16274,15397,15705,17321,15963,15828,15434,17807,13808,14486,13818,9119
56015,"Goshen County, Wyoming",12498,13249,12538,12373,12040,10885,11941,12634,12207,11754,8064,0,0
56019,"Johnson County, Wyoming",8447,8569,7075,6145,6700,5587,5475,4707,4980,4816,4617,3453,2361
56021,"Laramie County, Wyoming",100512,91738,81607,73142,68649,56360,60149,47662,33651,26845,20699,26127,20181
56023,"Lincoln County, Wyoming",19581,18106,14573,12625,12177,8640,9018,9023,10286,10894,12487,0,0
56027,"Niobrara County, Wyoming",2467,2484,2407,2499,2924,2924,3750,4701,5988,4723,6321,0,0
56029,"Park County, Wyoming",29624,28205,25786,23178,21639,17752,16874,15182,10976,8207,7298,4909,0
56033,"Sheridan County, Wyoming",30921,29116,26560,23562,25048,17852,18989,20185,19255,16875,18182,16324,5122
56035,"Sublette County, Wyoming",8728,10247,5920,4843,4548,3755,3778,2481,2778,1944,0,0,0
56039,"Teton County, Wyoming",23331,21294,18251,11172,9355,4823,3062,2593,2543,2003,0,0,0
56041,"Uinta County, Wyoming",20450,21118,19742,18705,13021,7100,7484,7331,7223,6572,6611,16982,12223
56045,"Weston County, Wyoming",6838,7208,6644,6518,7106,6307,7929,6733,4958,4673,4631,4960,3203
13107,"Emanuel County, Georgia",22768,22598,21837,20546,20795,18189,17815,19789,23517,24101,25862,25140,21279
13111,"Fannin County, Georgia",25319,23682,19798,15992,14748,13357,13620,15192,14752,12969,12103,12574,11214
13113,"Fayette County, Georgia",119194,106567,91263,62415,29043,11364,8199,7978,8170,8665,11396,10966,10114
13117,"Forsyth County, Georgia",251283,175511,98407,44083,27958,16928,12170,11005,11322,10624,11755,11940,11550
13121,"Fulton County, Georgia",1066710,920581,816006,648951,589904,607592,556326,473572,392886,318587,232606,177733,117363
13123,"Gilmer County, Georgia",31353,28292,23456,13368,11110,8956,8922,9963,9001,7344,8406,9237,10198
13127,"Glynn County, Georgia",84499,79626,67568,62496,54981,50528,41954,29046,21920,19400,19370,15720,14317
13129,"Gordon County, Georgia",57544,55186,44104,35072,30070,23570,19228,18922,18445,16846,17736,15861,14119
13133,"Greene County, Georgia",18915,15994,14406,11793,11391,10212,11193,12843,13709,12616,18972,18512,16542
13135,"Gwinnett County, Georgia",957062,805321,588448,352910,166903,72349,43541,32320,29087,27853,30327,28824,25585
13139,"Hall County, Georgia",203136,179684,139277,95428,75649,59405,49739,40113,34822,30313,26822,25730,20752
13143,"Haralson County, Georgia",29919,28780,25690,21966,18422,15927,14543,14663,14377,13263,14440,13514,11922
13145,"Harris County, Georgia",34668,32024,23695,17788,15464,11520,11167,11265,11428,11140,15775,17886,18009
13147,"Hart County, Georgia",25828,25213,22997,19712,18585,15814,15229,14495,15512,15174,17944,16216,14492
13149,"Heard County, Georgia",11412,11834,11012,8628,6520,5354,5333,6975,8610,9102,11126,11189,11177
13151,"Henry County, Georgia",240712,203922,119341,58741,36309,23724,17619,15857,15119,15924,20420,19927,18602
13153,"Houston County, Georgia",163633,139900,110765,89208,77605,62924,39154,20964,11303,11280,21964,23609,22641
13155,"Irwin County, Georgia",9666,9538,9931,8649,8988,8036,9211,11973,12936,12199,12670,10461,13645
13157,"Jackson County, Georgia",75907,60485,41589,30005,25343,21093,18499,18997,20089,21609,24654,30169,24039
13159,"Jasper County, Georgia",14588,13900,11426,8453,7553,5760,6135,7473,8772,8594,16362,16552,15033
13161,"Jeff Davis County, Georgia",14779,15068,12684,12032,11473,9425,8914,9299,8841,8118,7322,6050,0
13163,"Jefferson County, Georgia",15709,16930,17266,17408,18403,17174,17468,18855,20040,20727,22602,21379,18212
13165,"Jenkins County, Georgia",8674,8340,8575,8247,8841,8332,9148,10264,11843,12908,14328,11520,0
13167,"Johnson County, Georgia",9189,9980,8560,8329,8660,7727,8048,9893,12953,12681,13546,12897,11409
13169,"Jones County, Georgia",28347,28669,23639,20739,16579,12218,8468,7538,8331,8992,13269,13103,13358
13171,"Lamar County, Georgia",18500,18317,15912,13038,12215,10688,10240,10242,10091,9745,0,0,0
13173,"Lanier County, Georgia",9877,10078,7241,5531,5654,5031,5097,5151,5632,5190,0,0,0
13175,"Laurens County, Georgia",49570,48434,44874,39988,36990,32738,32313,33123,33606,32693,39605,35501,25908
13177,"Lee County, Georgia",33163,28298,24757,16250,11684,7044,6204,6674,7837,8328,10904,11679,10344
13179,"Liberty County, Georgia",65256,63453,61610,52745,37583,17569,14487,8444,8595,8153,12707,12924,13093
13181,"Lincoln County, Georgia",7690,7996,8348,7442,6716,5895,5906,6462,7042,7847,9739,8714,7156
13183,"Long County, Georgia",16168,14464,10304,6202,4524,3746,3874,3598,4086,4180,0,0,0
13187,"Lumpkin County, Georgia",33488,29966,21016,14573,10762,8728,7241,6574,6223,4927,5240,5444,7433
13191,"McIntosh County, Georgia",10975,14333,10847,8634,8046,7371,6364,6008,5292,5763,5119,6442,6537
13193,"Macon County, Georgia",12082,14740,14074,13114,14003,12933,13170,14213,15947,16643,17667,15016,14093
13197,"Marion County, Georgia",7498,8742,7144,5590,5297,5099,5477,6521,6954,6968,7604,9147,10080
13199,"Meriwether County, Georgia",20613,21992,22534,22411,21229,19461,19756,21055,22055,22437,26168,25180,23339
13205,"Mitchell County, Georgia",21755,23498,23932,20275,21114,18956,19652,22528,23261,23620,25588,22114,14767
13209,"Montgomery County, Georgia",8610,9123,8270,7163,7011,6099,6284,7901,9668,10020,9167,19638,16359
13211,"Morgan County, Georgia",20097,17868,15457,12883,11572,9904,10280,11899,12713,12488,20143,19717,15813
13215,"Muscogee County, Georgia",206922,189885,186291,179278,170108,167377,158623,118028,75494,57558,44195,36227,29836
13217,"Newton County, Georgia",112483,99958,62001,41808,34489,26282,20999,20185,18576,17290,21680,18449,16734
13221,"Oglethorpe County, Georgia",14825,14899,12635,9763,8929,7598,7926,9958,12430,12927,20287,18680,17881
13223,"Paulding County, Georgia",168661,142324,81678,41611,26110,17520,13101,11752,12832,12327,14025,14124,12969
13227,"Pickens County, Georgia",33216,29431,22983,14432,11652,9620,8903,8855,9136,9687,8222,9041,8641
13231,"Pike County, Georgia",18889,17869,13688,10224,8937,7316,7138,8459,10375,10853,21212,19495,18761
13233,"Polk County, Georgia",42853,41475,38127,33815,32386,29656,28015,30976,28467,25141,20357,20203,17856
13237,"Putnam County, Georgia",22047,21218,18812,14137,10295,8394,7798,7731,8514,8367,15151,13876,13436
13239,"Quitman County, Georgia",2235,2513,2598,2209,2357,2180,2432,3015,3435,3820,3417,4594,4701
13243,"Randolph County, Georgia",6425,7719,7791,8023,9599,8734,11078,13804,16609,17174,16721,18841,16847
13247,"Rockdale County, Georgia",93570,85215,70111,54091,36747,18152,10572,8464,7724,7247,9521,8916,7515
13249,"Schley County, Georgia",4547,5010,3766,3588,3433,3097,3256,4036,5033,5347,5243,5213,5499
13253,"Seminole County, Georgia",9147,8729,9369,9010,9057,7059,6802,7904,8492,7389,0,0,0
13255,"Spalding County, Georgia",67306,64073,58417,54457,47899,39514,35404,31045,28427,23495,21908,19741,17619
13259,"Stewart County, Georgia",5314,6058,5252,5654,5896,6511,7371,9194,10603,11114,12089,13437,15856
13261,"Sumter County, Georgia",29616,32819,33200,30228,29360,26931,24652,24208,24502,26800,29640,29092,26212
13265,"Taliaferro County, Georgia",1559,1717,2077,1915,2032,2423,3370,4515,6278,6172,8841,8766,7912
13269,"Taylor County, Georgia",7816,8906,8815,7642,7902,7865,8311,9113,10768,10617,11473,10839,9846
13271,"Telfair County, Georgia",12477,16500,11794,11000,11445,11381,11715,13221,15145,14997,15291,13288,10083
13275,"Thomas County, Georgia",45798,44720,42737,38986,38098,34515,34319,33932,31289,32612,33044,29071,31076
22051,"Jefferson Parish, Louisiana",440781,432552,455466,448306,454592,337568,208769,103873,50427,40032,21563,18247,15321
22055,"Lafayette Parish, Louisiana",241753,221578,190503,164762,150017,109716,84656,57743,43941,38827,30841,28733,22825
22057,"Lafourche Parish, Louisiana",97557,96318,89974,85860,82483,68941,55381,42209,38615,32419,30344,33111,28882
22059,"LaSalle Parish, Louisiana",14791,14890,14282,13662,17004,13295,13011,12717,10959,11668,9856,9402,0
22061,"Lincoln Parish, Louisiana",48396,46735,42509,41745,39763,33800,28535,25782,24790,22822,16962,18485,15898
22063,"Livingston Parish, Louisiana",142282,128026,91814,70526,58806,36511,26974,20054,17790,18206,11643,10627,8100
22065,"Madison Parish, Louisiana",10017,12093,13728,12463,15975,15065,16444,17451,18443,14829,10829,10676,12322
22067,"Morehouse Parish, Louisiana",25629,27979,31021,31938,34803,32463,33709,32038,27571,23689,19311,18786,16634
22069,"Natchitoches Parish, Louisiana",37515,39566,39080,36689,39863,35219,35653,38144,40997,38477,38602,36455,33216
22071,"Orleans Parish, Louisiana",383997,343829,484674,496938,557515,593471,627525,570445,494537,458762,387219,339075,287104
22073,"Ouachita Parish, Louisiana",160368,153720,147250,142191,139241,115387,101663,74713,59168,54337,30319,25830,20947
22075,"Plaquemines Parish, Louisiana",23515,23042,26757,25575,26049,25225,22545,14239,12318,9608,10194,12524,13039
22077,"Pointe Coupee Parish, Louisiana",20758,22802,22763,22540,24045,22002,22488,21841,24004,21007,24697,25289,25777
22079,"Rapides Parish, Louisiana",130023,131613,126337,131556,135282,118078,111351,90648,73370,65455,59444,44545,39578
22081,"Red River Parish, Louisiana",7620,9091,9622,9387,10433,9226,9978,12113,15881,16078,15301,11402,11548
22083,"Richland Parish, Louisiana",20043,20725,20981,20629,22187,21774,23824,26672,28829,26374,20860,15769,11116
22085,"Sabine Parish, Louisiana",22155,24233,23459,22646,25280,18638,18564,20880,23586,24110,20713,19874,15421
22087,"St. Bernard Parish, Louisiana",43764,35897,67229,66631,64097,51185,32186,11087,7280,6512,4968,5277,5031
22089,"St. Charles Parish, Louisiana",52549,52780,48072,42437,37259,29550,21219,13363,12321,12111,8586,11207,9072
22091,"St. Helena Parish, Louisiana",10920,11203,10525,9874,9827,9937,9162,9013,9542,8492,8427,9172,8479
22093,"St. James Parish, Louisiana",20192,22102,21216,20879,21495,19733,18369,15334,16596,15338,21228,23009,20197
22095,"St. John the Baptist Parish, Louisiana",42477,45924,43044,39996,31924,23813,18439,14861,14766,14078,11896,14338,12330
22097,"St. Landry Parish, Louisiana",82540,83384,87700,80331,84128,80364,81493,78476,71481,60074,51697,66661,52906
22099,"St. Martin Parish, Louisiana",51767,52160,48583,43978,40214,32453,29063,26353,26394,21767,21990,23070,18940
22103,"St. Tammany Parish, Louisiana",264570,233740,191268,144508,110869,63585,38643,26988,23624,20929,20645,18917,13335
22105,"Tangipahoa Parish, Louisiana",133157,121097,100588,85709,80698,65875,59434,53218,45519,46227,31440,29160,17625
22109,"Terrebonne Parish, Louisiana",109580,111860,104503,96982,94393,76049,60771,43328,35880,29816,26974,28320,24464
22113,"Vermilion Parish, Louisiana",57359,57999,53807,50055,48458,43071,38855,36929,37750,33684,26482,26390,20705
22115,"Vernon Parish, Louisiana",48750,52334,52531,61961,53475,53794,18301,18974,19142,20047,20493,17384,10327
22119,"Webster Parish, Louisiana",36967,41207,41831,41989,43631,39939,39701,35704,33676,29458,24707,19186,15125
22121,"West Baton Rouge Parish, Louisiana",27199,23788,21601,19419,19086,16864,14796,11738,11263,9716,11092,12636,10285
22125,"West Feliciana Parish, Louisiana",15310,15625,15111,12915,12186,11376,12395,10169,11720,10924,12303,13449,15994
22127,"Winn Parish, Louisiana",13755,15313,16894,16269,17253,16369,16034,16119,16923,14766,16119,18357,9648
36001,"Albany County, New York",314848,304204,294565,292594,285909,286742,272926,239386,221315,211953,186106,173666,165571
36005,"Bronx County, New York",1472654,1385108,1332650,1203789,1168972,1471701,1424815,1451277,1394711,1265258,732016,0,0
36007,"Broome County, New York",198683,200600,200536,212160,213648,221815,212661,184698,165749,147022,113610,78809,69149
36011,"Cayuga County, New York",76248,80026,81963,82313,79894,77439,73942,70136,65508,64751,65221,67106,66234
36013,"Chautauqua County, New York",127657,134905,139750,141895,146925,147305,145377,135189,123580,126457,115348,105126,88314
36017,"Chenango County, New York",47220,50477,51401,51768,49344,46368,43243,39138,36454,34665,34969,35575,36568
36019,"Clinton County, New York",79843,82128,79894,85969,80750,72934,72722,53622,54006,46687,43898,48230,47430
36023,"Cortland County, New York",46809,49336,48599,48963,48820,45894,41113,37158,33668,31709,29625,29249,27576
36025,"Delaware County, New York",44308,47980,48055,47225,46824,44718,43540,44420,40989,41163,42774,45575,46413
36029,"Erie County, New York",954236,919040,950265,968532,1015472,1113491,1064688,899238,798377,762408,634688,528985,433686
36033,"Franklin County, New York",47555,51599,51134,46540,44929,43931,44742,44830,44286,45694,43541,45717,42853
36035,"Fulton County, New York",53324,55531,55073,54191,55153,52637,51304,51021,48597,46560,44927,44534,42842
36039,"Greene County, New York",47931,49221,48195,44739,40861,33136,31372,28745,27926,25808,25796,30214,31478
36041,"Hamilton County, New York",5107,4836,5379,5279,5034,4714,4267,4105,4188,3929,3970,4373,4947
36045,"Jefferson County, New York",116721,116229,111738,110943,88151,88508,87835,85521,84003,83574,82250,80382,76748
36047,"Kings County, New York",2736074,2504700,2465326,2300664,2230936,2602012,2627319,2738175,2698285,2560401,2018356,1634351,1166582
36051,"Livingston County, New York",61834,65393,64328,62372,57006,54041,44053,40257,38510,37560,36830,38037,37059
36053,"Madison County, New York",68016,73442,69441,69120,65150,62864,54635,46214,39598,39790,39535,39289,40545
36057,"Montgomery County, New York",49532,50219,49708,51981,53439,55883,57240,59594,59142,60076,57928,57567,47488
36059,"Nassau County, New York",1395774,1339532,1334544,1287348,1321582,1428080,1300171,672765,406748,303053,126120,83930,55448
36063,"Niagara County, New York",212666,216469,219846,220756,227354,235720,242269,189992,160110,149329,118705,92036,74961
36065,"Oneida County, New York",232125,234878,235469,250836,253466,273037,264401,222855,203636,198763,182833,154157,132800
36069,"Ontario County, New York",112458,107931,100224,95101,88909,78849,68070,60172,55307,54276,52652,52286,49605
36071,"Orange County, New York",401310,372813,341367,307647,259603,221657,183734,152255,140113,130383,119844,116001,103859
36075,"Oswego County, New York",117525,122109,122377,121771,113901,100897,86118,77181,71275,69645,71045,71664,70881
48001,"Anderson County, Texas",57922,58458,55109,48024,38381,27789,28162,31875,37092,34643,34318,29650,28015
48005,"Angelina County, Texas",86395,86771,80130,69884,64172,49349,39814,36032,32201,27803,22287,17705,13481
48007,"Aransas County, Texas",23830,23158,22497,17892,14260,8902,7006,4252,3469,2219,2064,2106,1716
48011,"Armstrong County, Texas",1848,1901,2148,2021,1994,1895,1966,2215,2495,3329,2816,2682,1205
48013,"Atascosa County, Texas",48981,44911,38628,30533,25055,18696,18828,20048,19275,15654,12702,10004,7143
48017,"Bailey County, Texas",6904,7165,6594,7064,8168,8487,9090,7592,6318,5186,517,312,4
48019,"Bandera County, Texas",20851,20485,17645,10562,7084,4747,3892,4410,4234,3784,4001,4921,5332
48023,"Baylor County, Texas",3465,3726,4093,4385,4919,5221,5893,6875,7755,7418,7027,8411,3052
48025,"Bee County, Texas",31047,31861,32359,25135,26030,22737,23755,18174,16481,15721,12137,12090,7720
48029,"Bexar County, Texas",2009324,1714773,1392931,1185394,988800,830460,687151,500460,338176,292533,202096,119676,69422
48031,"Blanco County, Texas",11374,10497,8418,5972,4681,3567,3657,3780,4264,3842,4063,4311,4703
48035,"Bosque County, Texas",18235,18212,17204,15125,13401,10966,10809,11836,15761,15750,18032,19013,17390
48039,"Brazoria County, Texas",372031,313166,241767,191707,169587,108312,76204,46549,27069,23054,20614,13299,14861
48041,"Brazos County, Texas",233849,194851,152415,121862,93588,57978,44895,38390,26977,21835,21975,18919,18859
48045,"Briscoe County, Texas",1435,1637,1790,1971,2579,2794,3577,3528,4056,5590,2948,2162,1253
48047,"Brooks County, Texas",7076,7223,7976,8204,8428,8005,8609,9195,6362,5901,4560,0,0
48051,"Burleson County, Texas",17642,17187,16470,13625,12313,9999,11177,13000,18334,19848,16855,18687,18367
48053,"Burnet County, Texas",49130,42750,34147,22677,17803,11420,9265,10356,10771,10355,9499,10755,10528
48057,"Calhoun County, Texas",20106,21381,20647,19053,19574,17831,16592,9222,5911,5385,4700,3635,2395
48059,"Callahan County, Texas",13708,13544,12905,11859,10992,8205,7929,9087,11568,12785,11844,12973,8768
48063,"Camp County, Texas",12464,12401,11549,9904,9275,8005,7849,8740,10285,10063,11103,9551,9146
48065,"Carson County, Texas",5807,6182,6516,6576,6672,6358,7781,6852,6624,7745,3078,2127,469
48069,"Castro County, Texas",7371,8062,8285,9070,10556,10394,8923,5417,4631,4720,1948,1850,400
48071,"Chambers County, Texas",46571,35096,26031,20088,18538,12187,10379,7871,7511,5710,4162,4234,3046
48075,"Childress County, Texas",6664,7041,7688,5953,6950,6605,8421,12123,12149,16044,10933,9538,2138
48077,"Clay County, Texas",10218,10752,11006,10024,9582,8079,8351,9896,12524,14545,16864,17043,9231
48081,"Coke County, Texas",3285,3320,3864,3424,3196,3087,3589,4045,4590,5253,4557,6412,3430
48083,"Coleman County, Texas",7684,8895,9235,9710,10439,10288,12458,15503,20571,23669,18805,22618,10077
48087,"Collingsworth County, Texas",2652,3057,3206,3573,4648,4755,6276,9139,10331,14461,9154,5224,1233
48089,"Colorado County, Texas",20557,20874,20390,18383,18823,17638,18463,17576,17812,19129,19013,18897,22203
48091,"Comal County, Texas",161501,108472,78021,51832,36446,24165,19844,16357,12321,11984,8824,8434,7008
48093,"Comanche County, Texas",13594,13974,14026,13381,12617,11898,11865,15516,19245,18430,25748,27186,23009
48095,"Concho County, Texas",3303,4087,3966,3044,2915,2937,3672,5078,6192,7645,5847,6654,1427
48097,"Cooke County, Texas",41668,38437,36363,30777,27656,23471,22560,22146,24909,24136,25667,26603,27494
48099,"Coryell County, Texas",83093,75388,74978,64213,56767,35311,23961,16284,20226,19999,20601,21703,21308
48101,"Cottle County, Texas",1380,1505,1904,2247,2947,3204,4207,6099,7079,9395,6901,4396,1002
48103,"Crane County, Texas",4675,4375,3996,4652,4600,4172,4699,3965,2841,2221,37,331,51
48105,"Crockett County, Texas",3098,3719,4099,4078,4608,3885,4209,3981,2809,2590,1500,1296,1591
48107,"Crosby County, Texas",5133,6059,7072,7304,8859,9085,10347,9582,10046,11023,6084,1765,788
48109,"Culberson County, Texas",2188,2398,2975,3407,3315,3429,2794,1825,1653,1228,912,0,0
48111,"Dallam County, Texas",7115,6703,6222,5461,6531,6012,6302,7640,6494,7830,4528,4001,146
48113,"Dallas County, Texas",2613539,2368139,2218899,1852810,1556390,1327321,951527,614799,398564,325691,210551,135748,82726
48115,"Dawson County, Texas",12456,13833,14985,14349,16184,16604,19185,19113,15367,13573,4309,2320,37
48117,"Deaf Smith County, Texas",18583,19372,18561,19153,21165,18999,13187,9111,6056,5979,3747,3942,843
48119,"Delta County, Texas",5230,5231,5327,4857,4839,4927,5860,8964,12858,13138,15887,14566,15249
39083,"Knox County, Ohio",62721,60921,54500,47473,46304,41795,38808,35287,31024,29338,29580,30181,27768
39089,"Licking County, Ohio",178519,166492,145491,128300,120981,107799,90242,70645,62279,59962,56426,55590,47070
39095,"Lucas County, Ohio",431279,441815,455054,462361,471741,484370,456931,395551,344333,347709,275721,192728,153559
39099,"Mahoning County, Ohio",228614,238823,257555,264806,289487,303424,300480,257629,240251,236142,186310,116151,70134
39105,"Meigs County, Ohio",22210,23770,23072,22987,23641,19799,22159,23227,24104,23961,26189,25594,28620
39111,"Monroe County, Ohio",13385,14642,15180,15497,17382,15739,15268,15362,18641,18426,20660,24244,27031
39117,"Morrow County, Ohio",34950,34827,31628,27749,26480,21348,19405,17168,15646,14489,15570,16815,17879
39123,"Ottawa County, Ohio",40364,41428,40985,40029,40076,37099,35323,29469,24360,24109,22193,22360,22213
39129,"Pickaway County, Ohio",58539,55698,52727,48255,43662,40071,35855,29352,27889,27238,25788,26158,27016
13281,"Towns County, Georgia",12493,10471,9319,6754,5638,4565,4538,4803,4925,4346,3937,3932,4748
13283,"Treutlen County, Georgia",6406,6885,6854,5994,6087,5647,5874,6522,7632,7488,7664,0,0
13287,"Turner County, Georgia",9006,8930,9504,8703,9510,8790,8439,10479,10846,11196,12466,10075,0
13291,"Union County, Georgia",24632,21356,17289,11993,9390,6811,6510,7318,7680,6340,6455,6918,8481
13293,"Upson County, Georgia",27700,27153,27597,26300,25998,23505,23800,25078,25064,19509,14786,12757,13670
13297,"Walton County, Georgia",96673,83768,60687,38586,31211,23404,20481,20230,20777,21118,24216,25393,20942
13299,"Ware County, Georgia",36251,36312,35483,35471,37180,33525,34219,30289,27929,26558,28361,22957,13761
13303,"Washington County, Georgia",19988,21187,21176,19112,18842,17480,18903,21012,24230,25030,28147,28174,28227
13307,"Webster County, Georgia",2348,2799,2390,2263,2341,2362,3247,4081,4726,5032,5342,6151,6618
13309,"Wheeler County, Georgia",7471,7421,6179,4903,5155,4596,5342,6712,8535,9149,9817,0,0
13313,"Whitfield County, Georgia",102864,102599,83525,72462,65789,55108,42109,34432,26105,20808,16897,15934,14509
13315,"Wilcox County, Georgia",8766,9255,8577,7008,7682,6998,7905,10167,12755,13439,15511,13486,11097
13319,"Wilkinson County, Georgia",8877,9563,10220,10228,10368,9393,9250,9781,11025,10844,11376,10078,11440
15001,"Hawaii County, Hawaii",200629,185079,148677,120317,92053,63468,61332,68350,73276,73325,64895,55382,46843
15003,"Honolulu County, Hawaii",1016508,953207,876156,836231,762565,629176,500409,353020,257696,202887,123496,81993,58504
15005,"Kalawao County, Hawaii",82,90,147,130,144,172,279,340,446,605,667,785,1177
15007,"Kauai County, Hawaii",73298,67091,58463,51177,39082,29761,28176,29905,35818,35942,29438,23952,20734
15009,"Maui County, Hawaii",164754,154834,128094,100374,70847,45984,42576,48179,55534,55541,37385,29762,26743
16001,"Ada County, Idaho",494967,392365,300904,205775,173036,112230,93460,70649,50401,37925,35213,29088,11559
16003,"Adams County, Idaho",4379,3976,3476,3254,3347,2877,2978,3347,3407,2867,2966,0,0
16005,"Bannock County, Idaho",87018,82839,75565,66026,65421,52200,49342,41745,34759,31266,27532,19242,11702
16007,"Bear Lake County, Idaho",6372,5986,6411,6084,6931,5801,7148,6834,7911,7872,8783,7729,7051
16009,"Benewah County, Idaho",9530,9285,9171,7937,8292,6230,6036,6173,7332,6371,6997,0,0
16011,"Bingham County, Idaho",47992,45607,41735,37583,36489,29167,28218,23271,21044,18561,18310,23306,10447
16013,"Blaine County, Idaho",24272,21376,18991,13552,9841,5749,4598,5384,5295,3768,4473,8387,4900
16015,"Boise County, Idaho",7610,7028,6670,3509,2999,1763,1646,1776,2333,1847,1822,5250,4174
16017,"Bonner County, Idaho",47110,40877,36835,26622,24163,15560,15587,14853,15667,13152,12957,13588,0
16019,"Bonneville County, Idaho",123964,104234,82522,72207,65980,51250,46906,30210,25697,19664,17501,0,0
16021,"Boundary County, Idaho",12056,10972,9871,8332,7289,6371,5809,5908,5987,4555,4474,0,0
16023,"Butte County, Idaho",2574,2891,2899,2918,3342,2925,3498,2722,1877,1934,2940,0,0
16025,"Camas County, Idaho",1077,1117,991,727,818,728,917,1079,1360,1411,1730,0,0
16027,"Canyon County, Idaho",231105,188923,131441,90076,83756,61288,57662,53597,40987,30930,26932,25323,7497
16029,"Caribou County, Idaho",7027,6963,7304,6963,8695,6534,5976,5576,2284,2121,2191,0,0
16031,"Cassia County, Idaho",24655,22952,21416,19532,19427,17017,16121,14629,14430,13116,15659,7197,3951
16033,"Clark County, Idaho",790,982,1022,762,798,741,915,918,1005,1122,1886,0,0
16037,"Custer County, Idaho",4275,4368,4342,4133,3385,2967,2996,3318,3549,3162,3550,3001,2049
16041,"Franklin County, Idaho",14194,12786,11329,9232,8895,7373,8457,9867,10229,9379,8650,0,0
16043,"Fremont County, Idaho",13388,13242,11819,10937,10813,8710,8679,9351,10304,9924,10380,24606,12821
16047,"Gooding County, Idaho",15598,15464,14155,11633,11874,8645,9544,11101,9257,7580,7548,0,0
16049,"Idaho County, Idaho",16541,16267,15511,13783,14769,12891,13542,11423,12691,10107,11749,12384,9121
16053,"Jerome County, Idaho",24237,22374,18342,15138,14840,10253,11712,12080,9900,8358,5729,0,0
16057,"Latah County, Idaho",39517,37244,34935,30617,28749,24891,21170,20971,18804,17798,18092,18818,13451
16059,"Lemhi County, Idaho",7974,7936,7806,6899,7460,5566,5816,6278,6521,4643,5164,4786,3446
16063,"Lincoln County, Idaho",5127,5208,4044,3308,3436,3057,3686,4256,4230,3242,3446,12676,1784
16065,"Madison County, Idaho",52913,37536,27467,23674,19480,13452,9417,9156,9186,8316,9167,0,0
16069,"Nez Perce County, Idaho",42090,39265,37410,33754,33220,30376,27066,22658,18873,17591,15253,24860,13748
16073,"Owyhee County, Idaho",11913,11526,10644,8392,8272,6422,6375,6307,5652,4103,4694,4044,3804
13277,"Tift County, Georgia",41344,40118,38407,34998,32862,27288,23487,22645,18599,16068,14493,11487,0
16075,"Payette County, Idaho",25386,22623,20578,16434,15722,12401,12363,11921,9511,7318,7021,0,0
16079,"Shoshone County, Idaho",13169,12765,13771,13931,19226,19718,20876,22806,21230,19060,14250,13963,11950
16081,"Teton County, Idaho",11630,10170,5999,3439,2897,2351,2639,3204,3601,3573,3921,0,0
16085,"Valley County, Idaho",11746,9862,7651,6109,5604,3609,3663,4270,4035,3488,2524,0,0
16087,"Washington County, Idaho",10500,10198,9977,8550,8803,7633,8378,8576,8853,7962,9424,11101,6882
17003,"Alexander County, Illinois",5240,8238,9590,10626,12264,12015,16061,20316,25496,22542,23980,22741,19384
17007,"Boone County, Illinois",53448,54165,41786,30806,28630,25440,20326,17070,15202,15078,15322,15481,15791
17009,"Brown County, Illinois",6244,6937,6950,5836,5411,5586,6210,7132,8053,7892,9336,10397,11557
17013,"Calhoun County, Illinois",4437,5089,5084,5322,5867,5675,5933,6898,8207,8034,8245,8610,8917
17015,"Carroll County, Illinois",15702,15387,16674,16805,18779,19276,19507,18976,17987,18433,19345,18035,18963
17019,"Champaign County, Illinois",205865,201081,179669,173025,168392,163281,132436,106100,70578,64273,56959,51829,47622
17023,"Clark County, Illinois",15455,16335,17008,15921,16913,16216,16546,17362,18842,17872,21165,23517,24033
36077,"Otsego County, New York",58524,62259,61676,60517,59075,56181,51942,50763,46082,46710,46200,47216,48939
36081,"Queens County, New York",2405464,2230722,2229379,1951598,1891325,1986473,1809578,1550849,1297634,1079129,469042,284041,152999
36083,"Rensselaer County, New York",161130,159429,152538,154429,151966,152510,142585,132607,121834,119781,113129,122276,121697
36087,"Rockland County, New York",338329,311687,286753,265475,259530,229903,136803,89276,74261,59599,45548,46873,38298
36089,"St. Lawrence County, New York",108505,111944,111931,111974,114254,111991,111239,98897,91098,90960,88121,89005,89083
36091,"Saratoga County, New York",235509,219607,200635,181276,153759,121679,89096,74869,65606,63314,60029,61917,61089
36093,"Schenectady County, New York",158061,154727,146555,149285,149946,160979,152896,142497,122494,125021,109363,88235,46852
36095,"Schoharie County, New York",29714,32749,31582,31859,29710,24750,22616,22703,20812,19667,21303,23855,26854
36097,"Schuyler County, New York",17898,18343,19224,18662,17686,16737,15044,14182,12979,12909,13098,14004,15811
36099,"Seneca County, New York",33814,35251,33342,33683,33733,35083,31984,29253,25732,24983,24735,26972,28114
36101,"Steuben County, New York",93584,98990,98726,99088,99217,99546,97691,91439,84927,82671,80627,83362,82822
36103,"Suffolk County, New York",1525920,1493350,1419369,1321864,1284231,1124950,666784,276129,197355,161055,110246,96138,77582
36105,"Sullivan County, New York",78624,77547,73966,69277,65155,52580,45272,40731,37901,35272,33163,33808,32306
36107,"Tioga County, New York",48455,51125,51784,52337,49812,46513,37802,30166,27072,25480,24212,25624,27951
36109,"Tompkins County, New York",105740,101564,96501,94097,87085,76879,66164,59122,42340,41490,35285,33647,33830
36111,"Ulster County, New York",181851,182493,177749,165304,158158,141241,118804,92621,87017,80155,74979,91769,88422
36113,"Warren County, New York",65737,65707,63303,59209,54854,49402,44002,39205,36035,34174,31673,32223,29943
36115,"Washington County, New York",61302,63216,61042,59330,54795,52725,48476,47144,46726,46482,44888,47778,45624
36117,"Wayne County, New York",91283,93772,93765,89123,84581,79404,67989,57323,52747,49995,48827,50179,48660
36119,"Westchester County, New York",1004457,949113,923459,874866,866599,894104,808891,625816,573558,520947,344436,283055,184257
36121,"Wyoming County, New York",40531,42155,43424,42507,39895,37688,34793,32822,31394,28764,30314,31880,30413
36123,"Yates County, New York",24774,25348,24621,22810,21459,19831,18614,17615,16381,16848,16641,18642,20318
37001,"Alamance County, North Carolina",171415,151131,130800,108213,99319,96362,85674,71220,57427,42140,32718,28712,25665
37003,"Alexander County, North Carolina",36444,37198,33603,27544,24999,19466,15625,14554,13454,12922,12212,11592,10960
37005,"Alleghany County, North Carolina",10888,11155,10677,9590,9587,8134,7734,8155,8341,7186,7403,7745,7759
37009,"Ashe County, North Carolina",26577,27281,24384,22209,22325,19571,19768,21878,22664,21019,21001,19074,19581
37011,"Avery County, North Carolina",17806,17797,17167,14867,14409,12655,12009,13352,13561,11803,10335,0,0
37015,"Bertie County, North Carolina",17934,21282,19773,20388,21024,20528,24350,26439,26201,25844,23993,23039,20538
37017,"Bladen County, North Carolina",29606,35190,32278,28663,30491,26477,28881,29703,27156,22389,19761,18006,17677
37021,"Buncombe County, North Carolina",269452,238318,206330,174821,160934,145056,130074,124403,108755,97937,64148,49798,44288
37023,"Burke County, North Carolina",87570,90912,89148,75744,72504,60364,52701,45518,38615,29410,23297,21408,17699
37027,"Caldwell County, North Carolina",80652,83029,77415,70709,67746,56699,49552,43352,35795,28016,19984,20579,15694
37029,"Camden County, North Carolina",10355,9980,6885,5904,5829,5453,5598,5223,5440,5461,5382,5640,5474
37033,"Caswell County, North Carolina",22736,23719,23501,20693,20705,19055,19912,20870,20032,18214,15759,14858,15028
37035,"Catawba County, North Carolina",160610,154358,141685,118412,105208,90873,73191,61794,51653,43991,33839,27918,22133
37039,"Cherokee County, North Carolina",28774,27444,24298,20170,18933,16330,16335,18294,18813,16151,15242,14136,11860
37041,"Chowan County, North Carolina",13708,14793,14526,13506,12558,10764,11729,12540,11572,11282,10649,11303,10258
37043,"Clay County, North Carolina",11089,10587,8775,7155,6619,5180,5526,6006,6405,5434,4646,3909,4532
37047,"Columbus County, North Carolina",50623,58098,54749,49587,51037,46937,48973,50621,45663,37720,30124,28020,21274
37049,"Craven County, North Carolina",100720,103505,91436,81613,71043,62554,58773,48823,31298,30665,29048,25594,24160
37053,"Currituck County, North Carolina",28100,23547,18190,13736,11089,6976,6601,6201,6709,6710,7268,7693,6529
37055,"Dare County, North Carolina",36915,33920,29967,22746,13377,6995,5935,5405,6041,5202,5115,4841,4757
37059,"Davie County, North Carolina",42712,41240,34835,27859,24599,18855,16728,15420,14909,14386,13578,13394,12115
37061,"Duplin County, North Carolina",48715,58505,49063,39995,40952,38015,40270,41074,39739,35103,30223,25442,22405
37065,"Edgecombe County, North Carolina",48900,56552,55606,56558,55988,52341,54226,51634,49162,47894,37995,32010,26591
37067,"Forsyth County, North Carolina",382590,350670,306067,265878,243683,214348,189428,146135,126475,111681,77269,47311,35261
37071,"Gaston County, North Carolina",227943,206086,190365,175093,162568,148415,127074,110836,87531,78093,51242,37063,27903
37073,"Gates County, North Carolina",10478,12197,10516,9305,8875,8524,9254,9555,10060,10551,10537,10455,10413
37077,"Granville County, North Carolina",60992,59916,48498,38345,34043,32762,33110,31793,29344,28723,26846,25102,23263
37079,"Greene County, North Carolina",20451,21362,18974,15384,16117,14967,16741,18024,18548,18656,16212,13083,12038
37083,"Halifax County, North Carolina",48622,54691,57370,55516,55286,53884,58956,58377,56512,53246,43766,37646,30793
37085,"Harnett County, North Carolina",133568,114678,91025,67822,59570,49667,48236,47605,44239,37911,28313,22174,15988
37089,"Henderson County, North Carolina",116281,106740,89173,69285,58580,42804,36163,30921,26049,23404,18248,16262,14104
37091,"Hertford County, North Carolina",21552,24669,22601,22523,23368,23529,22718,21453,19352,17542,16294,15436,14294
37093,"Hoke County, North Carolina",52082,46952,33646,22856,20383,16436,16356,15756,14937,14244,11722,0,0
37097,"Iredell County, North Carolina",186693,159437,122660,92931,82538,72197,62526,56303,50424,46693,37956,34315,29064
37099,"Jackson County, North Carolina",43109,40271,33121,26846,25811,21593,17780,19261,19366,17519,13396,12998,11853
48121,"Denton County, Texas",906422,662614,432976,273525,143126,75633,47432,41365,33658,32822,35355,31258,28318
48123,"DeWitt County, Texas",19824,20097,20013,18840,18903,18660,20683,22973,24935,27441,27971,23501,21311
48125,"Dickens County, Texas",1770,2444,2762,2571,3539,3737,4963,7177,7847,8601,5876,3092,1151
48127,"Dimmit County, Texas",8615,9996,10248,10433,11367,9039,10095,10654,8542,8828,5296,3460,1106
48129,"Donley County, Texas",3258,3677,3828,3696,4075,3641,4449,6216,7487,10262,8035,5284,2756
48131,"Duval County, Texas",9831,11782,13120,12918,12517,11722,13398,15643,20565,12191,8251,8964,8483
48135,"Ector County, Texas",165171,137130,121123,118934,115374,91805,90995,42102,15051,3958,760,1178,381
48137,"Edwards County, Texas",1422,2002,2162,2266,2033,2107,2317,2908,2933,2764,2283,3768,3108
48141,"El Paso County, Texas",865657,800647,679622,591610,479899,359291,314070,194968,131067,131597,101877,52599,24886
48143,"Erath County, Texas",42545,37890,33001,27991,22560,18141,16236,18434,20760,20804,28385,32095,29966
48147,"Fannin County, Texas",35662,33915,31242,24804,24285,22705,23880,31253,41064,41163,48186,44801,51793
48149,"Fayette County, Texas",24435,24554,21804,20095,18832,17650,20384,24176,29246,30708,29965,29796,36542
48153,"Floyd County, Texas",5402,6446,7771,8497,9834,11044,12369,10535,10659,12409,9758,4638,2020
48155,"Foard County, Texas",1095,1336,1622,1794,2158,2211,3125,4216,5237,6315,4747,5726,1568
48159,"Franklin County, Texas",10359,10605,9458,7802,6893,5291,5101,6257,8378,8494,9304,9331,8674
48161,"Freestone County, Texas",19435,19816,17867,15818,14830,11116,12525,15696,21138,22589,23264,20557,18910
48165,"Gaines County, Texas",21598,17526,14467,14123,13150,11593,12267,8909,8136,2800,1018,1255,55
48169,"Garza County, Texas",5816,6461,4872,5143,5336,5289,6611,6281,5678,5586,4253,1995,185
48171,"Gillespie County, Texas",26725,24837,20814,17204,13532,10553,10048,10520,10670,11020,10015,9447,8229
48175,"Goliad County, Texas",7012,7210,6928,5980,5193,4869,5429,6219,8798,10093,9348,9909,8310
48177,"Gonzales County, Texas",19653,19807,18628,17205,16883,16375,17845,21164,26075,28337,28438,28055,28882
48181,"Grayson County, Texas",135543,120877,110595,95021,89796,83225,73043,70467,69499,65843,74165,65996,63661
48183,"Gregg County, Texas",124239,121730,111379,104948,99487,75929,69436,61258,58027,15778,16767,14140,12343
48187,"Guadalupe County, Texas",172706,131533,89023,64873,46708,33554,29017,25392,25596,28925,27719,24913,21385
48189,"Hale County, Texas",32522,36273,36602,34671,37592,34137,36798,28211,18813,20189,10104,7566,1680
48193,"Hamilton County, Texas",8222,8517,8229,7733,8297,7198,8488,10660,13303,13523,14676,15315,13520
48195,"Hansford County, Texas",5285,5613,5369,5848,6209,6351,6208,4202,2783,3548,1354,935,167
48199,"Hardin County, Texas",56231,54635,48073,41320,40721,29996,24629,19535,15875,13936,15983,12947,5049
48201,"Harris County, Texas",4731145,4092459,3400578,2818199,2409547,1741912,1243158,806701,528961,359328,186667,115693,63786
48205,"Hartley County, Texas",5382,6062,5537,3634,3987,2782,2171,1913,1873,2185,1109,1298,377
48207,"Haskell County, Texas",5416,5899,6093,6820,7725,8512,11174,13736,14905,16669,14193,16249,2637
48211,"Hemphill County, Texas",3382,3807,3351,3720,5304,3084,3185,4123,4170,4637,4280,3170,815
48213,"Henderson County, Texas",82150,78532,73277,58543,42606,26466,21786,23405,31822,30583,28327,20131,19970
48217,"Hill County, Texas",35874,35089,32321,27146,25024,22596,23650,31282,38355,43036,43332,46760,41355
48219,"Hockley County, Texas",21537,22935,22716,24199,23230,20396,22340,20407,12693,9298,137,137,44
48223,"Hopkins County, Texas",36787,35161,31960,28833,25247,20710,18594,23490,30274,29410,34791,31038,27950
48225,"Houston County, Texas",22066,23732,23185,21375,22299,17855,19376,22825,31137,30017,28601,29564,25452
48229,"Hudspeth County, Texas",3202,3476,3344,2915,2728,2392,3343,4298,3149,3728,962,0,0
48231,"Hunt County, Texas",99956,86129,76596,64343,55248,47948,39399,42731,48793,49016,50350,48116,47295
48235,"Irion County, Texas",1513,1599,1771,1629,1386,1070,1183,1590,1963,2049,1610,1283,848
48237,"Jack County, Texas",8472,9044,8763,6981,7408,6711,7418,7755,10206,9046,9863,11817,10224
48241,"Jasper County, Texas",32980,35710,35604,31102,30781,24692,22100,20049,17491,17064,15569,14000,7138
48243,"Jeff Davis County, Texas",1996,2342,2207,1946,1647,1527,1582,2090,2375,1800,1445,1678,1150
48247,"Jim Hogg County, Texas",4838,5300,5281,5109,5168,4654,5022,5389,5449,4919,1914,0,0
48249,"Jim Wells County, Texas",38891,40838,39326,37679,36498,33032,34548,27991,20239,13456,6587,0,0
48253,"Jones County, Texas",19663,20202,20785,16490,17268,16106,19299,22147,23378,24233,22323,24299,7053
48255,"Karnes County, Texas",14710,14824,15446,12455,13593,13462,14995,17139,19248,23316,19049,14942,8681
48257,"Kaufman County, Texas",145310,103350,71313,52220,39015,32392,29931,31170,38308,40905,41276,35323,33376
48259,"Kendall County, Texas",44279,33410,23743,14589,10635,6964,5889,5423,5080,4970,4779,4517,4103
48261,"Kenedy County, Texas",350,416,414,460,543,678,884,632,700,701,1033,0,0
48263,"Kent County, Texas",753,808,859,1010,1145,1434,1727,2249,3413,3851,3335,2655,899
48265,"Kerr County, Texas",52598,49625,43653,36304,28780,19454,16800,14022,11650,10151,5842,5505,4980
48267,"Kimble County, Texas",4286,4607,4468,4122,4063,3904,3943,4619,5064,4119,3581,3261,2503
48269,"King County, Texas",265,286,356,354,425,464,640,870,1066,1193,655,810,490
48271,"Kinney County, Texas",3129,3598,3379,3119,2279,2006,2452,2668,4533,3980,3746,3401,2447
48273,"Kleberg County, Texas",31040,32061,31549,30274,33358,33166,30052,21991,13344,12451,7837,0,0
48275,"Knox County, Texas",3353,3719,4253,4837,5329,5972,7857,10082,10090,11368,9240,9625,2322
48277,"Lamar County, Texas",50088,49793,48499,43949,42156,36062,34234,43033,50425,48529,55742,46544,48627
48279,"Lamb County, Texas",13045,13977,14709,15072,18669,17770,21896,20015,17606,17452,1175,540,31
48281,"Lampasas County, Texas",21627,19677,17762,13521,12005,9323,9418,9929,9167,8677,8800,9532,8625
48283,"La Salle County, Texas",6664,6886,5866,5254,5514,5014,5972,7485,8003,8228,4821,4747,2303
39133,"Portage County, Ohio",161791,161419,152061,142585,135856,125868,91798,63954,46660,42682,36269,30307,29246
39139,"Richland County, Ohio",124936,124475,128852,126137,131205,129997,117761,91305,73853,65902,55178,47667,44289
39145,"Scioto County, Ohio",74008,79499,79195,80327,84545,76951,84216,82910,86565,81221,62850,48463,40981
39151,"Stark County, Ohio",374853,375586,378098,367585,378823,372210,340345,283194,234887,221784,177218,122987,94747
39157,"Tuscarawas County, Ohio",93263,92582,90914,84090,84614,77211,76789,70320,68816,68193,63578,57035,53751
39163,"Vinton County, Ohio",12800,13435,12806,11098,11584,9420,10274,10759,11573,10287,12075,13096,15330
40033,"Cotton County, Oklahoma",5527,6193,6614,6651,7338,6832,8031,10180,12884,15442,16679,0,0
40039,"Custer County, Oklahoma",28513,27469,26142,26897,25995,22665,21040,21097,23068,27517,18736,23231,12264
40045,"Ellis County, Oklahoma",3749,4151,4075,4497,5596,5129,5457,7326,8466,10541,11673,15375,0
40051,"Grady County, Oklahoma",54795,52431,45516,41747,39490,29354,29590,34872,41116,47638,33943,30309,0
40057,"Harmon County, Oklahoma",2488,2922,3283,3793,4519,5136,5852,8079,10019,13834,11261,11328,0
40063,"Hughes County, Oklahoma",13367,14003,14154,13023,14338,13228,15144,20664,29189,30334,26045,24040,0
40069,"Johnston County, Oklahoma",10272,10957,10513,10032,10356,7870,8517,10608,15960,13082,20125,16734,0
40075,"Kiowa County, Oklahoma",8509,9446,10227,11347,12711,12532,14825,18926,22817,29630,23094,27526,0
40081,"Lincoln County, Oklahoma",33458,34273,32080,29216,26601,19482,18783,22102,29529,33738,33406,34779,27007
40087,"McClain County, Oklahoma",41662,34506,27740,22795,20291,14157,12740,14681,19205,21575,19326,15659,0
40093,"Major County, Oklahoma",7782,7527,7545,8055,8772,7529,7808,10279,11946,12206,12426,15248,0
40099,"Murray County, Oklahoma",13904,13488,12623,12042,12147,10669,10622,10775,13841,12410,13115,12744,0
40105,"Nowata County, Oklahoma",9320,10536,10569,9992,11486,9773,10848,12734,15774,13611,15899,14223,0
40109,"Oklahoma County, Oklahoma",796292,718633,660448,599611,568933,526805,439506,325352,244159,221738,116307,85232,25915
40115,"Ottawa County, Oklahoma",30285,31848,33194,30561,32870,29800,28301,32218,35849,38542,41108,15713,0
40121,"Pittsburg County, Oklahoma",43773,45837,43953,40581,40524,37521,34360,41031,48985,50778,52570,47650,0
40127,"Pushmataha County, Oklahoma",10812,11572,11667,10997,11773,9385,9088,12001,19466,14744,17514,10118,0
40133,"Seminole County, Oklahoma",23556,25482,24894,25412,27473,25144,28066,40672,61201,79621,23808,19964,0
40139,"Texas County, Oklahoma",21384,20640,20107,16419,17727,16352,14162,14235,9896,14100,13975,14249,0
40145,"Wagoner County, Oklahoma",80981,73085,57491,47883,41801,22163,15673,16741,21642,22428,21371,22086,0
40151,"Woods County, Oklahoma",8624,8878,9089,9103,10923,11920,11932,14526,14915,17005,15939,17567,34975
41003,"Benton County, Oregon",95184,85579,78153,70811,68211,53776,39165,31570,18629,16555,13744,10663,6706
41049,"Morrow County, Oregon",12186,11173,10995,7625,7519,4465,4871,4783,4337,4941,5617,4357,4151
41053,"Polk County, Oregon",87433,75403,62380,49541,45203,35349,26523,26317,19989,16858,14181,13469,9923
41059,"Umatilla County, Oregon",80075,75889,70548,59249,58861,44923,44352,41703,26030,24399,25946,20309,18049
41065,"Wasco County, Oregon",26670,25213,23791,21683,21732,20133,20205,15552,13069,12646,13648,16336,13199
41071,"Yamhill County, Oregon",107722,99193,84992,65551,55332,40213,32478,33484,26336,22036,20529,18285,13420
44005,"Newport County, Rhode Island",85643,82888,85433,87194,81383,94559,81891,61539,46696,41668,42893,39335,32599
42001,"Adams County, Pennsylvania",103852,101407,91292,78274,68292,56937,51906,44197,39435,37128,34583,34319,34496
42007,"Beaver County, Pennsylvania",168215,170539,181412,186093,204441,208418,206948,175192,156754,149062,111621,78353,56432
42013,"Blair County, Pennsylvania",122822,127089,129144,130542,136621,135356,137270,139514,140358,139840,128334,108858,85099
42019,"Butler County, Pennsylvania",193763,183862,174083,152013,147912,127941,114639,97320,87590,80480,77270,72689,56962
42025,"Carbon County, Pennsylvania",64749,65249,58802,56846,53285,50573,52889,57558,61735,63380,62565,52846,44510
42031,"Clarion County, Pennsylvania",37241,39988,41765,41699,43362,38414,37408,38344,38410,34531,36170,36638,34283
42037,"Columbia County, Pennsylvania",64727,67295,64151,63202,61967,55114,53489,53460,51413,48803,48349,48467,39896
42043,"Dauphin County, Pennsylvania",286401,268100,251798,237813,232317,223834,220255,197784,177410,165231,153116,136152,114443
42049,"Erie County, Pennsylvania",270876,280566,280843,275572,279780,263654,250682,219388,180889,175277,153536,115517,98473
42055,"Franklin County, Pennsylvania",155932,149618,129313,121082,113629,100833,88172,75927,69378,65010,62275,59775,54902
42061,"Huntingdon County, Pennsylvania",44092,45913,45586,44164,42253,39108,39457,40872,41836,39021,39848,38304,34650
42067,"Juniata County, Pennsylvania",23509,24636,22821,20625,19188,16712,15874,15243,15373,14325,14464,15013,16054
42073,"Lawrence County, Pennsylvania",86070,91108,94643,96246,107150,107374,112965,105120,96877,97258,85545,70032,57042
42079,"Luzerne County, Pennsylvania",325594,320918,319250,328149,343079,342301,346972,392241,441518,445109,390991,343186,257121
42087,"Mifflin County, Pennsylvania",46143,46682,46486,46197,46908,45268,44348,43691,42993,40335,31439,27785,23160
42129,"Westmoreland County, Pennsylvania",354663,365169,369993,370321,392294,376935,352629,313179,303411,294995,273568,231304,160175
45003,"Aiken County, South Carolina",168808,160099,142552,120940,105625,91023,81038,53137,49916,47403,45574,41849,39032
45009,"Bamberg County, South Carolina",13311,15987,16658,16902,18118,15950,16274,17533,18643,19410,20962,18544,17296
45015,"Berkeley County, South Carolina",229861,177843,142651,128776,94727,56199,38196,30251,27128,22236,22558,23487,30454
45021,"Cherokee County, South Carolina",56216,55342,52537,44506,40983,36791,35205,34992,33290,32201,27570,26179,21359
45027,"Clarendon County, South Carolina",31144,34971,32502,28450,27464,25604,29490,32215,31500,30036,34878,32188,28184
45035,"Dorchester County, South Carolina",161540,136555,96413,83060,58761,32276,24383,22601,19928,18956,19459,17891,16294
45041,"Florence County, South Carolina",137059,136885,125761,114344,110163,89636,84438,79710,70582,61027,50406,35671,28474
45047,"Greenwood County, South Carolina",69351,69661,66271,59567,57847,49686,44346,41628,40083,36078,35791,34225,28343
17025,"Clay County, Illinois",13288,13815,14560,14460,15283,14735,15815,17445,18947,16155,17684,18661,19553
17029,"Coles County, Illinois",46863,53873,53196,51644,52260,47815,42860,40328,38470,37315,35108,34517,34146
17031,"Cook County, Illinois",5275541,5194675,5376741,5105067,5253655,5492369,5129725,4508792,4063342,3982123,3053017,2405233,1838735
17035,"Cumberland County, Illinois",10450,11048,11253,10670,11062,9772,9936,10496,11698,10419,12858,14281,16124
17037,"DeKalb County, Illinois",100420,105160,88969,77932,74624,71654,51714,40781,34388,32644,31339,33457,31756
17041,"Douglas County, Illinois",19740,19980,19922,19464,19774,18997,19243,16706,17590,17914,19604,19591,19097
17045,"Edgar County, Illinois",16866,18576,19704,19595,21725,21591,22550,23407,24430,24966,25769,27336,28273
17047,"Edwards County, Illinois",6245,6721,6971,7440,7961,7090,7940,9056,8974,8303,9431,10049,10345
17051,"Fayette County, Illinois",21488,22140,21802,20893,22167,20752,21946,24582,29159,23487,26187,28075,28065
17053,"Ford County, Illinois",13534,14081,14241,14275,15265,16382,16606,15901,15007,15489,16466,17096,18359
17057,"Fulton County, Illinois",33609,37069,38250,38080,43687,41890,41954,43716,44627,43983,48163,49549,46201
17059,"Gallatin County, Illinois",4946,5589,6445,6909,7590,7418,7638,9818,11414,10091,12856,14628,15836
17063,"Grundy County, Illinois",52533,50063,37535,32337,30582,26535,22350,19217,18398,18678,18580,24162,24136
17067,"Hancock County, Illinois",17620,19104,20121,21373,23877,23645,24574,25790,26297,26420,28523,30638,32215
17069,"Hardin County, Illinois",3649,4320,4800,5189,5383,4914,5879,7530,7759,6955,7533,7015,7448
17073,"Henry County, Illinois",49284,50486,51020,51159,57968,53217,49317,46492,43798,43851,45162,41736,40049
17075,"Iroquois County, Illinois",27077,29718,31334,30787,32976,33532,33562,32348,32496,32913,34841,35543,38014
17079,"Jasper County, Illinois",9287,9698,10117,10609,11318,10741,11346,12266,13431,12809,16064,18157,20160
17081,"Jefferson County, Illinois",37113,38827,40045,37020,36552,31446,32315,35892,34375,31034,28480,29111,28133
17083,"Jersey County, Illinois",21512,22985,21668,20539,20538,18492,17023,15264,13636,12556,12682,13954,14612
17085,"Jo Daviess County, Illinois",22035,22678,22289,21821,23520,21766,21821,21459,19989,20235,21917,22657,24533
17087,"Johnson County, Illinois",13308,12582,12878,11347,9624,7550,6928,8729,10727,10203,12022,14331,15667
17089,"Kane County, Illinois",516522,515269,404119,317471,278405,251005,208246,150388,130206,125327,99499,91862,78792
17091,"Kankakee County, Illinois",107502,113449,103833,96255,102926,97250,92063,73524,60877,50095,44940,40752,37154
17093,"Kendall County, Illinois",131869,114736,54544,39413,37202,26374,17540,12115,11105,10555,10074,10777,11467
17095,"Knox County, Illinois",49967,52919,55836,56393,61607,61280,61280,54366,52250,51336,46727,46159,43612
17097,"Lake County, Illinois",714342,703462,644356,516418,440372,382638,293656,179097,121094,104387,74285,55058,34504
17099,"LaSalle County, Illinois",109658,113924,111509,106913,112033,111409,110800,100610,97801,97695,92925,90132,87776
17101,"Lawrence County, Illinois",15280,16833,15452,15972,17807,17522,18540,20539,21075,21885,21380,22661,16523
17103,"Lee County, Illinois",34145,36031,36062,34392,36328,37947,38749,36451,34604,32329,28004,27750,29894
17105,"Livingston County, Illinois",35815,38950,39678,39301,41381,40690,40341,37809,38838,39092,39070,40465,42035
17107,"Logan County, Illinois",27987,30305,31183,30798,31802,33538,33656,30671,29438,28863,29562,30216,28680
17109,"McDonough County, Illinois",27238,32612,32913,35244,37467,36653,28928,28199,26944,27329,27074,26887,28412
17111,"McHenry County, Illinois",310229,308760,260077,183241,147897,111555,84210,50656,37311,35079,33164,32509,29759
17113,"McLean County, Illinois",170954,169572,150433,129180,119149,104389,83877,76577,73930,73117,70107,68008,67843
17115,"Macon County, Illinois",103998,110768,114706,117206,131375,125010,118257,98853,84693,81731,65175,54186,44003
17117,"Macoupin County, Illinois",44967,47765,49019,47679,49384,44557,43524,44210,46304,48703,57274,50685,42256
17119,"Madison County, Illinois",265859,269282,258941,249238,247691,250934,224689,182307,149349,143830,106895,89847,64694
17123,"Marshall County, Illinois",11742,12640,13180,12846,14479,13302,13334,13025,13179,13023,14760,15679,16370
17125,"Mason County, Illinois",13086,14666,16038,16269,19492,16161,15193,15326,15358,15115,16634,17377,17491
17129,"Menard County, Illinois",12297,12705,12486,11164,11700,9685,9248,9639,10663,10575,11694,12796,14336
17131,"Mercer County, Illinois",15699,16434,16957,17290,19286,17294,17149,17374,17701,16641,18800,19723,20945
17135,"Montgomery County, Illinois",28288,30104,30652,30728,31686,30260,31244,32460,34499,35278,41403,35311,30836
17137,"Morgan County, Illinois",32915,35547,36616,36397,37502,36174,36571,35568,36378,34240,33567,34420,35006
17141,"Ogle County, Illinois",51788,53497,51032,45957,46338,42867,38106,33429,29869,28118,26830,27864,29129
17145,"Perry County, Illinois",20945,22350,23094,21412,21714,19757,19184,21684,23438,22767,22901,22088,19830
17147,"Piatt County, Illinois",16673,16729,16365,15548,16581,15509,14960,13970,14659,15588,15714,16376,17706
17151,"Pope County, Illinois",3763,4470,4413,4373,4404,3857,4061,5779,7999,7996,9625,11215,13585
17153,"Pulaski County, Illinois",5193,6161,7348,7523,8840,8741,10490,13639,15875,14834,14629,15650,14554
17157,"Randolph County, Illinois",30163,33476,33893,34583,35652,31379,29988,31673,33608,29313,29109,29120,28001
17159,"Richland County, Illinois",15813,16233,16149,16545,17587,16829,16299,16889,17137,14053,14044,15970,16391
17163,"St. Clair County, Illinois",257400,270056,256082,262852,267531,285176,262509,205995,166899,157775,136520,119870,86685
17167,"Sangamon County, Illinois",196343,197465,188951,178386,176089,161335,146539,131484,117912,111733,100262,91024,71593
17169,"Schuyler County, Illinois",6902,7544,7189,7498,8365,8135,8746,9613,11430,11676,13285,14852,16129
17173,"Shelby County, Illinois",20990,22363,22893,22261,23923,22589,23404,24434,26290,25471,29601,31693,32126
17175,"Stark County, Illinois",5400,5994,6332,6534,7389,7510,8152,8721,8881,9184,9693,10098,10186
17179,"Tazewell County, Illinois",131343,135394,128485,123692,132078,118649,99789,76165,58362,46082,38540,34027,33221
17181,"Union County, Illinois",17244,17808,18293,17619,17765,16071,17645,20500,21528,19883,20249,21856,22610
17185,"Wabash County, Illinois",11361,11947,12937,13111,13713,12841,14047,14651,13724,13197,14034,14913,12583
37103,"Jones County, North Carolina",9172,10153,10381,9414,9705,9779,11005,11004,10926,10428,9912,8721,8226
37105,"Lee County, North Carolina",63285,57866,49040,41374,36718,30467,26561,23522,18743,16996,13400,11376,0
37109,"Lincoln County, North Carolina",86810,78265,63780,50319,42372,32682,28814,27459,24187,22872,17862,17132,15498
37111,"McDowell County, North Carolina",44578,44996,42151,35681,35135,30648,26742,25720,22996,20336,16763,13538,12567
37115,"Madison County, North Carolina",21193,20764,19635,16953,16827,16003,17217,20522,22522,20306,20083,20132,20644
37117,"Martin County, North Carolina",22031,24505,25593,25078,25948,24730,27139,27938,26111,23400,20828,17797,15383
37121,"Mitchell County, North Carolina",14903,15579,15687,14433,14428,13447,13906,15143,15980,13962,11278,17245,15221
37123,"Montgomery County, North Carolina",25751,27798,26822,23346,22469,19267,18408,17260,16280,16218,14607,14967,14197
37125,"Moore County, North Carolina",99727,88247,74769,59013,50505,39048,36733,33129,30969,28215,21388,17010,23622
37127,"Nash County, North Carolina",94970,95840,87420,76677,67153,59122,61002,59919,55608,52782,41061,33727,25478
37129,"New Hanover County, North Carolina",225702,202667,160307,120284,103471,82996,71742,63272,47935,43010,40620,32037,25785
37131,"Northampton County, North Carolina",17471,22099,22086,20798,22584,24009,26811,28432,28299,27161,23184,22323,21150
37133,"Onslow County, North Carolina",204576,177772,150355,149838,112784,103126,82706,42047,17939,15289,14703,14125,11940
37135,"Orange County, North Carolina",148696,133801,118227,93851,77055,57707,42970,34435,23072,21171,17895,15064,14690
37137,"Pamlico County, North Carolina",12276,13144,12934,11372,10398,9467,9850,9993,9706,9299,9060,9966,8045
37139,"Pasquotank County, North Carolina",40568,40661,34897,31298,28462,26824,25630,24347,20568,19143,17670,16693,13660
37141,"Pender County, North Carolina",60203,52217,41082,28855,22215,18149,18508,18423,17710,15686,14788,15471,13381
37143,"Perquimans County, North Carolina",13005,13453,11368,10447,9486,8351,9178,9602,9773,10668,11137,11054,10091
37145,"Person County, North Carolina",39097,39464,35623,30180,29164,25914,26394,24361,25029,22039,18973,17356,16685
37147,"Pitt County, North Carolina",170243,168148,133798,107924,90146,73900,69942,63789,61244,54466,45569,36340,30889
37149,"Polk County, North Carolina",19328,20510,18324,14416,12984,11735,11395,11627,11874,10216,8832,7640,7004
37151,"Randolph County, North Carolina",144171,141752,130454,106546,91728,76358,61497,50804,44554,36259,30856,29491,28232
37153,"Richmond County, North Carolina",42946,46639,46564,44518,45481,39889,39202,39597,36810,34016,25567,19673,15855
37155,"Robeson County, North Carolina",116530,134168,123339,105179,101610,84842,89102,87769,76860,66512,54674,51945,40371
37157,"Rockingham County, North Carolina",91096,93643,91928,86064,83426,72402,69629,64816,57898,51083,44149,36442,33163
37159,"Rowan County, North Carolina",146875,138428,130340,110605,99186,90035,82817,75410,69206,56665,44062,37521,31066
37161,"Rutherford County, North Carolina",64444,67810,62899,56918,53787,47337,45091,46356,45577,40452,31426,28385,25101
37163,"Sampson County, North Carolina",59036,63431,60161,47297,49687,44954,48013,49780,47440,40082,36002,29982,26380
37165,"Scotland County, North Carolina",34174,36157,35998,33754,32273,26929,25183,26336,23232,20174,15600,15363,12553
37169,"Stokes County, North Carolina",44520,47401,44711,37223,33086,23782,22314,21520,22656,22290,20575,20151,19866
37171,"Surry County, North Carolina",71359,73673,71219,61704,59449,51415,48205,45593,41783,39749,32464,29705,25515
37175,"Transylvania County, North Carolina",32986,33090,29334,25520,23417,19713,16372,15194,12241,9589,9303,7191,6620
37177,"Tyrrell County, North Carolina",3245,4407,4149,3856,3975,3806,4520,5048,5556,5164,4849,5219,4980
37181,"Vance County, North Carolina",42578,45422,42954,38892,36748,32691,32002,32101,29961,27294,22799,19425,16684
37183,"Wake County, North Carolina",1129410,900993,627846,423380,301327,228453,169082,136450,109544,94757,75155,63229,54626
37187,"Washington County, North Carolina",11003,13228,13723,13997,14801,14038,13488,13180,12323,11603,11429,11062,10608
37189,"Watauga County, North Carolina",54086,51079,42695,36952,31666,23404,17529,18342,18114,15165,13477,13556,13417
37193,"Wilkes County, North Carolina",65969,69340,65632,59393,58657,49524,45269,45243,43003,36162,32644,30282,26872
37195,"Wilson County, North Carolina",78784,81234,73814,66061,63132,57486,57716,54506,50219,44914,36813,28269,23596
37199,"Yancey County, North Carolina",18470,17818,17774,15419,14934,12629,14008,16306,17202,14486,15093,12072,11464
34001,"Atlantic County, New Jersey",274534,274549,252552,224327,194119,175043,160880,132399,124066,124823,83914,71894,46402
34005,"Burlington County, New Jersey",461860,448734,423394,395066,362542,323132,224499,135910,97013,93541,81770,66565,58241
34007,"Camden County, New Jersey",523485,513657,508932,502824,471650,456291,392035,300743,255727,252312,190508,142029,107643
34011,"Cumberland County, New Jersey",154152,156898,146438,138053,132866,121374,106850,88597,73184,69895,61348,55153,51193
34013,"Essex County, New Jersey",863728,783969,793633,778206,851116,929986,923545,905949,837340,833513,652089,512886,359053
34017,"Hudson County, New Jersey",724854,634266,608975,553099,556972,609266,610734,647437,652040,690730,629154,537231,386048
34019,"Hunterdon County, New Jersey",128947,128349,121989,107776,87361,69718,54107,42736,36766,34728,32885,33569,34507
34023,"Middlesex County, New Jersey",863162,809858,750162,671780,595893,583813,433856,264872,217077,212208,162334,114426,79762
34025,"Monmouth County, New Jersey",643615,630380,615301,553124,503173,459379,334401,225327,161238,147209,104925,94734,82057
34029,"Ocean County, New Jersey",637229,576567,510916,433203,346038,208470,108241,56622,37706,33069,22155,21318,19747
34031,"Passaic County, New Jersey",524118,501226,489049,453060,447585,460782,406618,337093,309353,302129,259174,215902,155202
34035,"Somerset County, New Jersey",345361,323444,297490,240279,203129,198372,143913,99052,74390,65132,47991,38820,32948
34037,"Sussex County, New Jersey",144221,149265,144166,130943,116119,77528,49255,34423,29632,27830,24905,26781,24134
34041,"Warren County, New Jersey",109632,108692,102437,91607,84429,73879,63220,54374,50181,49319,45057,43187,37781
18001,"Adams County, Indiana",35809,34387,33625,31095,29619,26871,24643,22393,21254,19957,20503,21840,22232
18005,"Bartholomew County, Indiana",82208,76794,71435,63657,65088,57022,48198,36108,28276,24864,23887,24813,24594
18007,"Benton County, Indiana",8719,8854,9421,9441,10218,11262,11912,11462,11117,11886,12206,12688,13123
48287,"Lee County, Texas",17478,16612,15657,12854,10952,8048,8949,10144,12751,13390,14014,13132,14595
48289,"Leon County, Texas",15719,16801,15335,12665,9594,8738,9951,12024,17733,19898,18286,16583,18072
48291,"Liberty County, Texas",91628,75643,70154,52726,47088,33014,31595,26729,24541,19868,14637,10686,8102
48293,"Limestone County, Texas",22146,23384,22051,20946,20224,18100,20413,25251,33781,39497,33283,34621,32573
48295,"Lipscomb County, Texas",3059,3302,3057,3143,3766,3486,3406,3658,3764,4512,3684,2634,790
48297,"Live Oak County, Texas",11335,11531,12309,9556,9606,6697,7846,9054,9799,8956,4171,3442,2268
48299,"Llano County, Texas",21243,19301,17044,11631,10144,6979,5240,5377,5996,5538,5360,6520,7301
48303,"Lubbock County, Texas",310639,278831,242628,222636,211651,179295,156271,101048,51782,39104,11096,3624,293
48307,"McCulloch County, Texas",7630,8283,8205,8778,8735,8571,8815,11701,13208,13883,11020,13405,3960
48309,"McLennan County, Texas",260579,234906,213517,189123,170755,147553,150091,130194,101898,98682,82921,73250,59772
48313,"Madison County, Texas",13455,13664,12940,10931,10649,7693,6749,7996,12029,12227,11956,10318,10432
48315,"Marion County, Texas",9725,10546,10941,9984,10360,8517,8049,10172,11457,10371,10886,10472,10754
48319,"Mason County, Texas",3953,4012,3738,3423,3683,3356,3780,4945,5378,5511,4824,5683,5573
48321,"Matagorda County, Texas",36255,36702,37957,36928,37828,27913,25744,21559,20066,17678,16589,13594,6097
48325,"Medina County, Texas",50748,46006,39304,27312,23164,20249,18904,17013,16106,13989,11679,13415,7783
48327,"Menard County, Texas",1962,2242,2360,2252,2346,2646,2964,4175,4521,4447,3162,2707,2011
48331,"Milam County, Texas",24754,24757,24238,22946,22732,20028,22263,23585,33120,37915,38104,36780,39666
48333,"Mills County, Texas",4456,4936,5151,4531,4477,4212,4467,5999,7951,8293,9019,9694,7851
48337,"Montague County, Texas",19965,19719,19117,17274,17410,15326,14893,17070,20442,19159,22200,25123,24800
48339,"Montgomery County, Texas",620443,455746,293768,182201,128487,49479,26839,24504,23055,14588,17334,15679,17067
48343,"Morris County, Texas",11973,12934,13048,13200,14629,12310,12576,9433,9810,10028,10289,10439,8220
48345,"Motley County, Texas",1063,1210,1426,1532,1950,2178,2870,3963,4994,6812,4107,2396,1257
48349,"Navarro County, Texas",52624,47735,45124,39926,35323,31150,34423,39916,51308,60507,50624,47070,43374
48351,"Newton County, Texas",12217,14445,15072,13569,13254,11657,10372,10832,13700,12524,12196,10850,7282
48355,"Nueces County, Texas",353178,340223,313645,291145,268215,237544,221573,165471,92661,51779,22807,21955,10439
48357,"Ochiltree County, Texas",10015,10223,9006,9128,9588,9704,9380,6024,4213,5224,2331,1602,267
48361,"Orange County, Texas",84808,81837,84966,80509,83838,71170,60357,40567,17382,15149,15379,9528,5905
48363,"Palo Pinto County, Texas",28409,28111,27026,25055,24062,28962,20516,17154,18456,17576,23431,19506,12291
48367,"Parker County, Texas",148222,116927,88495,64785,44609,33888,22880,21528,20482,18759,23382,26331,25823
48369,"Parmer County, Texas",9869,10269,10016,9863,11038,10509,9583,5787,5890,5869,1699,1555,34
48373,"Polk County, Texas",50123,45413,41133,30687,24407,14457,13861,16194,20635,17555,16784,17459,14447
48375,"Potter County, Texas",118525,121073,113546,97874,98637,90511,115580,73366,54265,46080,16710,12424,1820
48379,"Rains County, Texas",12164,10914,9139,6715,4839,3752,2993,4266,7334,7114,8099,6787,6127
48381,"Randall County, Texas",140753,120725,104312,89673,75062,53885,33913,13774,7185,7071,3675,3312,963
48385,"Real County, Texas",2758,3309,3047,2412,2469,2013,2079,2479,2420,2197,1461,0,0
48387,"Red River County, Texas",11587,12860,14314,14317,16101,14298,15682,21851,29769,30923,35829,28564,29893
48391,"Refugio County, Texas",6741,7383,7828,7976,9289,9494,10975,10113,10383,7691,4050,2814,1641
48393,"Roberts County, Texas",827,929,887,1025,1187,967,1075,1031,1289,1457,1469,950,620
48397,"Rockwall County, Texas",107819,78337,43080,25604,14528,7046,5878,6156,7051,7658,8591,8072,8531
48399,"Runnels County, Texas",9900,10501,11495,11294,11872,12108,15016,16771,18903,21821,17074,20858,5379
48403,"Sabine County, Texas",9894,10834,10469,9586,8702,7187,7302,8568,10896,11998,12299,8582,6394
48405,"San Augustine County, Texas",7918,8865,8946,7999,8785,7858,7722,8837,12471,12471,13737,11264,8434
48409,"San Patricio County, Texas",68755,64804,67138,58749,58013,47288,45021,35842,28871,23836,11386,7307,2372
48411,"San Saba County, Texas",5730,6131,6186,5401,6204,5540,6381,8666,11012,10273,10045,11245,7569
48415,"Scurry County, Texas",16932,16921,16361,18634,18192,15760,20369,22779,11545,12188,9003,10924,4158
48417,"Shackelford County, Texas",3105,3378,3302,3316,3915,3323,3990,5001,6211,6695,4960,4201,2461
48421,"Sherman County, Texas",2782,3034,3186,2858,3174,3657,2605,2443,2026,2314,1473,1376,104
48423,"Smith County, Texas",233479,209714,174706,151309,128366,97096,86350,74701,69090,53123,46769,41746,37370
48285,"Lavaca County, Texas",20337,19263,19210,18690,19004,17903,20174,22159,25485,27550,28964,26418,28121
48425,"Somervell County, Texas",9205,8490,6809,5360,4154,2793,2577,2542,3071,3016,3563,3931,3498
48427,"Starr County, Texas",65920,60968,53597,40518,27266,17707,17137,13948,13312,11409,11089,13151,11469
48429,"Stephens County, Texas",9101,9630,9674,9010,9926,8414,8885,10597,12356,16560,15403,7980,6466
48431,"Sterling County, Texas",1372,1143,1393,1438,1206,1056,1177,1282,1404,1431,1053,1493,1127
48433,"Stonewall County, Texas",1245,1490,1693,2013,2406,2397,3017,3679,5589,5667,4086,5320,2183
48435,"Sutton County, Texas",3372,4128,4077,4135,5130,3175,3738,3746,3977,2807,1598,1569,1727
48437,"Swisher County, Texas",6971,7854,8378,8133,9723,10373,10607,8249,6528,7343,4388,4012,1227
48439,"Tarrant County, Texas",2110640,1809034,1446219,1170103,860880,716317,538495,361253,225521,197553,152800,108572,52376
48441,"Taylor County, Texas",143208,131506,126555,119655,110932,97853,101078,63370,44147,41023,24081,26293,10499
48443,"Terrell County, Texas",760,984,1081,1410,1595,1940,2600,3189,2952,2660,1595,1430,0
48445,"Terry County, Texas",11831,12651,12761,13218,14581,14118,16286,13107,11160,8883,2236,1474,48
48447,"Throckmorton County, Texas",1440,1641,1850,1880,2053,2205,2767,3618,4275,5253,3589,4563,1750
45053,"Jasper County, South Carolina",28791,24777,20678,15487,14504,11885,12237,10995,11011,9988,9868,0,0
45061,"Lee County, South Carolina",16531,19220,20119,18437,18929,18323,21832,23173,24908,24096,26827,25318,0
45067,"Marion County, South Carolina",29183,33062,35466,33899,34179,30270,32014,33110,30107,27221,23721,20596,35181
45073,"Oconee County, South Carolina",78607,74273,66215,57494,48611,40728,40204,39050,36512,33368,30117,27337,23634
45079,"Richland County, South Carolina",416147,384504,320677,285720,269735,233868,200102,142565,104843,87667,78122,55143,45589
45085,"Sumter County, South Carolina",105556,107456,104646,102637,88243,79425,74941,57634,52463,45902,43040,38472,51237
46003,"Aurora County, South Dakota",2747,2710,3058,3135,3628,4183,4749,5020,5387,7139,7246,6143,4011
46009,"Bon Homme County, South Dakota",7003,7070,7260,7089,8059,8577,9229,9440,10241,11737,11940,11061,10379
46015,"Brule County, South Dakota",5247,5255,5364,5485,5245,5870,6319,6076,6195,7416,7141,6451,5401
46061,"Hanson County, South Dakota",3461,3331,3139,2994,3415,3781,4584,4896,5400,6131,6202,6237,4947
46067,"Hutchinson County, South Dakota",7427,7343,8075,8262,9350,10379,11085,11423,12668,13904,13475,12319,11897
46073,"Jerauld County, South Dakota",1663,2071,2295,2425,2929,3310,4048,4476,4752,5816,6338,5120,2798
46081,"Lawrence County, South Dakota",25768,24097,21802,20655,18339,17453,17075,16648,19093,13920,13029,19694,17897
46087,"McCook County, South Dakota",5682,5618,5832,5688,6444,7246,8268,8828,9793,10316,9990,9589,8689
46093,"Meade County, South Dakota",29852,25434,24253,21878,20717,16618,12044,11516,9735,11482,9367,12640,4907
46099,"Minnehaha County, South Dakota",197214,169468,148281,123809,109435,95209,86575,70910,57697,50872,42490,29631,23926
46103,"Pennington County, South Dakota",109222,100948,88565,81343,70361,59349,58195,34053,23799,20079,12720,12453,5610
46111,"Sanborn County, South Dakota",2330,2355,2675,2833,3213,3697,4641,5142,5754,7326,7877,6607,4464
46119,"Sully County, South Dakota",1446,1373,1556,1589,1990,2362,2607,2713,2668,3852,2831,2462,1715
46125,"Turner County, South Dakota",8673,8347,8849,8576,9255,9872,11159,12100,13270,14891,14871,13840,13175
46135,"Yankton County, South Dakota",23310,22438,21652,19252,18952,19039,17551,16804,16725,16589,15233,13135,12649
47003,"Bedford County, Tennessee",50237,45058,37586,30411,27916,25039,23150,23627,23151,21077,21737,22667,23845
47009,"Blount County, Tennessee",135280,123010,105823,85969,77770,63744,57525,54691,41116,33989,28800,20809,19206
47015,"Cannon County, Tennessee",14506,13801,12826,10467,10234,8467,8537,9174,9880,8935,10241,10825,12121
47021,"Cheatham County, Tennessee",41072,39105,35912,27140,21616,13199,9428,9167,9928,9025,10039,10540,10112
47027,"Clay County, Tennessee",7581,7861,7976,7238,7676,6624,7289,8701,10904,9577,9193,9009,8421
47033,"Crockett County, Tennessee",13911,14586,14532,13378,14941,14402,14594,16624,17330,17359,17438,16076,15867
47039,"Decatur County, Tennessee",11435,11757,11731,10472,10857,9457,8324,9442,10261,10106,10198,10093,10439
47087,"Jackson County, Tennessee",11617,11638,10984,9297,9398,8141,9233,12348,15082,13589,14955,15036,15039
47093,"Knox County, Tennessee",478971,432226,382032,335749,319694,276293,250523,223007,178468,155902,112926,94187,74302
47099,"Lawrence County, Tennessee",44159,41869,39926,35303,34110,29097,28049,28818,28726,26776,23593,17569,15402
47105,"Loudon County, Tennessee",54886,48556,39086,31255,28553,24266,23757,23182,19838,17805,16275,13612,10838
47111,"Macon County, Tennessee",25216,22248,20386,15906,15700,12315,12197,13599,14904,13872,14922,14559,12881
47117,"Marshall County, Tennessee",34318,30617,26767,21539,19698,17319,16859,17768,16030,15574,17375,16872,18763
47123,"Monroe County, Tennessee",46250,44519,38961,30541,28700,23475,23316,24513,24275,21377,22060,20716,18585
47129,"Morgan County, Tennessee",21035,21987,19757,17300,16604,13619,14304,15727,15242,13603,13285,11458,9587
47135,"Perry County, Tennessee",8366,7915,7631,6612,6111,5238,5273,6462,7535,7147,7765,8815,8800
47141,"Putnam County, Tennessee",79854,72321,62315,51373,47690,35487,29236,29869,26250,23759,22231,20023,16890
47147,"Robertson County, Tennessee",72803,66283,54433,41494,37021,29102,27335,27024,29046,28191,25621,25466,25029
47155,"Sevier County, Tennessee",98380,89889,71170,51043,41418,28241,24251,23375,23291,20480,22384,22296,22021
47161,"Stewart County, Tennessee",13657,13324,12370,9479,8665,7319,7851,9175,13549,13278,14664,14860,15224
47167,"Tipton County, Tennessee",60970,61081,51271,37568,32930,28001,28564,29782,28036,27498,30258,29459,29273
47173,"Union County, Tennessee",19802,19109,17808,13694,11707,9072,8498,8670,9030,11371,11615,11414,12894
47179,"Washington County, Tennessee",133001,122979,107198,92315,88755,73924,64832,59971,51631,45805,34052,28968,22604
47185,"White County, Tennessee",27351,25841,23102,20090,19567,17088,15577,16204,15983,15543,15701,15420,14157
49001,"Beaver County, Utah",7072,6629,6005,4765,4378,3800,4331,4856,5014,5136,5139,4717,3613
49007,"Carbon County, Utah",20412,21403,20422,20228,22179,15647,21135,24901,18459,17798,15489,8624,5004
49013,"Duchesne County, Utah",19596,18607,14371,12645,12565,7299,7179,8134,8958,8263,9093,0,0
50001,"Addison County, Vermont",37363,36821,35974,32953,29406,24266,20076,19442,17944,17952,18666,20010,21912
50007,"Chittenden County, Vermont",168323,156545,146571,131761,115534,99131,74425,62570,52098,47471,43708,42447,39600
50013,"Grand Isle County, Vermont",7293,6970,6901,5318,4613,3574,2927,3406,3802,3944,3784,3761,4462
50019,"Orleans County, Vermont",27393,27231,26277,24053,23440,20153,20143,21190,21718,23036,23913,23337,22024
50025,"Windham County, Vermont",45905,44513,44216,41588,36933,33074,29776,28749,27850,26015,26373,26932,26660
51003,"Albemarle County, Virginia",112395,98970,79236,68040,55783,37780,30969,26662,24652,26981,26005,29871,28473
51009,"Amherst County, Virginia",31307,32353,31894,28578,29122,26072,22953,20332,20273,19020,19771,18932,17864
51015,"Augusta County, Virginia",77487,73750,65615,54677,53732,44220,37363,34154,42772,38163,34671,32445,32370
51021,"Bland County, Virginia",6270,6824,6871,6514,6349,5423,5982,6436,6731,6031,5593,5154,5497
51027,"Buchanan County, Virginia",20355,24098,26978,31333,37989,32071,36724,35748,31477,16740,15441,12334,9692
17187,"Warren County, Illinois",16835,17707,18735,19181,21943,21595,21587,21981,21286,21745,21488,23313,23163
17191,"Wayne County, Illinois",16179,16760,17151,17241,18059,17004,19008,20933,22092,19130,22772,25697,27626
17195,"Whiteside County, Illinois",55691,58498,60653,60186,65970,62877,59887,49336,43338,39019,36174,34507,34710
17197,"Will County, Illinois",696355,677560,502266,357313,324460,249498,191617,134336,114210,110732,92911,84371,74764
17201,"Winnebago County, Illinois",285350,295266,278418,252913,250884,246623,209765,152385,121178,117373,90929,63153,47845
17203,"Woodford County, Illinois",38467,38664,35469,32653,33320,28012,24579,21335,19124,18792,19340,20506,21822
19003,"Adams County, Iowa",3704,4029,4482,4866,5731,6322,7468,8753,10156,10437,10521,10998,13601
19005,"Allamakee County, Iowa",14061,14330,14675,13855,15108,14968,15982,16351,17184,16328,17285,17328,18711
19009,"Audubon County, Iowa",5674,6119,6830,7334,8559,9595,10919,11579,11790,12264,12520,12671,13626
19013,"Black Hawk County, Iowa",131144,131090,128012,123798,137961,132916,122482,100448,79946,69146,56570,44865,32399
19015,"Boone County, Iowa",26715,26306,26224,25186,26184,26470,28037,28139,29782,29271,29892,27626,28200
19019,"Buchanan County, Iowa",20565,20958,21093,20844,22900,21746,22293,21927,20991,19550,19890,19748,21427
19023,"Butler County, Iowa",14334,14867,15305,15731,17668,16953,17467,17394,17986,17617,17845,17119,17955
19025,"Calhoun County, Iowa",9927,9670,11115,11508,13542,14287,15923,16925,17584,17605,17783,17090,18569
19029,"Cass County, Iowa",13127,13956,14684,15128,16932,17007,17919,18532,18647,19422,19421,19047,21274
19031,"Cedar County, Iowa",18505,18499,18187,17381,18635,17655,17791,16910,16884,16760,17560,17765,19371
19035,"Cherokee County, Iowa",11658,12072,13035,14098,16238,17269,18598,19052,19258,18737,17760,16741,16570
19037,"Chickasaw County, Iowa",12012,12439,13095,13295,15437,14969,15034,15228,15227,14637,15431,15375,17037
19041,"Clay County, Iowa",16384,16667,17372,17585,19576,18464,18504,18103,17762,16107,15660,12766,13401
19045,"Clinton County, Iowa",46460,49116,50149,51040,57122,56749,55060,49664,44722,44377,43371,45394,43832
19047,"Crawford County, Iowa",16525,17096,16942,16775,18935,18780,18569,19741,20538,21028,20614,20041,21685
19051,"Davis County, Iowa",9110,8753,8541,8312,9104,8207,9199,9959,11136,11150,12574,13315,15620
19053,"Decatur County, Iowa",7645,8457,8689,8338,9794,9737,10539,12601,14012,14903,16566,16347,18115
19057,"Des Moines County, Iowa",38910,40325,42351,42614,46203,46982,44605,42056,36804,38162,35520,36145,35989
19059,"Dickinson County, Iowa",17703,16667,16424,14909,15629,12565,12574,12756,12185,10982,10241,8137,7995
19061,"Dubuque County, Iowa",99266,93653,89143,86403,93745,90609,80048,71337,63768,61214,58262,57450,56403
19063,"Emmet County, Iowa",9388,10302,11027,11569,13336,14009,14871,14102,13406,12856,12627,9816,9936
19065,"Fayette County, Iowa",19509,20880,22008,21843,25488,26898,28581,28294,29151,29145,29251,27919,29845
19067,"Floyd County, Iowa",15627,16303,16900,17058,19597,19860,21102,21505,20169,19524,18860,17119,17754
19069,"Franklin County, Iowa",10019,10680,10704,11364,13036,13255,15472,16268,16379,16382,15807,14780,14996
19071,"Fremont County, Iowa",6605,7441,8010,8226,9401,9282,10282,12323,14645,15533,15447,15623,18546
19073,"Greene County, Iowa",8771,9336,10366,10045,12119,12716,14379,15544,16599,16528,16467,16023,17820
19075,"Grundy County, Iowa",12329,12453,12369,12029,14366,14119,14132,13722,13518,14133,14420,13574,13757
19077,"Guthrie County, Iowa",10623,10954,11353,10935,11983,12243,13607,15197,17210,17324,17596,17374,18729
19079,"Hamilton County, Iowa",15039,15673,16438,16071,17862,18383,20032,19660,19922,20978,19531,19242,19514
19081,"Hancock County, Iowa",10795,11341,12100,12638,13833,13227,14604,15077,15402,14802,14723,12731,13752
19083,"Hardin County, Iowa",16878,17534,18812,19094,21776,22248,22533,22218,22530,22947,23337,20921,22794
19085,"Harrison County, Iowa",14582,14928,15666,14730,16348,16240,17600,19560,22767,24897,24488,23162,25597
19087,"Henry County, Iowa",20482,20145,20336,19226,18890,18114,18187,18708,17994,17660,18298,18640,20022
19089,"Howard County, Iowa",9469,9566,9932,9809,11114,11442,12734,13105,13531,13082,13705,12920,14512
19091,"Humboldt County, Iowa",9597,9815,10381,10756,12246,12519,13156,13117,13459,13202,12951,12182,12667
19093,"Ida County, Iowa",7005,7089,7837,8365,8908,9190,10269,10697,11047,11933,11689,11296,12327
19095,"Iowa County, Iowa",16662,16355,15671,14630,15429,15419,16396,15835,17016,17332,18600,18409,19544
19097,"Jackson County, Iowa",19485,19848,20296,19950,22503,20839,20754,18622,19181,18481,19931,21258,23615
19101,"Jefferson County, Iowa",15663,16843,16181,16310,16316,15774,15818,15696,15762,16241,16440,15951,17437
19103,"Johnson County, Iowa",152854,130882,111006,96119,81717,72127,53663,45756,33191,30276,26462,25914,24817
19107,"Keokuk County, Iowa",10033,10511,11400,11624,12921,13943,15492,16797,18406,19148,20983,21160,24979
19111,"Lee County, Iowa",33555,35862,38052,38687,43106,42996,44207,43102,41074,41268,39676,36702,39719
19113,"Linn County, Iowa",230299,211226,191701,168767,169775,163213,136899,104274,89142,82336,74004,60720,55392
19117,"Lucas County, Iowa",8634,8898,9422,9070,10313,10163,10923,12069,14571,15114,15686,13462,16126
19119,"Lyon County, Iowa",11934,11581,11763,11952,12896,13340,14468,14697,15374,15293,15431,14624,13165
19123,"Mahaska County, Iowa",22190,22381,22335,21522,22867,22177,23602,24672,26485,25804,26270,29860,34273
19127,"Marshall County, Iowa",40105,40648,39311,38276,41652,41076,37984,35611,35406,33727,32630,30279,29991
19129,"Mills County, Iowa",14484,15059,14547,13202,13406,11606,13050,14064,15064,15866,15422,15811,16764
19133,"Monona County, Iowa",8751,9243,10020,10034,11692,12069,13916,16303,18238,18213,17125,16633,17980
19135,"Monroe County, Iowa",7577,7970,8016,8114,9209,9357,10463,11814,14553,15010,23467,25429,17985
19139,"Muscatine County, Iowa",43235,42745,41722,39907,40436,37181,33840,32148,31296,29385,29042,29505,28242
19143,"Osceola County, Iowa",6192,6462,7003,7267,8371,8555,10064,10181,10607,10182,10223,8956,8725
19145,"Page County, Iowa",15211,15932,16976,16870,19063,18507,21023,23921,24887,25904,24137,24002,24187
19149,"Plymouth County, Iowa",25698,24986,24849,23388,24743,24312,23906,23252,23502,24159,23584,23129,22209
19151,"Pocahontas County, Iowa",7078,7310,8662,9525,11369,12729,14234,15496,16266,15687,15602,14808,15339
18011,"Boone County, Indiana",70812,56640,46107,38147,36446,30870,27543,23993,22081,22290,23575,24673,26321
18013,"Brown County, Indiana",15475,15242,14957,14080,12377,9057,7024,6209,6189,5168,7019,7975,9727
18017,"Cass County, Indiana",37870,38966,40930,38413,40936,40456,40931,38793,36908,34518,38333,36368,34545
18019,"Clark County, Indiana",121093,110232,96472,87777,88838,75876,62795,48330,31020,30764,29381,30260,31835
18023,"Clinton County, Indiana",33190,33224,33866,30974,31545,30547,30765,29734,28411,27329,27737,26674,28202
18025,"Crawford County, Indiana",10526,10713,10743,9914,9820,8033,8379,9289,10171,10160,11201,12057,13476
18029,"Dearborn County, Indiana",50679,50047,46109,38835,34291,29430,28674,25141,23053,21056,20033,21396,22194
18031,"Decatur County, Indiana",26472,25740,24555,23645,23841,22738,20019,18218,17722,17308,17813,18793,19518
18035,"Delaware County, Indiana",111903,117671,118769,119659,128587,129219,110938,90252,74963,67270,56377,51414,49624
18037,"Dubois County, Indiana",43637,41889,39674,36616,34238,30934,27463,23785,22579,20553,19915,19843,20357
18041,"Fayette County, Indiana",23398,24277,25588,26015,28272,26216,24454,23391,19411,19243,17142,14415,13495
18043,"Floyd County, Indiana",80484,74578,70823,64404,61169,55622,51397,43955,35061,34655,30661,30293,30118
18045,"Fountain County, Indiana",16479,17240,17954,17808,19033,18257,18706,17836,18299,17971,18823,20439,21446
18047,"Franklin County, Indiana",22785,23087,22151,19580,19612,16943,17015,16034,14412,14498,14806,15335,16388
18049,"Fulton County, Indiana",20480,20836,20511,18840,19335,16984,16957,16565,15577,15038,16478,16879,17453
18051,"Gibson County, Indiana",33011,33503,32500,31913,33156,30444,29949,30720,30709,29202,29201,30137,30099
18053,"Grant County, Indiana",66674,70061,73403,74169,80934,83955,75741,62156,55813,51066,51353,51426,54693
18055,"Greene County, Indiana",30803,33165,33157,30410,30416,26894,26327,27886,31330,31481,36770,36873,28530
18057,"Hamilton County, Indiana",347467,274569,182740,108936,82027,54532,40132,28491,24614,23444,24222,27026,29914
18059,"Hancock County, Indiana",79840,70002,55391,45527,43939,35096,26665,20332,17302,16605,17210,19030,19189
18061,"Harrison County, Indiana",39654,39364,34325,29890,27276,20423,19207,17858,17106,17254,18656,20232,21702
18063,"Hendricks County, Indiana",174788,145448,104093,75717,69804,53974,40896,24594,20151,19725,20291,20840,21292
18065,"Henry County, Indiana",48914,49462,48508,48139,53336,52603,48899,45505,40208,35238,34682,29758,25088
18067,"Howard County, Indiana",83658,82752,84964,80827,86896,83198,69509,54498,47752,46696,43965,33177,28575
18069,"Huntington County, Indiana",36662,37124,38075,35427,35596,34970,33814,31400,29931,29073,31671,28982,28901
18071,"Jackson County, Indiana",46428,42376,41335,37730,36523,33187,30556,28237,26612,23731,24228,24727,26633
18073,"Jasper County, Indiana",32918,33478,30043,24960,26138,20429,18842,17031,14397,13388,13961,13044,14292
18075,"Jay County, Indiana",20478,21253,21806,21512,23239,23575,22572,23157,22601,20846,23318,24961,26818
18077,"Jefferson County, Indiana",33147,32428,31705,29797,30419,27006,24061,21613,19912,19182,20709,20483,22913
18079,"Jennings County, Indiana",27613,28525,27554,23661,22854,19454,17267,15250,13680,11800,13280,14203,15757
18081,"Johnson County, Indiana",161765,139654,115209,88109,77240,61138,43704,26183,22493,21706,20739,20394,20223
18083,"Knox County, Indiana",36282,38440,39256,39884,41838,41546,41561,43415,43973,43813,46195,39183,32746
18087,"LaGrange County, Indiana",40446,37128,34909,29477,25550,20890,17380,15347,14352,13780,14009,15148,15284
18089,"Lake County, Indiana",498700,496005,484564,475594,522965,546253,513269,368152,293195,261310,159957,82864,37892
18093,"Lawrence County, Indiana",45011,46134,45922,42836,42472,38038,36564,34346,35045,35583,28228,30625,25729
18095,"Madison County, Indiana",130129,131636,133358,130669,139336,138451,125819,103911,88575,82888,69151,65224,70470
18099,"Marshall County, Indiana",46095,47051,45128,42182,39155,34986,32443,29468,25935,25077,23744,24175,25119
18101,"Martin County, Indiana",9812,10334,10369,10369,11001,10969,10608,10678,10300,10103,11865,12950,14711
18105,"Monroe County, Indiana",139718,137974,120563,108978,98785,84849,59225,50080,36534,35974,24519,23426,20873
18107,"Montgomery County, Indiana",37936,38124,37629,34436,35501,33930,32089,29122,27231,26980,28490,29296,29388
18111,"Newton County, Indiana",13830,14244,14566,13551,14844,11606,11502,11006,10775,9841,10144,10504,10448
18113,"Noble County, Indiana",47457,47536,46275,37877,35443,31382,28162,25075,22776,22404,22470,24009,23533
18117,"Orange County, Indiana",19867,19840,19306,18409,18677,16968,16877,16879,17311,17459,16974,17192,16854
18119,"Owen County, Indiana",21321,21575,21786,17281,15841,12163,11400,11763,12090,11351,12760,14053,15149
18123,"Perry County, Indiana",19170,19338,18899,19107,19346,19075,17232,17367,17770,16625,16692,18078,18778
18125,"Pike County, Indiana",12250,12845,12837,12509,13465,12281,12797,14995,17045,16361,18684,19684,20486
18129,"Posey County, Indiana",25222,25910,27061,25968,26414,21740,19214,19818,19183,17853,19334,21670,22333
18131,"Pulaski County, Indiana",12514,13402,13755,12643,13258,12534,12837,12493,12056,11195,12385,13312,14033
18135,"Randolph County, Indiana",24502,26171,27401,27148,29997,28915,28434,27141,26766,24859,26484,29013,28653
18137,"Ripley County, Indiana",28995,28818,26523,24616,24398,21138,20641,18763,18898,18078,18694,19452,19881
18141,"St. Joseph County, Indiana",272912,266931,265559,247052,241617,245045,238614,205058,161823,160033,103304,84312,58881
18145,"Shelby County, Indiana",45055,44436,43445,40307,39887,37797,34093,28026,25953,26552,25982,26802,26491
18147,"Spencer County, Indiana",19810,20952,20391,19490,19361,17134,16074,16174,16211,16713,18400,20676,22407
18151,"Steuben County, Indiana",34435,34185,33214,27446,24694,20159,17184,17087,13740,13386,13360,14274,15219
18153,"Sullivan County, Indiana",20817,21475,21751,18993,21107,19889,21721,23667,27014,28133,31630,32439,26005
18157,"Tippecanoe County, Indiana",186251,172780,148955,130598,121702,109378,89122,74473,51020,47535,42813,40063,38659
18159,"Tipton County, Indiana",15359,15936,16577,16119,16819,16650,15856,15566,15135,15208,16152,17459,19116
18163,"Vanderburgh County, Indiana",180136,179703,171922,165058,167515,168772,165794,160422,130783,113320,92293,77438,71769
18165,"Vermillion County, Indiana",15439,16212,16788,16773,18229,16793,17683,19723,21787,23238,27625,18865,15252
18169,"Wabash County, Indiana",30976,32888,34960,35069,36640,35553,32605,29047,26601,25170,27231,26926,28235
48449,"Titus County, Texas",31247,32334,28118,24009,21442,16702,16785,17302,19228,16003,18128,16422,12292
48451,"Tom Green County, Texas",120003,110224,104010,98458,84784,71047,64630,58929,39302,36033,15210,17882,6804
48453,"Travis County, Texas",1290188,1024266,812280,576407,419573,295516,212136,160980,111053,77777,57616,55620,47386
48455,"Trinity County, Texas",13602,14585,13779,11445,9450,7628,7539,10040,13705,13637,13623,12768,10976
48457,"Tyler County, Texas",19798,21766,20871,16646,16223,12417,10666,11292,11948,11448,10415,10250,11899
48459,"Upshur County, Texas",40892,39309,35291,31370,28595,20976,19793,20822,26178,22297,22472,19960,16266
48461,"Upton County, Texas",3308,3355,3404,4447,4619,4697,6239,5307,4297,5968,253,501,48
48463,"Uvalde County, Texas",24564,26405,25926,23340,22441,17348,16814,16015,13246,12945,10769,11233,4647
48467,"Van Zandt County, Texas",59541,52579,48140,37944,31426,22155,19091,22593,31155,32315,30784,25651,25481
48469,"Victoria County, Texas",91319,86793,84088,74361,68807,53766,46475,31241,23741,20048,18271,14990,13678
48473,"Waller County, Texas",56794,43205,32663,23390,19798,14285,12071,11961,10280,10014,10292,12138,14246
48475,"Ward County, Texas",11644,10658,10909,13115,13976,13019,14917,13346,9575,4599,2615,2389,1451
48479,"Webb County, Texas",267114,250304,193117,133239,99258,72859,64791,56141,45916,42128,29152,22503,21851
48481,"Wharton County, Texas",41570,41280,41188,39955,40242,36729,38152,36077,36158,29681,24288,21123,16942
48485,"Wichita County, Texas",129350,131500,131664,122378,121082,121862,123528,98493,73604,74416,72911,16094,5806
48487,"Wilbarger County, Texas",12887,13535,14676,15121,15931,15355,17748,20552,20474,24579,15112,12000,5759
48491,"Williamson County, Texas",609017,422679,249967,139551,76521,37305,35044,38853,41698,44146,42934,42228,38072
48493,"Wilson County, Texas",49753,42918,32408,22650,16756,13041,13267,14672,17066,17606,17289,17066,13961
48497,"Wise County, Texas",68632,59127,48793,34679,26575,19687,17012,16141,19074,19178,23363,26450,27116
48499,"Wood County, Texas",44843,41964,36752,29380,24697,18589,17653,21308,24360,24183,27707,23417,21048
48503,"Young County, Texas",17867,18550,17943,18126,19083,15400,17254,16810,19004,20128,13379,13657,6540
48505,"Zapata County, Texas",13889,14018,12182,9279,6628,4352,4393,4405,3916,2867,2929,3809,4760
1039,"Covington County, Alabama",37570,37765,37631,36478,36850,34079,35631,40373,42417,41356,38103,32124,15346
1045,"Dale County, Alabama",49326,50251,49129,49633,47821,52938,31066,20828,22685,23175,22711,21608,21189
1051,"Elmore County, Alabama",87977,79303,65874,49210,43390,33535,30524,31649,34546,34280,28085,28245,26099
1057,"Fayette County, Alabama",16321,17241,18495,17962,18809,16252,16148,19388,21651,18443,18365,16248,14132
1061,"Geneva County, Alabama",26659,26790,25764,23647,24253,21924,22310,25899,29172,30104,29315,26230,19096
1067,"Henry County, Alabama",17146,17302,16310,15374,15302,13254,15286,18674,21912,22820,21547,20943,36147
1073,"Jefferson County, Alabama",674721,658466,662047,651525,671324,644991,634864,558928,459930,431493,310054,226476,140420
1079,"Lawrence County, Alabama",33073,34339,34803,31513,30170,27281,24501,27128,27880,26942,24307,21984,20124
1083,"Limestone County, Alabama",103570,82782,65676,54135,46005,41699,36513,35766,35642,36629,31341,26880,22387
1089,"Madison County, Alabama",388153,334811,276700,238912,196966,186540,117348,72903,66317,64623,51268,47041,43702
1095,"Marshall County, Alabama",97612,93019,82231,70832,65622,54211,48018,45090,42395,39802,32669,28553,23289
1101,"Montgomery County, Alabama",228954,229363,223510,209085,197038,167790,169210,138965,114420,98671,80853,82178,72047
1105,"Perry County, Alabama",8511,10591,11861,12759,15012,15388,17358,20439,26610,26385,25373,31222,31783
1111,"Randolph County, Alabama",21967,22913,22380,19881,20075,18331,19477,22513,25516,26861,27064,24659,21647
1117,"Shelby County, Alabama",223024,195085,143293,99358,66298,38037,32132,30362,28962,27576,27097,26949,23684
1121,"Talladega County, Alabama",82149,82291,80321,74107,73826,65280,65495,63639,51832,45241,41005,37921,35773
1127,"Walker County, Alabama",65342,67023,70713,67670,68660,56246,54211,63769,64201,59445,50593,37013,25162
1133,"Winston County, Alabama",23540,24484,24843,22053,21953,16654,14858,18250,18746,15596,14378,12855,9554
6005,"Amador County, California",40474,38091,35100,30039,19314,11821,9990,9151,8973,8494,7793,9086,11116
6009,"Calaveras County, California",45292,45578,40554,31998,20710,13585,10289,9902,8221,6008,6183,9171,11200
6015,"Del Norte County, California",27743,28610,27507,23460,18217,14580,17771,8078,4745,4739,2759,2417,2408
6021,"Glenn County, California",28917,28122,26453,24798,21350,17521,17245,15448,12195,10935,11853,7172,5150
6027,"Inyo County, California",19016,18546,17945,18281,17895,15571,11684,11658,7625,6555,7031,6974,4377
6033,"Lake County, California",68163,64665,58309,50631,36366,19548,13786,11481,8069,7166,5402,5526,6017
6037,"Los Angeles County, California",10014009,9818605,9519338,8863164,7477503,7032075,6038771,4151687,2785643,2208492,936455,504131,170298
6083,"Santa Barbara County, California",448229,423895,399347,369608,298694,264324,168962,98220,70555,65167,41097,27738,18934
6089,"Shasta County, California",182155,177223,163256,147036,115715,77640,59468,36413,28800,13927,13361,18920,17318
51033,"Caroline County, Virginia",30887,28545,22121,19217,17904,13925,12725,12471,13945,15263,15954,16596,16709
51041,"Chesterfield County, Virginia",364548,316236,259903,209274,141372,76855,71197,40400,31183,26049,20496,21299,18804
51047,"Culpeper County, Virginia",52552,46689,34262,27791,22620,18218,15088,13242,13365,13306,13292,13472,14123
51053,"Dinwiddie County, Virginia",27947,28001,24533,20960,22602,25046,22183,18839,18166,18492,17949,15442,15374
51061,"Fauquier County, Virginia",72972,65203,55139,48741,35889,26375,24066,21248,21039,21071,21869,22526,23374
51067,"Franklin County, Virginia",54477,56159,47286,39549,35740,26858,25925,24560,25864,24337,26283,26480,25953
51073,"Gloucester County, Virginia",38711,36858,34780,30131,20107,14059,11919,10343,9548,11019,11894,12477,12832
51079,"Greene County, Virginia",20552,18403,15244,10297,7625,5248,4715,4745,5218,5980,6369,6937,6214
51085,"Hanover County, Virginia",109979,99863,86320,63306,50398,37479,27550,21985,18500,17009,18088,17200,17618
51091,"Highland County, Virginia",2232,2321,2536,2635,2937,2529,3221,4069,4875,4525,4931,5317,5647
51143,"Pittsylvania County, Virginia",60501,63506,61745,55655,66147,58789,58296,66096,61697,61424,56493,50709,46894
51153,"Prince William County, Virginia",482204,402002,280813,215686,144703,111102,50164,22612,17738,13951,13660,12026,11112
51159,"Richmond County, Virginia",8923,9254,8809,7273,6952,5841,6375,6189,6634,6878,7434,7415,7088
51165,"Rockingham County, Virginia",83757,76314,67725,57482,57038,47890,40485,35079,31289,29709,30047,34903,33527
51171,"Shenandoah County, Virginia",44186,41993,35075,31636,27559,22852,21825,21169,20898,20655,20808,20942,20253
51177,"Spotsylvania County, Virginia",140032,122397,90395,57403,34435,16424,13819,11920,9905,10056,10571,9935,9239
51183,"Sussex County, Virginia",10829,12087,12504,10248,10874,11464,12411,12785,12485,12100,12834,13664,12082
51191,"Washington County, Virginia",53935,54876,51103,45887,46487,40835,38076,37536,38197,33850,32376,32830,28995
51197,"Wythe County, Virginia",28290,29235,27599,25466,25522,22139,21975,23327,22721,20704,20217,20372,20437
51520,"Bristol city, Virginia",17219,17835,17367,18426,19042,14857,17144,15954,9768,8840,6729,6247,4579
51550,"Chesapeake city, Virginia",249422,222209,199184,151976,114486,89580,0,0,0,0,0,0,0
51595,"Emporia city, Virginia",5766,5927,5665,5306,4840,5300,0,0,0,0,0,0,0
51620,"Franklin city, Virginia",8180,8582,8346,7864,7308,6880,0,0,0,0,0,0,0
51650,"Hampton city, Virginia",137148,137436,146437,133793,122617,120779,89258,5966,5898,6382,6138,5505,0
51678,"Lexington city, Virginia",7320,7042,6867,6959,7292,7597,0,0,0,0,0,0,0
51685,"Manassas Park city, Virginia",17219,14273,10290,6734,6524,0,0,0,0,0,0,0,0
51710,"Norfolk city, Virginia",238005,242803,234403,261229,266979,307951,305872,213513,144332,129710,115777,67452,46624
51735,"Poquoson city, Virginia",12460,12150,11566,11005,8726,0,0,0,0,0,0,0,0
51760,"Richmond city, Virginia",226610,204214,197790,203056,219214,249621,219958,230310,193042,182929,171667,127628,85050
53031,"Jefferson County, Washington",32977,29872,25953,20146,15965,10661,9639,11618,8918,8346,6557,8337,5712
53039,"Klickitat County, Washington",22735,20318,19161,16616,15822,12138,13455,12049,11357,9825,9268,10180,6407
53045,"Mason County, Washington",65726,60699,49405,38341,31184,20918,16251,15022,11603,10060,4919,5156,3810
53051,"Pend Oreille County, Washington",13401,13001,11732,8915,8580,6025,6914,7413,7156,7155,6363,0,0
53057,"Skagit County, Washington",129523,116901,102979,79555,64138,52381,51350,43273,37650,35142,33373,29241,14272
53063,"Spokane County, Washington",539339,471221,417939,361364,341835,287487,278333,221561,164652,150477,141289,139404,57542
53069,"Wahkiakum County, Washington",4422,3978,3824,3327,3832,3592,3426,3835,4286,3862,3472,3285,2819
53075,"Whitman County, Washington",47973,44776,40740,38775,40103,37900,31263,32469,27221,28014,31323,33280,25360
54003,"Berkeley County, West Virginia",122076,104169,75905,59253,46775,36356,33791,30359,29016,28030,24554,21999,19469
54009,"Brooke County, West Virginia",22559,24069,25447,26992,31117,29685,28940,26904,25513,24663,16527,11098,7219
54017,"Doddridge County, West Virginia",7808,8202,7403,6994,7433,6389,6970,9026,10923,10488,11976,12672,13689
54023,"Grant County, West Virginia",10976,11937,11299,10428,10210,8607,8304,8756,8805,8441,8993,7838,7275
54029,"Hancock County, West Virginia",29095,30676,32667,35233,40418,39749,39615,34388,31572,28511,19975,10465,6693
54035,"Jackson County, West Virginia",27791,29211,28000,25938,25794,20903,18541,15299,16598,16124,18658,20956,22987
54041,"Lewis County, West Virginia",17033,16372,16919,17223,18813,17847,19711,21074,22271,21794,20455,18281,16980
54047,"McDowell County, West Virginia",19111,22113,27329,35233,49899,50666,71359,98887,94354,90479,68571,47856,18747
54053,"Mason County, West Virginia",25453,27324,25957,25178,27045,24306,24459,23537,22270,20788,21459,23019,24142
54059,"Mingo County, West Virginia",23568,26839,28253,33739,37336,32780,39742,47409,40802,38319,26364,19431,11359
54065,"Morgan County, West Virginia",17063,17541,14943,12128,10711,8547,8376,8276,8743,8406,8357,7848,7294
55001,"Adams County, Wisconsin",20654,20875,18643,15682,13457,9234,7566,7906,8449,8003,9287,8604,9141
55007,"Bayfield County, Wisconsin",16220,15014,15013,14008,13822,11683,11910,13760,15827,15006,17201,15987,14392
55013,"Burnett County, Wisconsin",16526,15457,15674,13084,12340,9276,9214,10236,11382,10233,10735,9026,7478
55019,"Clark County, Wisconsin",34659,34690,33557,31647,32910,30361,31527,32459,33972,34165,35120,30074,25848
55025,"Dane County, Wisconsin",561504,488073,426526,367085,323545,290272,222095,169357,130660,112737,89432,77435,69435
55031,"Douglas County, Wisconsin",44295,44159,43287,41758,44421,44657,45008,46715,47119,46583,49771,47422,36335
55037,"Florence County, Wisconsin",4558,4423,5088,4590,4172,3298,3437,3756,4177,3768,3602,3381,3197
55043,"Grant County, Wisconsin",51938,51208,49597,49264,51736,48398,44419,41460,40639,38469,39044,39007,38881
55049,"Iowa County, Wisconsin",23709,23687,22780,20150,19802,19306,19631,19610,20595,20039,21504,22497,23114
55055,"Jefferson County, Wisconsin",84900,83686,74021,67783,66152,60060,50094,43069,38868,36785,35022,34306,34789
19155,"Pottawattamie County, Iowa",93667,93158,87704,82628,86561,86991,83102,69682,66756,69888,61550,55832,54336
19159,"Ringgold County, Iowa",4663,5131,5469,5420,6112,6373,7910,9528,11137,11966,12919,12904,15325
19161,"Sac County, Iowa",9814,10350,11529,12324,14118,15573,17007,17518,17639,17641,17500,16555,17639
19165,"Shelby County, Iowa",11746,12167,13173,13230,15043,15528,15825,15942,16720,17131,16065,16552,17932
19167,"Sioux County, Iowa",35872,33704,31589,29903,30813,27996,26375,26381,27209,26806,26458,25248,23337
19171,"Tama County, Iowa",17135,17767,18103,17419,19533,20147,21413,21688,22428,21987,21861,22156,24585
19175,"Union County, Iowa",12138,12534,12309,12750,13858,13557,13712,15651,16280,17435,17268,16616,19928
19177,"Van Buren County, Iowa",7203,7570,7809,7676,8626,8643,9778,11007,12053,12603,14060,15020,17354
19181,"Warren County, Iowa",52403,46225,40671,36033,34878,27432,20829,17758,17695,17700,18047,18194,20376
19183,"Washington County, Iowa",22565,21704,20670,19612,20141,18967,19406,19557,20055,19822,20421,19925,20718
19187,"Webster County, Iowa",36999,38013,40235,40342,45953,48391,47810,44241,41521,40425,37611,34629,31757
19191,"Winneshiek County, Iowa",20070,21056,21310,20847,21876,21758,21651,21639,22263,21630,22091,21729,23731
19193,"Woodbury County, Iowa",105941,102172,103877,98276,100884,103052,107849,103917,103627,101669,92171,67616,54610
19197,"Wright County, Iowa",12943,13229,14334,14269,16319,17294,19447,19652,20038,20216,20348,17951,18227
24001,"Allegany County, Maryland",68106,75087,74930,74946,80548,84044,84169,89556,86973,79098,69938,62411,53694
24005,"Baltimore County, Maryland",854535,805029,754292,692134,655615,621077,492428,270273,155825,124565,74817,122349,90755
24011,"Caroline County, Maryland",33293,33066,29772,27035,23143,19781,19462,18234,17549,17387,18652,19216,16248
24013,"Carroll County, Maryland",172891,167134,150897,123372,96356,69006,52785,44907,39054,35978,34245,33934,33860
24017,"Charles County, Maryland",166617,146551,120546,101154,72751,47678,32572,23415,17612,16166,17705,16386,17662
24019,"Dorchester County, Maryland",32531,32618,30674,30236,30623,29405,29666,27815,28006,26813,27895,28669,27962
24023,"Garrett County, Maryland",28806,30097,29846,28138,26498,21476,20420,21259,21981,19908,19678,20105,17701
24025,"Harford County, Maryland",260924,244826,218590,182132,145930,115378,76722,51782,35060,31603,29291,27965,28269
24029,"Kent County, Maryland",19198,20197,19197,17842,16695,16146,15481,13677,13465,14242,15026,16957,18786
24033,"Prince George's County, Maryland",967201,863420,801515,729268,665071,660567,357395,194182,89490,60095,43347,36147,29898
24035,"Queen Anne's County, Maryland",49874,47798,40563,33953,25508,18422,16569,14579,14476,14571,16001,16839,18364
24039,"Somerset County, Maryland",24620,26470,24747,23440,19188,18924,19623,20745,20965,23382,24602,26455,25923
24041,"Talbot County, Maryland",37526,37782,33812,30549,25604,23682,21578,19428,18784,18583,18306,19620,20342
24043,"Washington County, Maryland",154705,147430,131923,121393,113086,103829,91219,78886,68838,65882,59694,49617,45133
24045,"Wicomico County, Maryland",103588,98733,84644,74339,64540,54236,49050,39641,34530,31229,28165,26815,22852
24047,"Worcester County, Maryland",52460,51454,46543,35028,30889,24442,23733,23148,21245,21624,22309,21841,20865
24510,"Baltimore city, Maryland",585708,620961,651154,736014,786775,905759,939024,949708,859100,804874,733826,558485,508957
26001,"Alcona County, Michigan",10167,10942,11719,10145,9740,7113,6352,5856,5463,4989,5912,5703,5691
26003,"Alger County, Michigan",8842,9601,9862,8972,9225,8568,9250,10007,10167,9327,9983,7675,5868
26005,"Allegan County, Michigan",120502,111408,105665,90509,81555,66575,57729,47493,41839,38974,37540,39819,38812
26007,"Alpena County, Michigan",28907,29598,31314,30605,32315,30708,28556,22189,20766,18574,17869,19965,18254
26009,"Antrim County, Michigan",23431,23580,23110,18185,16194,12612,10373,10721,10964,9979,11543,15692,16568
26011,"Arenac County, Michigan",15002,15899,17269,14931,14706,11149,9860,9644,9233,8007,9460,9640,9821
26013,"Baraga County, Michigan",8158,8860,8746,7954,8484,7789,7151,8037,9356,9168,7662,6127,4320
26015,"Barry County, Michigan",62423,59173,56755,50057,45781,38166,31738,26183,22613,20928,21383,22633,22514
26017,"Bay County, Michigan",103856,107771,110157,111723,119881,117339,107042,88461,74981,69474,69548,68238,62378
26019,"Benzie County, Michigan",17970,17525,15998,12200,11205,8593,7834,8306,7800,6587,6947,10638,9685
26021,"Berrien County, Michigan",154316,156813,162453,161378,171276,163875,149865,115702,89117,81066,62653,53622,49165
26023,"Branch County, Michigan",44862,45248,45787,41502,40188,37906,34903,30202,25845,23950,23997,25605,27811
26025,"Calhoun County, Michigan",134310,136146,137985,135982,141557,141963,138858,120813,94206,87043,72918,56638,49315
26027,"Cass County, Michigan",51589,52293,51104,49477,49499,43312,36932,28185,21910,20888,20395,20624,20876
26029,"Charlevoix County, Michigan",26054,25949,26090,21468,19907,16541,13421,13475,13031,11981,15788,19157,13956
26033,"Chippewa County, Michigan",36785,38520,38543,34604,29029,32412,32655,29206,27807,25047,24818,24472,21338
26035,"Clare County, Michigan",30856,30926,31252,24952,23822,16695,11647,10253,9163,7032,8250,9240,8360
26039,"Crawford County, Michigan",12988,14074,14273,12260,9465,6482,4971,4151,3765,3097,4049,3934,2943
26041,"Delta County, Michigan",36903,37069,38520,37780,38947,35924,34298,32913,34037,32280,30909,30108,23881
26045,"Eaton County, Michigan",109175,107759,103655,92879,88337,68892,49684,40023,34124,31728,29377,30499,31668
26049,"Genesee County, Michigan",406211,425790,436141,430459,450449,444341,374313,270963,227944,211641,125668,64555,41804
26051,"Gladwin County, Michigan",25386,25692,26023,21896,19957,13471,10769,9451,9385,7424,8827,8413,6564
26055,"Grand Traverse County, Michigan",95238,86986,77654,64273,54899,39175,33490,28598,23390,20011,19518,23784,20479
26057,"Gratiot County, Michigan",41761,42476,42285,38982,40448,39246,37012,33429,32205,30252,33914,28820,29889
26061,"Houghton County, Michigan",37361,36628,36016,35446,37872,34652,35654,39771,47631,52851,71930,88098,66063
26063,"Huron County, Michigan",31407,33118,36079,34951,36459,34083,34006,33149,32584,31132,32786,34758,34162
26067,"Ionia County, Michigan",66804,63905,61518,57024,51815,45848,43132,38158,35710,35093,33087,33550,34329
26071,"Iron County, Michigan",11631,11817,13138,13175,13635,13813,17184,17692,20243,20805,22107,15164,8990
18171,"Warren County, Indiana",8440,8508,8419,8176,8976,8705,8545,8535,9055,9167,9699,10899,11371
18175,"Washington County, Indiana",28182,28262,27223,23717,21932,19278,17819,16520,17008,16285,16645,17445,19409
18177,"Wayne County, Indiana",66553,68917,71097,71951,76058,79109,74039,68566,59229,54809,48136,43757,38970
18181,"White County, Indiana",24688,24643,25267,23265,23867,20995,19709,18042,17037,15831,17351,17602,19138
18183,"Whitley County, Indiana",34191,33292,30707,27651,26215,23395,20954,18828,17001,15931,15660,16892,17328
25003,"Berkshire County, Massachusetts",129026,131219,134953,139352,145110,149402,142135,132966,122273,120700,113033,105259,95667
25005,"Bristol County, Massachusetts",579200,548285,534678,506325,474641,444301,398488,381569,364637,364590,359005,318573,252029
25009,"Essex County, Massachusetts",809829,743159,723419,670080,633632,637887,568831,522384,496313,498040,482156,436477,357030
25011,"Franklin County, Massachusetts",71029,71372,71535,70092,64317,59210,54864,52747,49453,49612,49361,43600,41209
25015,"Hampshire County, Massachusetts",162308,158080,152251,146568,138813,123981,103229,87594,72461,72801,69599,63327,58820
25017,"Middlesex County, Massachusetts",1632002,1503085,1465396,1398468,1367034,1397268,1238742,1064569,971390,934924,778352,669915,565696
25021,"Norfolk County, Massachusetts",725981,670850,650308,616087,606587,605051,510256,392308,325180,299426,219081,187506,151539
25023,"Plymouth County, Massachusetts",530819,494919,472822,435276,405437,333314,248449,189468,168824,162311,156968,144337,113985
25025,"Suffolk County, Massachusetts",797936,722023,689807,663906,650142,735190,791329,896615,863248,879536,835522,731388,611417
25027,"Worcester County, Massachusetts",862111,798552,750963,709705,646352,637969,583228,546401,504470,491242,455135,399657,346958
39001,"Adams County, Ohio",27477,28550,27330,25371,24328,18957,19982,20499,21705,20381,22403,24755,26328
39003,"Allen County, Ohio",102206,106331,108473,109755,112241,111144,103691,88183,73303,69419,68223,56580,47976
39005,"Ashland County, Ohio",52447,53139,52523,47507,46178,43303,38771,33040,29785,26867,24627,22975,21184
39007,"Ashtabula County, Ohio",97574,101497,102728,99821,104215,98237,93067,78695,68674,68361,65545,59547,51448
39009,"Athens County, Ohio",62431,64757,62223,59549,56399,54889,46998,45839,46166,44175,50430,47798,38730
39011,"Auglaize County, Ohio",46422,45949,46611,44585,42554,38602,36147,30637,28037,28034,29527,31246,31192
39013,"Belmont County, Ohio",66497,70400,70226,71074,82569,80917,83864,87740,95614,94719,93193,76856,60875
39015,"Brown County, Ohio",43676,44846,42285,34966,31920,26635,25178,22221,21638,20148,22621,24832,28237
39017,"Butler County, Ohio",390357,368130,332807,291479,258787,226207,199076,147203,120249,114084,87025,70271,56870
39019,"Carroll County, Ohio",26721,28836,28836,26521,25598,21579,20857,19039,17449,16057,15942,15761,16811
39021,"Champaign County, Ohio",38714,40097,38890,36019,33649,30491,29714,26793,25258,24103,25071,26351,26642
39023,"Clark County, Ohio",136001,138333,144742,147548,150236,157115,131440,111661,95647,90936,80728,66435,58939
39025,"Clermont County, Ohio",208601,197363,177977,150187,128483,95725,80530,42182,34109,29786,28291,29551,31610
39027,"Clinton County, Ohio",42018,42040,40543,35415,34603,31464,30004,25572,22574,21547,23036,23680,24202
39029,"Columbiana County, Ohio",101877,107841,112075,108276,113572,108310,107004,98920,90121,86484,83131,76619,68590
39031,"Coshocton County, Ohio",36612,36901,36655,35427,36024,33486,32224,31141,30594,28976,29595,30121,29337
39033,"Crawford County, Ohio",42025,43784,46966,47870,50075,50364,46775,38738,35571,35345,36054,34036,33915
39035,"Cuyahoga County, Ohio",1264817,1280122,1393978,1412140,1498400,1721300,1647895,1389532,1217250,1201455,943495,637425,439120
39039,"Defiance County, Ohio",38286,39037,39500,39350,39987,36949,31508,25925,24367,22714,24549,24498,26387
39041,"Delaware County, Ohio",214124,174214,109989,66929,53840,42908,36107,30278,26780,26016,26013,27182,26401
39045,"Fairfield County, Ohio",158921,146156,122759,103461,93678,73301,63912,52130,48490,44010,40484,39201,34259
39047,"Fayette County, Ohio",28951,29030,28433,27466,27467,25461,24775,22554,21385,20755,21518,21744,21725
39051,"Fulton County, Ohio",42713,42698,42084,38498,37751,33071,29301,25580,23626,23477,23445,23914,22801
39053,"Gallia County, Ohio",29220,30934,31069,30954,30098,25239,26120,24910,24930,23050,23311,25745,27918
39057,"Greene County, Ohio",167966,161573,147886,136731,129769,125057,94642,58892,35863,33259,31221,29733,31613
39059,"Guernsey County, Ohio",38438,40087,40792,39024,42024,37665,38579,38452,38822,41486,45352,42716,34425
39063,"Hancock County, Ohio",74920,74782,71295,65536,64581,61217,53686,44280,40793,40404,38394,37860,41993
39065,"Hardin County, Ohio",30696,32058,31945,31111,32719,30813,29633,28673,27061,27635,29167,30407,31187
39069,"Henry County, Ohio",27662,28215,29210,29108,28383,27058,25392,22423,22756,22524,23362,25119,27282
39073,"Hocking County, Ohio",28050,29380,28241,25533,24304,20322,20168,19520,21504,20407,23291,23650,24398
39075,"Holmes County, Ohio",44223,42366,38943,32849,29416,23024,21591,18760,17876,16726,16965,17909,19511
39079,"Jackson County, Ohio",32653,33225,32641,30230,30592,27174,29372,27767,27004,25040,27342,30791,34248
39081,"Jefferson County, Ohio",65249,69709,73894,80298,91564,96193,99201,96495,98129,88307,77580,65423,44357
39085,"Lake County, Ohio",232603,230041,227511,215499,212801,197200,148700,75979,50020,41674,28667,22927,21680
39087,"Lawrence County, Ohio",58240,62450,62319,61834,63849,56868,55438,49115,46705,44541,39540,39488,39534
39091,"Logan County, Ohio",46150,45858,46005,42310,39155,35072,34803,31329,29624,28981,30104,30084,30420
39093,"Lorain County, Ohio",312964,301356,284664,271126,274909,256843,217500,148162,112390,109206,90612,76037,54857
39097,"Madison County, Ohio",43824,43435,40213,37068,33004,28318,26454,22300,21811,20253,19662,19902,20590
39101,"Marion County, Ohio",65359,66501,66217,64274,67974,64724,60221,49959,44898,45420,42004,33971,28678
39103,"Medina County, Ohio",182470,172332,151095,122354,113150,82717,65315,40417,33034,29677,26067,23598,21958
39107,"Mercer County, Ohio",42528,40814,40924,39443,38334,35265,32559,28311,26256,25096,26872,27536,28021
39109,"Miami County, Ohio",108774,102506,98868,93182,90381,84342,72901,61309,52632,51301,48428,45047,43105
39113,"Montgomery County, Ohio",537309,535153,559062,573809,571697,606148,527080,398441,295480,273481,209532,163763,130146
39115,"Morgan County, Ohio",13802,15054,14897,14194,14241,12375,12747,12836,14227,13583,14555,16097,17905
39119,"Muskingum County, Ohio",86410,86074,84585,82068,83340,77826,79159,74535,69795,67398,57980,57488,53185
6093,"Siskiyou County, California",44076,44900,44301,43531,39732,33225,32885,30733,28598,25480,18545,18801,16962
6099,"Stanislaus County, California",552878,514453,446997,370522,265900,194506,157294,127231,74866,56641,43557,22522,9550
6105,"Trinity County, California",16112,13786,13022,13063,11858,7615,9706,5087,3970,2809,2551,3301,4383
6111,"Ventura County, California",843843,823318,753197,669016,529174,376430,199138,114647,69685,54976,28724,18347,14367
5001,"Arkansas County, Arkansas",17149,19019,20749,21653,24175,23347,23355,23665,24437,22300,21483,16103,12973
5007,"Benton County, Arkansas",284333,221339,153406,97499,78115,50476,36272,38076,36148,35253,36253,33389,31611
5011,"Bradley County, Arkansas",10545,11508,12600,11793,13803,12778,14029,15987,18097,17494,15970,14518,9651
5017,"Chicot County, Arkansas",10208,11800,14117,15713,17793,18164,18990,22306,27452,22646,21749,21987,14528
5023,"Cleburne County, Arkansas",24711,25970,24046,19411,16909,10349,9059,11487,13134,11373,12696,11903,9628
5029,"Conway County, Arkansas",20715,21273,20336,19151,19505,16805,15430,18137,21536,21949,22578,22729,19772
5033,"Crawford County, Arkansas",60133,61948,53247,42493,36892,25677,21318,22727,23920,22549,25739,23942,21270
5039,"Dallas County, Arkansas",6482,8116,9210,9614,10515,10022,10522,12416,14471,14671,14424,12621,11518
5045,"Faulkner County, Arkansas",123498,113237,86014,60006,46192,31572,24303,25289,25880,28381,27681,23708,20780
5051,"Garland County, Arkansas",100180,96024,88068,73397,70531,54131,46697,47102,41664,36031,25785,27271,18773
5055,"Greene County, Arkansas",45736,42090,37331,31804,30744,24765,25198,29149,30204,26127,26105,23852,16979
5061,"Howard County, Arkansas",12785,13789,14300,13569,13459,11412,10878,13342,16621,17489,18565,16898,14076
5067,"Jackson County, Arkansas",16755,17997,18418,18944,21646,20452,22843,25912,26427,27943,25446,23501,18383
5073,"Lafayette County, Arkansas",6308,7645,8559,9643,10213,10018,11030,13203,16851,16934,15522,13741,10594
5077,"Lee County, Arkansas",8600,10424,12580,13053,15539,18884,21001,24322,26810,26637,28852,24252,19409
5083,"Logan County, Arkansas",21131,22353,22486,20557,20144,16789,15957,20260,25967,24110,25866,26350,20563
5089,"Marion County, Arkansas",16826,16653,16140,12001,11334,7000,6041,8609,9464,8876,10154,10203,11377
5093,"Mississippi County, Arkansas",40685,46480,51979,57525,59517,62060,70174,82375,80217,69289,47320,30468,16384
5141,"Van Buren County, Arkansas",15796,17295,16192,14008,13357,8275,7228,9687,12518,11962,13666,13509,11220
5147,"Woodruff County, Arkansas",6269,7260,8741,9520,11222,11566,13954,18957,22133,22682,21547,20049,16304
9001,"Fairfield County, Connecticut",957419,916829,882567,827645,807143,792814,653589,504342,418384,386702,320936,245322,184203
9007,"Middlesex County, Connecticut",164245,165676,155071,143196,129017,114816,88865,67332,55999,51388,47550,45637,41760
9013,"Tolland County, Connecticut",149788,152691,136364,128699,114823,103440,68737,44709,31866,28659,27216,26459,24523
2013,"Aleutians East Borough, Alaska",3420,3141,2697,2464,0,0,0,0,0,0,0,0,0
2050,"Bethel Census Area, Alaska",18666,17013,16006,13656,10999,7579,5537,0,0,0,0,0,0
2090,"Fairbanks North Star Borough, Alaska",95655,97581,82840,77720,53983,45864,43412,0,0,0,0,0,0
2110,"Juneau City and Borough, Alaska",32255,31275,30711,26751,19528,13556,9745,0,0,0,0,0,0
2150,"Kodiak Island Borough, Alaska",13101,13592,13913,13309,9939,9409,7174,0,0,0,0,0,0
2164,"Lake and Peninsula Borough, Alaska",1476,1631,1823,1668,0,0,0,0,0,0,0,0,0
2185,"North Slope Borough, Alaska",11031,9430,7385,5979,4199,2663,2133,0,0,0,0,0,0
2240,"Southeast Fairbanks Census Area, Alaska",6808,7029,6174,5913,5676,4179,0,0,0,0,0,0,0
8001,"Adams County, Colorado",519572,441603,363857,265038,245944,185789,120296,40234,22481,20245,14430,8892,0
8005,"Arapahoe County, Colorado",655070,572003,487967,391511,293621,162142,113426,52125,32150,22647,13766,10263,153017
8011,"Bent County, Colorado",5650,6499,5998,5048,5945,6493,7419,8775,9653,9134,9705,5043,3049
8015,"Chaffee County, Colorado",19476,17809,16242,12684,13227,10162,8298,7168,8109,8126,7753,7622,7085
8019,"Clear Creek County, Colorado",9397,9088,9322,7619,7308,4819,2793,3289,3784,2155,2891,5001,7082
8025,"Crowley County, Colorado",5922,5823,5518,3946,2988,3086,3978,5222,5398,5934,6383,0,0
8031,"Denver County, Colorado",715522,600158,554636,467610,492365,514678,493887,415786,322412,287861,256491,213381,0
8079,"Mineral County, Colorado",865,712,831,558,804,786,424,698,975,640,779,1239,1913
8085,"Montrose County, Colorado",42679,41276,33432,24423,24352,18366,18286,15220,15418,11742,11852,10291,4535
8089,"Otero County, Colorado",18690,18831,20311,20185,22567,23523,24128,25275,23571,24390,22623,20201,11522
8095,"Phillips County, Colorado",4530,4442,4480,4189,4542,4131,4440,4924,4948,5797,5499,3179,1583
8101,"Pueblo County, Colorado",168162,159063,141472,123051,125972,118238,118707,90188,68870,66038,57638,52223,34448
8107,"Routt County, Colorado",24829,23509,19690,14088,13404,6592,5900,8940,10525,9352,8948,7561,3661
8111,"San Juan County, Colorado",705,699,558,745,833,831,849,1471,1439,1935,1700,3063,2342
8117,"Summit County, Colorado",31055,27994,23548,12881,8848,2665,2073,1135,1754,987,1724,2003,2744
8123,"Weld County, Colorado",328981,252825,180936,131821,123438,89297,72344,67504,63747,65097,54059,39177,16808
10001,"Kent County, Delaware",181851,162310,126697,110993,98219,81892,65651,37870,34441,31841,31023,32721,32762
30001,"Beaverhead County, Montana",9371,9246,9202,8424,8186,8187,7194,6671,6943,6654,7369,6446,5615
30007,"Broadwater County, Montana",6774,5612,4385,3318,3267,2526,2804,2922,3451,2738,3239,3491,2641
30013,"Cascade County, Montana",84414,81327,80357,77691,80696,81804,73418,53027,41999,41146,38836,28833,25777
30017,"Custer County, Montana",11867,11699,11696,11697,13109,12174,13227,12661,10422,11242,12194,14123,7891
55061,"Kewaunee County, Wisconsin",20563,20574,20187,18878,19539,18961,18282,17366,16680,16037,16091,16784,17212
55067,"Langlade County, Wisconsin",19491,19977,20740,19505,19978,19220,19916,21975,23227,21544,21471,17062,12553
55073,"Marathon County, Wisconsin",138013,134063,125834,115400,111270,97457,88874,80337,75915,70629,65259,55054,43256
55078,"Menominee County, Wisconsin",4255,4232,4562,3890,3373,2607,0,0,0,0,0,0,0
55085,"Oneida County, Wisconsin",37845,35998,36776,31679,31216,24427,22112,20648,18938,15899,13996,11433,8875
55091,"Pepin County, Wisconsin",7318,7469,7213,7107,7477,7319,7332,7462,7897,7450,7481,7577,7905
55097,"Portage County, Wisconsin",70377,70019,67182,61405,57420,47541,36964,34858,35800,33827,33649,30945,29483
55103,"Richland County, Wisconsin",17304,18021,17924,17521,17476,17079,17684,19245,20381,19525,19823,18809,19483
55109,"St. Croix County, Wisconsin",93536,84345,63155,50251,43262,34354,29164,25905,24842,25455,26106,25910,26830
56017,"Hot Springs County, Wyoming",4621,4812,4882,4809,5710,4952,6365,5250,4607,5476,5164,0,0
56025,"Natrona County, Wyoming",79955,75450,66533,61226,71856,51264,49623,31437,23858,24272,14635,4766,1785
56031,"Platte County, Wyoming",8605,8667,8807,8145,11975,6486,7195,7925,8013,9695,7421,0,0
56037,"Sweetwater County, Wyoming",42272,43806,37613,38823,41723,18391,17920,22017,19407,18165,13640,11575,8455
56043,"Washakie County, Wyoming",7685,8533,8289,8388,9496,7569,8883,7252,5858,4109,3106,0,0
48003,"Andrews County, Texas",18610,14786,13004,14338,13323,10372,13450,5002,1277,736,350,975,87
48009,"Archer County, Texas",8560,9054,8854,7973,7266,5759,6110,6816,7599,9684,5254,6525,2508
48015,"Austin County, Texas",30167,28417,23590,19832,17726,13831,13777,14663,17384,18860,18874,17699,20676
48021,"Bastrop County, Texas",97216,74171,57733,38263,24726,17297,16925,19622,21610,23888,26649,25344,26845
48027,"Bell County, Texas",370647,310235,237974,191088,157889,124483,94097,73824,44863,50030,46412,49186,45535
48033,"Borden County, Texas",631,641,729,799,859,888,1076,1106,1396,1505,965,1386,776
48037,"Bowie County, Texas",92893,92565,89306,81665,75301,67813,59971,61966,50208,48563,39472,34827,26676
48043,"Brewster County, Texas",9546,9232,8866,8681,7573,7780,6434,7309,6478,6624,4822,5220,2356
48049,"Brown County, Texas",38095,38106,37674,34371,33057,25877,24728,28607,25924,26382,21682,22935,16019
48055,"Caldwell County, Texas",45883,38066,32194,26392,23637,21178,17222,19350,24893,31397,25160,24237,21765
48061,"Cameron County, Texas",421017,406220,335227,260120,209727,140368,151098,125170,83202,77540,36662,27158,16095
48067,"Cass County, Texas",28454,30464,30438,29982,29430,24133,23496,26732,33496,30030,30041,27587,22841
48073,"Cherokee County, Texas",50412,50845,46659,41049,38127,32008,33120,38694,43970,43180,37633,29038,25154
48079,"Cochran County, Texas",2547,3127,3730,4377,4825,5326,6417,5928,3735,1963,67,65,25
48085,"Collin County, Texas",1064465,782341,491675,264036,144576,66920,41247,41692,47190,46180,49609,49021,50087
48133,"Eastland County, Texas",17725,18583,18297,18488,19480,18092,19526,23942,30345,34156,58505,23421,17971
48139,"Ellis County, Texas",192455,149610,111360,85167,59743,46638,43395,45645,47733,53936,55700,53629,50059
48145,"Falls County, Texas",16968,17866,18576,17712,17946,17300,21263,26724,35984,38771,36217,35649,33342
48151,"Fisher County, Texas",3672,3974,4344,4842,5891,6344,7865,11023,12932,13563,11009,12596,3708
48157,"Fort Bend County, Texas",822779,585375,354452,225421,130846,52314,40527,31056,32963,29718,22931,18168,16538
48163,"Frio County, Texas",18385,17217,16252,13472,13785,11159,10112,10357,9207,9411,9296,8895,4200
48167,"Galveston County, Texas",350682,291309,250158,217399,195940,169812,140364,113066,81173,64401,53150,44479,44116
48173,"Glasscock County, Texas",1116,1226,1406,1447,1304,1155,1118,1089,1193,1263,555,1143,286
48179,"Gray County, Texas",21227,22535,22744,23967,26386,26949,31535,24728,23911,22090,4663,3405,480
48185,"Grimes County, Texas",29268,26604,23552,18828,13580,11855,12709,15135,21960,22642,23101,21205,26106
48191,"Hall County, Texas",2825,3353,3782,3905,5594,6015,7322,10930,12117,16966,11137,8279,1670
48197,"Hardeman County, Texas",3549,4139,4724,5283,6368,6795,8275,10212,11073,14532,12487,11213,3634
26073,"Isabella County, Michigan",64394,70311,63351,54624,54110,44594,35348,28964,25982,21126,22610,23029,22784
26077,"Kalamazoo County, Michigan",261670,250331,238603,223411,212378,201550,169712,126707,100085,91368,71225,60427,44310
26079,"Kalkaska County, Michigan",17939,17153,16571,13497,10952,5272,4382,4597,5159,3799,5577,8097,7133
26083,"Keweenaw County, Michigan",2046,2156,2301,1701,1963,2264,2417,2918,4004,5076,6322,7156,3217
26085,"Lake County, Michigan",12096,11539,11333,8583,7711,5661,5338,5257,4798,4066,4437,4939,4957
26089,"Leelanau County, Michigan",22301,21708,21119,16527,14007,10872,9321,8647,8436,8206,9061,10608,10556
26093,"Livingston County, Michigan",193866,180967,156951,115645,100289,58967,38233,26725,20863,19274,17522,17736,19664
26095,"Luce County, Michigan",5339,6631,7024,5763,6659,6789,7827,8147,7423,6528,6149,4004,2983
26099,"Macomb County, Michigan",881217,840978,788149,717400,694600,625309,405804,184961,107638,77146,38103,32606,33244
26101,"Manistee County, Michigan",25032,24733,24527,21265,23019,20094,19042,18524,18450,17409,20899,26688,27856
26105,"Mason County, Michigan",29052,28705,28274,25537,26365,22612,21929,20474,19378,18756,19831,21832,18885
26107,"Mecosta County, Michigan",39714,42798,40553,37308,36961,27992,21051,18968,16902,15738,17765,19466,20693
26111,"Midland County, Michigan",83494,83629,82874,75651,73578,63769,51450,35662,27094,19150,17237,14005,14439
26115,"Monroe County, Michigan",154809,152021,145945,133600,134659,118479,101120,75666,58620,52485,37115,32917,32754
26117,"Montcalm County, Michigan",66614,63342,61266,53059,47555,39660,35795,31013,28581,27471,30441,32069,32754
26121,"Muskegon County, Michigan",175824,172188,170200,158983,157589,157426,149943,121545,94501,84630,62362,40577,37036
26123,"Newaygo County, Michigan",49978,48460,47874,38202,34917,27992,24160,21567,19286,17029,17378,19220,17673
26127,"Oceana County, Michigan",26659,26570,26873,22454,22002,17984,16547,16105,14812,13805,15601,18379,16644
26129,"Ogemaw County, Michigan",20770,21699,21645,18681,16436,11903,9680,9345,8720,6595,7786,8907,7765
26133,"Osceola County, Michigan",22891,23528,23197,20146,18928,14838,13595,13797,13309,12806,15221,17889,17859
26135,"Oscoda County, Michigan",8219,8640,9418,7842,6858,4726,3447,3134,2543,1728,1783,2027,1468
26139,"Ottawa County, Michigan",296200,263801,238314,187768,157174,128181,98719,73751,59660,54858,47660,45301,39667
26143,"Roscommon County, Michigan",23459,24449,25469,19776,16374,9892,7200,5916,3668,2055,2032,2274,1787
26145,"Saginaw County, Michigan",190124,200169,210039,211946,228059,219743,190752,153515,130468,120717,100286,89290,81222
26149,"St. Joseph County, Michigan",60939,61295,62422,58913,56083,47392,42332,35071,31749,30618,26818,25499,23889
26151,"Sanilac County, Michigan",40611,43114,44547,39928,40789,34889,32314,30837,30114,27751,31237,33930,35055
26155,"Shiawassee County, Michigan",68094,70648,71687,69770,71140,63075,53446,45967,41207,39517,35924,33246,33866
26157,"Tuscola County, Michigan",53323,55729,58266,55498,56961,48603,43305,38258,35694,32934,33320,34913,35890
26161,"Washtenaw County, Michigan",372258,344791,322895,282937,264748,234103,172440,134606,80810,65530,49520,44714,47761
26163,"Wayne County, Michigan",1793561,1820584,2061162,2111687,2337891,2666751,2666297,2435235,2015623,1888946,1177645,531591,348793
26165,"Wexford County, Michigan",33673,32735,30484,26360,25102,19717,18466,18628,17976,16827,18207,20769,16845
28001,"Adams County, Mississippi",29538,32297,34340,35356,38035,37293,37730,32256,27238,23564,22183,25265,30111
28003,"Alcorn County, Mississippi",34740,37057,34558,31722,33036,27179,25282,27158,26969,23653,21369,18159,14987
28005,"Amite County, Mississippi",12720,13131,13599,13328,13369,13763,15573,19261,21892,19712,18960,22954,20708
28007,"Attala County, Mississippi",17889,19564,19661,18481,19865,19570,21335,26652,30227,26035,24831,28851,26248
28009,"Benton County, Mississippi",7646,8729,8026,8046,8153,7505,7723,8793,10429,9813,9851,10245,10510
28011,"Bolivar County, Mississippi",30985,34145,40633,41875,45965,49409,54464,63004,67574,71051,57669,48905,35427
28013,"Calhoun County, Mississippi",13266,14962,15069,14908,15664,14623,15941,18369,20893,18080,16823,17726,16512
28015,"Carroll County, Mississippi",9998,10597,10769,9237,9776,9397,11177,15499,20651,19765,20324,23139,22116
28017,"Chickasaw County, Mississippi",17106,17392,19440,18085,17853,16805,16891,18951,21427,20835,22212,22846,19892
28019,"Choctaw County, Mississippi",8246,8547,9758,9071,8996,8440,8423,11009,13548,12339,12491,14357,13036
28021,"Claiborne County, Mississippi",9135,9604,11831,11370,12279,10086,10845,11944,12810,12152,13019,17403,20787
28023,"Clarke County, Mississippi",15615,16732,17955,17313,16945,15049,16493,19362,20596,19679,17927,21630,17741
28025,"Clay County, Mississippi",18636,20634,21979,21120,21082,18840,18933,17757,19030,17931,17490,20203,19563
28027,"Coahoma County, Mississippi",21390,26151,30622,31665,36918,40447,46212,49361,48333,46327,41511,34217,26293
28029,"Copiah County, Mississippi",28368,29449,28757,27592,26503,24749,27051,30493,33974,31614,28672,35914,34395
28031,"Covington County, Mississippi",18340,19568,19407,16527,15927,14002,13637,16036,17030,15028,14869,16909,13076
28033,"DeSoto County, Mississippi",185314,161252,107199,67910,53930,35885,23891,24599,26663,25438,24359,23130,24751
28035,"Forrest County, Mississippi",78158,74934,72604,68314,66018,57849,52722,45055,34901,30115,21238,20722,0
28037,"Franklin County, Mississippi",7675,8118,8448,8377,8208,8011,9286,10929,12504,12268,14156,15193,13678
28041,"Greene County, Mississippi",13530,14400,13299,10220,9827,8545,8366,8215,9512,10644,10430,6050,6795
28043,"Grenada County, Mississippi",21629,21906,23263,21555,21043,19854,18409,18830,19052,16802,13607,15727,14112
28047,"Harrison County, Mississippi",208621,187105,189601,165365,157665,134582,119489,84073,50799,44143,32855,34658,21002
28049,"Hinds County, Mississippi",227742,245285,250800,254441,250998,214973,187045,142164,107273,85118,57110,63726,52577
28053,"Humphreys County, Mississippi",7785,9375,11206,12134,13931,14601,19093,23115,26257,24729,19192,0,0
28055,"Issaquena County, Mississippi",1338,1406,2274,1909,2513,2737,3576,4966,6433,5734,7618,10560,10400
28059,"Jackson County, Mississippi",143252,139668,131420,115243,118015,87975,55522,31401,20601,15973,19208,15451,16513
28061,"Jasper County, Mississippi",16367,17062,18149,17114,17265,15994,16909,18912,19484,18634,18508,18498,15394
39121,"Noble County, Ohio",14115,14645,14058,11336,11310,10428,10982,11750,14587,14961,17849,18601,19466
39125,"Paulding County, Ohio",18806,19614,20293,20488,21302,19329,16792,15047,15527,15301,18736,22730,27528
39127,"Perry County, Ohio",35408,36058,34078,31557,31032,27434,27864,28999,31087,31445,36098,35396,31841
39131,"Pike County, Ohio",27088,28709,27695,24249,22802,19114,19380,14607,16113,13876,14151,15723,18172
39135,"Preble County, Ohio",40999,42270,42337,40113,38223,34719,32498,27081,23329,22455,23238,23834,23713
39137,"Putnam County, Ohio",34451,34499,34726,33819,32991,31134,28331,25248,25016,25074,27751,29972,32525
39141,"Ross County, Ohio",77093,78064,73345,69330,65004,61211,61215,54424,52147,45181,41556,40069,40940
39143,"Sandusky County, Ohio",58896,60944,61792,61963,63267,60983,56486,46114,41014,39731,37109,35171,34311
39147,"Seneca County, Ohio",55069,56745,58683,59733,61901,60696,59326,52978,48499,47941,43176,42421,41163
39149,"Shelby County, Ohio",48230,49423,47910,44915,43089,37748,33586,28488,26071,24924,25923,24663,24625
39153,"Summit County, Ohio",540428,541781,542899,514990,524472,553371,513569,410032,339405,344131,286065,108253,71715
39155,"Trumbull County, Ohio",201977,210312,225116,227813,241863,232579,208526,158915,132315,123063,83920,52766,46591
39159,"Union County, Ohio",62784,52300,40909,31969,29536,23786,22853,20687,20012,19192,20918,21871,22342
39161,"Van Wert County, Ohio",28931,28744,29659,30464,30458,29194,28840,26971,26759,26273,28210,29119,30394
39165,"Warren County, Ohio",242337,212693,158383,113909,99276,84925,65711,38505,29894,27348,25716,24497,25584
39167,"Washington County, Ohio",59771,61778,63251,62254,64266,57160,51689,44407,43537,42437,43049,45422,48245
39169,"Wayne County, Ohio",116894,114520,111564,101461,97408,87123,75497,58716,50520,47024,41346,38058,37870
39171,"Williams County, Ohio",37102,37642,39188,36956,36369,33669,29968,26202,25510,24316,24627,25198,24953
39173,"Wood County, Ohio",132248,125488,121065,113269,107372,89722,72596,59605,51796,50320,44892,46330,51555
39175,"Wyandot County, Ohio",21900,22615,22908,22254,22651,21826,21648,19785,19218,19036,19481,20760,21125
40001,"Adair County, Oklahoma",19495,22683,21038,18421,18575,15141,13112,14918,15755,14756,13703,10535,0
40003,"Alfalfa County, Oklahoma",5699,5642,6105,6416,7077,7224,8445,10699,14129,15228,16253,18138,0
40005,"Atoka County, Oklahoma",14143,14182,13879,12778,12748,10972,10352,14269,18702,14533,20862,13808,0
40007,"Beaver County, Oklahoma",5049,5636,5857,6023,6806,6282,6965,7411,8648,11452,14048,13631,3051
40009,"Beckham County, Oklahoma",22410,22119,19799,18812,19243,15754,17782,21627,22169,28991,18989,19699,0
40011,"Blaine County, Oklahoma",8735,11943,11976,11470,13443,11794,12077,15049,18543,20452,15875,17960,10658
40013,"Bryan County, Oklahoma",46067,42416,36534,32089,30535,25552,24252,28999,38138,32277,40700,29854,0
40015,"Caddo County, Oklahoma",26945,29600,30150,29550,30905,28931,28621,34913,41567,50779,34207,35685,0
40017,"Canadian County, Oklahoma",154405,115541,87697,74409,56452,32245,24727,25644,27329,28115,22288,23501,15981
40019,"Carter County, Oklahoma",48003,47557,45621,42919,43610,37349,39044,36455,43292,41419,40247,25358,0
40021,"Cherokee County, Oklahoma",47078,46987,42521,34049,30684,23174,17762,18989,21030,17470,19872,16778,0
40023,"Choctaw County, Oklahoma",14204,15205,15342,15302,17203,15141,15637,20405,28358,24142,32144,21862,0
40025,"Cimarron County, Oklahoma",2296,2475,3148,3301,3648,4145,4496,4589,3654,5408,3436,4553,0
40027,"Cleveland County, Oklahoma",295528,255755,208016,174253,133173,81839,47600,41443,27728,24948,19389,18843,16388
40029,"Coal County, Oklahoma",5266,5925,6031,5780,6041,5525,5546,8056,12811,11521,18406,15817,0
40031,"Comanche County, Oklahoma",121125,124098,114996,111486,112456,108144,90803,55165,38988,34317,26629,41489,0
40035,"Craig County, Oklahoma",14107,15029,14950,14104,15014,14722,16303,18263,21083,18052,19160,17404,0
40037,"Creek County, Oklahoma",71754,69967,67367,60915,59016,45532,40495,43143,55503,64115,62480,26223,0
40041,"Delaware County, Oklahoma",40397,41487,37077,28070,23946,17767,13198,14734,18592,15370,13868,11469,0
40043,"Dewey County, Oklahoma",4484,4810,4743,5551,5922,5656,6051,8789,11981,13250,12434,14132,8819
40047,"Garfield County, Oklahoma",62846,60580,57813,56735,62820,55365,52975,52820,45484,45588,37500,33050,22076
40049,"Garvin County, Oklahoma",25656,27576,27210,26605,27856,24874,28290,29500,31150,31401,32445,26545,0
40053,"Grant County, Oklahoma",4169,4527,5144,5689,6518,7117,8140,10461,13128,14150,16072,18760,17273
40055,"Greer County, Oklahoma",5491,6239,6061,6559,7028,7979,8877,11749,14550,20282,15836,16449,17922
40059,"Harper County, Oklahoma",3272,3685,3562,4063,4715,5151,5956,5977,6454,7761,7623,8189,0
40061,"Haskell County, Oklahoma",11561,12769,11792,10940,11010,9578,9121,13313,17324,16216,19397,18875,0
40065,"Jackson County, Oklahoma",24785,26446,28439,28764,30356,30902,29736,20082,22708,28910,22141,23737,0
40067,"Jefferson County, Oklahoma",5337,6472,6818,7010,8183,7125,8192,11122,15107,17392,17664,17430,0
40071,"Kay County, Oklahoma",43700,46562,48080,48056,49852,48791,51042,48892,47084,50186,34907,26999,22530
40073,"Kingfisher County, Oklahoma",15184,15034,13926,13212,14187,12857,10635,12860,15617,15960,15671,18825,18501
40077,"Latimer County, Oklahoma",9444,11154,10692,10333,9840,8601,7738,9690,12380,11184,13866,11321,0
40079,"Le Flore County, Oklahoma",48129,50384,48109,43270,40698,32137,29106,35276,45866,42896,42765,29127,0
40083,"Logan County, Oklahoma",49555,41848,33924,29011,26881,19645,18662,22170,25245,27761,27550,31740,26563
40085,"Love County, Oklahoma",10146,9423,8831,8157,7469,5637,5862,7721,11433,9639,12433,10236,0
40089,"McCurtain County, Oklahoma",30814,33151,34402,33433,36151,28642,25851,31588,41318,34759,37905,20681,0
40091,"McIntosh County, Oklahoma",18941,20252,19456,16779,15562,12472,12371,17829,24097,24924,26404,20961,0
40095,"Marshall County, Oklahoma",15312,15840,13184,10829,10550,7682,7263,8177,12384,11026,14674,11619,0
40097,"Mayes County, Oklahoma",39046,41259,38369,33366,32261,23302,20073,19743,21668,17883,16829,13596,0
40101,"Muskogee County, Oklahoma",66339,70990,69451,68078,66939,59542,61866,65573,65914,66424,61710,52743,0
40103,"Noble County, Oklahoma",10924,11561,11411,11045,11573,10043,10376,12156,14826,15139,13560,14945,11798
30023,"Deer Lodge County, Montana",9421,9298,9417,10278,12518,15652,18640,16553,13627,16293,15323,12988,17393
30029,"Flathead County, Montana",104357,90928,74471,59218,51966,39460,32965,31495,24271,19200,21705,18785,9375
30035,"Glacier County, Montana",13778,13399,13247,12121,10628,10783,11565,9645,9034,5297,4178,0,0
30039,"Granite County, Montana",3309,3079,2830,2548,2700,2737,3014,2773,3401,3013,4167,2942,4328
30045,"Judith Basin County, Montana",2023,2072,2329,2282,2646,2667,3085,3200,3655,5238,0,0,0
30051,"Liberty County, Montana",1959,2339,2158,2295,2329,2359,2624,2180,2209,2198,2416,0,0
30057,"Madison County, Montana",8623,7691,6851,5989,5448,5014,5211,5998,7294,6323,7495,7229,7695
30063,"Missoula County, Montana",117922,109299,95802,78687,76016,58263,44663,35493,29038,21782,24041,23596,13964
30067,"Park County, Montana",17191,15636,15694,14562,12869,11197,13168,11999,11566,10922,11330,10731,7341
30073,"Pondera County, Montana",5898,6153,6424,6433,6731,6611,7653,6392,6716,6964,5741,0,0
13009,"Baldwin County, Georgia",43799,45720,44700,39530,34686,34240,34064,29706,24190,22878,19791,18354,17768
13015,"Bartow County, Georgia",108901,100157,76019,55911,40760,32663,28267,27370,25283,25364,24527,25388,20823
13019,"Berrien County, Georgia",18160,19286,16235,14153,13525,11556,12038,13966,15370,14646,15573,22772,19440
13025,"Brantley County, Georgia",18021,18411,14629,11077,8701,5940,5891,6387,6871,6895,0,0,0
13031,"Bulloch County, Georgia",81099,70217,55983,43125,35785,31585,24263,24740,26010,26509,26133,26464,21377
13037,"Calhoun County, Georgia",5573,6694,6320,5013,5717,6606,7341,8578,10438,10576,10225,11334,9274
13043,"Candler County, Georgia",10981,10998,9577,7744,7518,6412,6672,8063,9103,8991,9228,0,0
13049,"Charlton County, Georgia",12518,12171,10282,8496,7343,5680,5313,4821,5256,4381,4536,4722,3592
13055,"Chattooga County, Georgia",24965,26015,25470,22242,21856,20541,19954,21197,18532,15407,14312,13608,12952
13061,"Clay County, Georgia",2848,3183,3357,3364,3553,3636,4551,5844,7064,6943,7557,8960,8568
13065,"Clinch County, Georgia",6749,6798,6878,6160,6660,6405,6545,6007,6437,7015,7984,8424,8732
13071,"Colquitt County, Georgia",45898,45498,42053,36645,35376,32200,34048,33999,33012,30622,29332,19789,13636
13077,"Coweta County, Georgia",146158,127317,89215,53853,39268,32310,28893,27786,26972,25127,29047,28800,24980
13083,"Dade County, Georgia",16251,16633,15154,13147,12318,9910,8666,7364,5894,4146,3918,4139,4578
13087,"Decatur County, Georgia",29367,27842,28240,25511,25495,22310,25203,23620,22234,23622,31785,29045,29454
13093,"Dooly County, Georgia",11208,14918,11525,9901,10826,10404,11474,14159,16886,18025,20522,20554,26567
13099,"Early County, Georgia",10854,11008,12354,11854,13158,12682,13151,17413,18679,18273,18983,18122,14828
13103,"Effingham County, Georgia",64769,52250,37535,25687,18327,13632,10144,9133,9646,10164,9985,9971,8334
13109,"Evans County, Georgia",10774,11000,10495,8724,8428,7290,6952,6653,7401,7102,6594,0,0
13115,"Floyd County, Georgia",98584,96317,90565,81251,79800,73742,69130,62899,56141,48667,39841,36736,33113
13119,"Franklin County, Georgia",23424,22084,20285,16650,15185,12784,13274,14446,15612,15902,19957,17894,17700
13125,"Glascock County, Georgia",2884,3082,2556,2357,2382,2280,2672,3579,4547,4388,4192,4669,4516
13131,"Grady County, Georgia",26236,25011,23659,20279,19845,17826,18015,18928,19654,19200,20306,18457,0
13137,"Habersham County, Georgia",46031,43041,35902,27621,25020,20691,18116,16553,14771,12748,10730,10134,13604
13141,"Hancock County, Georgia",8735,9429,10076,8908,9466,9019,9979,11052,12764,13070,18357,19189,18277
13185,"Lowndes County, Georgia",118251,109233,92115,75981,67972,55112,49270,35211,31860,29994,26521,24436,20036
13189,"McDuffie County, Georgia",21632,21875,21231,20119,18546,15276,12627,11443,10878,9014,11509,10325,9804
13195,"Madison County, Georgia",30120,28120,25730,21050,17747,13517,11246,12238,13431,14921,18803,16851,13224
13201,"Miller County, Georgia",6000,6125,6383,6280,7038,6397,6908,9023,9998,9076,9565,7986,6319
13207,"Monroe County, Georgia",27957,26424,21757,17113,14610,10991,10495,10523,10749,11606,20138,20450,20682
13213,"Murray County, Georgia",39973,39628,36506,26147,19685,12986,10447,10676,11137,9215,9490,9763,8623
13219,"Oconee County, Georgia",41799,32808,26225,17618,12427,7915,6304,7009,7576,8082,11067,11104,8602
13225,"Peach County, Georgia",27981,27695,23668,21189,19151,15990,13846,11705,10378,10268,0,0,0
13229,"Pierce County, Georgia",19716,18758,15636,13328,11897,9281,9678,11112,11800,12522,11934,10749,8100
13235,"Pulaski County, Georgia",9855,12010,9588,8108,8950,8066,8204,8808,9829,9005,11587,22835,18489
13241,"Rabun County, Georgia",16883,16276,15050,11648,10466,8327,7456,7424,7821,6331,5746,5562,6285
13245,"Richmond County, Georgia",206607,200549,199775,189719,181629,162437,135601,108876,81863,72990,63692,58886,53735
13251,"Screven County, Georgia",14067,14593,15374,13842,14043,12591,14919,18000,20353,20503,23552,20202,19252
13257,"Stephens County, Georgia",26784,26175,25435,23257,21763,20331,18391,16647,12972,11740,11215,9728,0
13263,"Talbot County, Georgia",5733,6865,6498,6524,6536,6625,7127,7687,8141,8458,11158,11696,12197
13267,"Tattnall County, Georgia",22842,25520,22305,17722,18134,16557,15837,15939,16243,15411,14502,18569,20419
13273,"Terrell County, Georgia",9185,9315,10970,10653,12017,11416,12742,14314,16675,18290,19601,22003,19023
13279,"Toombs County, Georgia",27030,27223,26067,24072,22592,19151,16837,17382,16952,17165,13897,11206,0
13285,"Troup County, Georgia",69426,67044,58779,55536,50003,44466,47189,49841,43879,36752,36097,26228,24002
13289,"Twiggs County, Georgia",8022,9023,10590,9806,9354,8222,7935,8308,9117,8372,10407,10736,8716
13295,"Walker County, Georgia",67654,68756,61053,58340,56470,50691,45264,38198,31024,26206,23370,18692,15661
13301,"Warren County, Georgia",5215,5834,6336,6078,6583,6669,7360,8779,10236,11181,11828,11860,11463
13305,"Wayne County, Georgia",30144,30099,26565,22356,20750,17858,17921,14248,13122,12647,14381,13069,9449
13311,"White County, Georgia",28003,27144,19944,13006,10120,7742,6935,5951,6417,6056,6105,5110,5912
13317,"Wilkes County, Georgia",9565,10593,10687,10597,10951,10184,10961,12388,15084,15944,24210,23441,20866
48203,"Harrison County, Texas",68839,65631,62110,57483,52265,44841,45594,47745,50900,48937,43565,37243,31878
48209,"Hays County, Texas",241067,157107,97589,65614,40594,27642,19934,17840,15349,14915,15920,15518,14142
48215,"Hidalgo County, Texas",870781,774769,569463,383545,283229,181535,180904,160446,106059,77004,38110,13728,6837
48221,"Hood County, Texas",61598,51182,41100,28981,17714,6368,5443,5287,6674,6779,8759,10008,9146
48227,"Howard County, Texas",34860,35012,33627,32343,33142,37796,40139,26722,20990,22888,6962,8881,2528
48233,"Hutchinson County, Texas",20617,22150,23857,25689,26304,24443,34419,31580,19069,14848,721,892,303
48239,"Jackson County, Texas",14988,14075,14391,13039,13352,12975,14040,12916,11720,10980,11244,6471,6094
48245,"Jefferson County, Texas",256526,252273,252051,239397,250938,244773,245659,195083,145329,133391,73120,38182,14239
48251,"Johnson County, Texas",179927,150934,126811,97165,67649,45769,34720,31390,30384,33317,37286,34460,33819
48301,"Loving County, Texas",64,82,67,107,91,164,226,227,285,195,82,249,33
48305,"Lynn County, Texas",5596,5915,6550,6758,8605,9107,10914,11030,11931,12372,4751,1713,17
48311,"McMullen County, Texas",600,707,851,817,789,1095,1116,1187,1374,1351,952,1091,1024
48317,"Martin County, Texas",5237,4799,4746,4956,4684,4774,5068,5541,5556,5785,1146,1549,332
48323,"Maverick County, Texas",57887,54258,47297,36378,31398,18093,14508,12292,10071,6120,7418,5151,4066
48329,"Midland County, Texas",169983,136872,116009,106611,82636,65433,67717,25785,11721,8005,2449,3464,1741
48335,"Mitchell County, Texas",8990,9403,9698,8016,9088,9073,11255,14357,12477,14183,7527,8956,2855
48341,"Moore County, Texas",21358,21904,20121,17865,16575,14060,14773,13349,4461,1555,571,561,209
48347,"Nacogdoches County, Texas",64653,64524,59203,54753,46786,36362,28046,30326,35392,30290,28457,27406,24663
48353,"Nolan County, Texas",14738,15216,15802,16594,17359,16220,18963,19808,17309,19323,10868,11999,2611
48359,"Oldham County, Texas",1758,2052,2185,2278,2283,2258,1928,1672,1385,1404,709,812,349
48365,"Panola County, Texas",22491,23796,22756,22035,20724,15894,16870,19250,22513,24063,21755,20424,21404
48371,"Pecos County, Texas",15193,15507,16809,14675,14618,13748,11957,9939,8185,7812,3857,2071,2360
48377,"Presidio County, Texas",6131,7818,7304,6637,5188,4842,5460,7354,10925,10154,12202,5218,3673
48383,"Reagan County, Texas",3385,3367,3326,4514,4135,3239,3782,3127,1997,3028,377,392,0
48389,"Reeves County, Texas",14748,13783,13137,15852,15801,16526,17644,11745,8006,6407,4457,4392,1847
48395,"Robertson County, Texas",16757,16622,16000,15511,14653,14389,16157,19908,25710,27240,27933,27454,31480
48401,"Rusk County, Texas",52214,53330,47372,43735,41382,34102,36421,42348,51023,32484,31689,26946,26099
48407,"San Jacinto County, Texas",27402,26384,22246,16372,11434,6702,6153,7172,9056,9711,9867,9542,10277
48413,"Schleicher County, Texas",2451,3461,2935,2990,2820,2277,2791,2852,3083,3166,1851,1893,515
48419,"Shelby County, Texas",24022,25448,25224,22034,23084,19672,20479,23479,29235,28627,27464,26423,20452
48465,"Val Verde County, Texas",47586,48879,44856,38721,35910,27471,24461,16635,15453,14924,12706,8613,5263
48471,"Walker County, Texas",76400,67861,61758,50917,41789,27680,21475,20163,19868,18528,18556,16061,15813
48477,"Washington County, Texas",35805,33718,30373,26154,21998,18842,19145,20542,25387,25394,26624,25561,32931
48483,"Wheeler County, Texas",4990,5410,5284,5879,7137,6434,7947,10317,12411,15555,7397,5258,636
48489,"Willacy County, Texas",20164,22134,20082,17705,17495,15570,20084,20920,13230,10499,0,0,0
48495,"Winkler County, Texas",7791,7110,7173,8626,9944,9640,13652,10064,6141,6784,81,442,60
48501,"Yoakum County, Texas",7694,7879,7322,8786,8299,7344,8032,4339,5354,1263,504,602,26
48507,"Zavala County, Texas",9670,11677,11600,12162,11666,11370,12696,11201,11603,10349,3108,1889,792
28065,"Jefferson Davis County, Mississippi",11321,12487,13962,14051,13846,12936,13540,15500,15869,14281,12755,12860,0
28067,"Jones County, Mississippi",67246,67761,64958,62031,61912,56357,59542,57235,49227,41492,32919,29885,17846
28071,"Lafayette County, Mississippi",55813,47351,38744,31826,31030,24181,21355,22798,21257,19978,19243,21883,22110
28075,"Lauderdale County, Mississippi",72984,80261,78161,75555,77285,67087,67119,64171,58247,52748,45897,46919,38150
28077,"Lawrence County, Mississippi",12016,12929,13258,12458,12518,11137,10215,12639,13983,12471,12663,13080,15103
28081,"Lee County, Mississippi",83343,82910,75755,65581,57061,46148,40589,38237,38838,35313,29618,28894,21956
28083,"Leflore County, Mississippi",28339,32317,37947,37341,41525,42111,47142,51813,53406,53506,37256,36290,23834
28087,"Lowndes County, Mississippi",58879,59779,61586,59308,57304,49700,46639,37852,35245,29987,27632,30703,29095
28089,"Madison County, Mississippi",109145,95203,74674,53794,41613,29737,32904,33860,37504,35796,29292,33505,32493
28093,"Marshall County, Mississippi",33752,37144,34993,30361,29296,24027,24503,25106,25522,24869,26105,26796,27674
28095,"Monroe County, Mississippi",34180,36989,38014,36582,36404,34043,33953,36543,37648,36141,32613,35178,31216
28099,"Neshoba County, Mississippi",29087,29676,28684,24800,23789,20802,20927,25730,27882,26691,19303,17980,12726
28103,"Noxubee County, Mississippi",10285,11545,12548,12604,13212,14288,16826,20022,25669,25560,23710,28503,30846
28105,"Oktibbeha County, Mississippi",51788,47671,42902,38375,36018,28752,26175,24569,22151,19119,16872,19676,20183
28109,"Pearl River County, Mississippi",56145,55834,48621,38714,33795,27802,22411,20641,19125,19405,15468,10593,6697
28111,"Perry County, Mississippi",11511,12250,12138,10865,9864,9065,8745,9108,9292,8197,8987,7685,14682
28115,"Pontotoc County, Mississippi",31184,29957,26726,22237,20918,17363,17232,19994,22904,22034,19962,19688,18274
28117,"Prentiss County, Mississippi",25008,25276,25556,23278,24025,20133,17949,19810,20921,19265,17606,16931,15788
28121,"Rankin County, Mississippi",157031,141617,115327,87161,69427,43933,34322,28881,27934,20353,20272,23944,20955
28123,"Scott County, Mississippi",27990,28264,28423,24137,24556,21369,21187,21681,23144,20914,16420,16723,14316
28127,"Simpson County, Mississippi",25949,27503,27639,23953,23441,19947,20454,21819,22024,20897,18109,17201,12800
28131,"Stone County, Mississippi",18333,17786,13622,10750,9716,8101,7013,6264,6155,5704,6528,0,0
28133,"Sunflower County, Mississippi",25971,29450,34369,32867,34844,37047,45750,56031,61007,66364,46374,28787,16084
28137,"Tate County, Mississippi",28064,28886,25370,21432,20119,18544,18138,18011,19309,17671,19636,19714,20618
28139,"Tippah County, Mississippi",21815,22232,20826,19523,18739,15852,15093,17522,19680,18658,15419,14631,12983
28143,"Tunica County, Mississippi",9782,10778,9227,8164,9652,11854,16826,21664,22610,21233,20386,18646,16479
28145,"Union County, Mississippi",27777,27134,25362,22085,21741,19096,18904,20262,21867,21268,20044,18997,16522
28149,"Warren County, Mississippi",44722,48773,49644,47880,51627,44981,42206,39616,39595,35785,33362,37488,40912
28151,"Washington County, Mississippi",44922,51137,62977,67935,72344,70581,78638,70504,67576,54310,51092,48933,49216
28155,"Webster County, Mississippi",9926,10253,10294,10222,10300,10047,10580,11607,14160,12128,12644,14853,13619
28157,"Wilkinson County, Mississippi",8587,9878,10312,9678,10021,11099,13235,14116,15955,13957,15319,18075,21453
28161,"Yalobusha County, Mississippi",12481,12678,13051,12033,13139,11915,12502,15191,18387,17750,18738,21519,19742
28163,"Yazoo County, Mississippi",26743,28065,28149,25506,27349,27304,31653,35712,40091,37262,37149,46672,43948
35003,"Catron County, New Mexico",3579,3725,3543,2563,2720,2198,2773,3533,4881,3282,0,0,0
35005,"Chaves County, New Mexico",65157,65645,61382,57849,51103,43335,57649,40605,23980,19549,12075,16850,4773
35006,"Cibola County, New Mexico",27172,27213,25595,23794,0,0,0,0,0,0,0,0,0
35007,"Colfax County, New Mexico",12387,13750,14189,12925,13667,12170,13806,16761,18718,19157,21550,16460,10150
35009,"Curry County, New Mexico",48430,48376,45044,42207,42019,39517,32691,23351,18159,15809,11236,11443,0
35011,"De Baca County, New Mexico",1698,2022,2240,2252,2454,2547,2991,3464,3725,2893,3196,0,0
35013,"DoÃ±a Ana County, New Mexico",219561,209233,174682,135510,96340,69773,59948,39557,30411,27455,16548,12893,10187
35015,"Eddy County, New Mexico",62314,53829,51658,48605,47855,41119,50783,40640,24311,15842,9116,12400,3229
35017,"Grant County, New Mexico",28185,29514,31002,27676,26204,22030,18700,21649,20050,19050,21939,14813,12883
35019,"Guadalupe County, New Mexico",4452,4687,4680,4156,4496,4969,5610,6772,8646,7027,8015,10927,5429
35021,"Harding County, New Mexico",657,695,810,987,1090,1348,1874,3013,4374,4421,0,0,0
35023,"Hidalgo County, New Mexico",4178,4894,5932,5958,6049,4734,4961,5095,4821,5023,4338,0,0
35025,"Lea County, New Mexico",74455,64727,55511,55765,55993,49554,53429,30717,21154,6144,3545,0,0
35027,"Lincoln County, New Mexico",20269,20497,19411,12219,10997,7560,7744,7409,8557,7198,7823,7822,4953
35028,"Los Alamos County, New Mexico",19419,17950,18343,18115,17599,15198,13037,10476,0,0,0,0,0
35029,"Luna County, New Mexico",25427,25095,25016,18110,15585,11706,9839,8753,6457,6247,12270,3913,0
35031,"McKinley County, New Mexico",72902,71492,74798,60686,56449,43208,37209,27451,23641,20643,13731,12963,0
35033,"Mora County, New Mexico",4189,4881,5180,4264,4205,4673,6028,8720,10981,10322,13915,12611,10304
35035,"Otero County, New Mexico",67839,63797,62298,51928,44665,41097,36976,14909,10522,9779,7902,7069,4791
35037,"Quay County, New Mexico",8746,9041,10155,10823,10577,10903,12279,13971,12111,10828,10444,14912,0
35039,"Rio Arriba County, New Mexico",40363,40246,41190,34365,29282,25170,24193,24997,25352,21381,19552,16624,13777
35043,"Sandoval County, New Mexico",148834,131561,89908,63319,34799,17492,14201,12438,13898,11144,8863,8579,0
35045,"San Juan County, New Mexico",121661,130044,113801,91605,81433,52517,53306,18292,17115,14701,8333,8504,4828
35049,"Santa Fe County, New Mexico",154823,144170,129292,98928,75360,53756,44970,38153,30826,19567,15030,14770,14658
35053,"Socorro County, New Mexico",16595,17866,18078,14764,12566,9763,10168,9670,11422,9611,14061,14761,12195
40107,"Okfuskee County, Oklahoma",11310,12191,11814,11551,11125,10683,11706,16948,26279,29016,25051,19995,0
40111,"Okmulgee County, Oklahoma",36706,40069,39685,36490,39169,35358,36945,44561,50101,56558,55072,21115,0
40113,"Osage County, Oklahoma",45818,47472,44437,41645,39327,29750,32441,33071,41502,47334,36536,20101,0
40117,"Pawnee County, Oklahoma",15553,16577,16612,15575,15310,11338,10884,13616,17395,19882,19126,17332,12366
40119,"Payne County, Oklahoma",81646,77350,68190,61507,62435,50654,44231,46430,36057,36905,30180,23735,20909
40123,"Pontotoc County, Oklahoma",38065,37492,35143,34119,32598,27867,28089,30875,39792,32469,30949,24331,0
40125,"Pottawatomie County, Oklahoma",72454,69442,65521,58760,55239,43134,41486,43517,54377,66572,46028,43595,26412
40129,"Roger Mills County, Oklahoma",3442,3647,3436,4147,4799,4452,5090,7395,10736,14164,10638,12861,6190
40131,"Rogers County, Oklahoma",95240,86905,70641,55170,46436,28425,20614,19532,21078,18956,17605,17736,0
40135,"Sequoyah County, Oklahoma",39281,42391,38972,33828,30749,23370,18001,19773,23138,19505,26786,25005,0
40137,"Stephens County, Oklahoma",42848,45048,43182,42299,43419,35902,37990,34071,31090,33069,24692,22252,0
40141,"Tillman County, Oklahoma",6968,7992,9287,10384,12398,12901,14654,17598,20754,24390,22433,18650,0
40143,"Tulsa County, Oklahoma",669279,603403,563299,503341,470593,401663,346038,251686,193363,187574,109023,34995,0
40147,"Washington County, Oklahoma",52455,50976,48996,48066,48113,42277,42347,32880,30559,27777,27002,17484,0
40149,"Washita County, Oklahoma",10924,11629,11508,11441,13798,12141,18121,17657,22279,29435,22237,25034,15001
40153,"Woodward County, Oklahoma",20470,20081,18486,18976,21172,15537,13902,14383,16270,15844,14663,16592,7469
41001,"Baker County, Oregon",16668,16134,16741,15317,16134,14919,17295,16175,18297,16754,17929,18076,15597
41005,"Clackamas County, Oregon",421401,375992,338391,278850,241919,166088,113038,86716,57130,46205,37698,29931,19658
41007,"Clatsop County, Oregon",41072,37039,35630,33301,32489,28473,27380,30776,24697,21124,23030,16106,12765
41009,"Columbia County, Oregon",52589,49351,43560,37557,35646,28790,22379,22967,20971,20047,13960,10580,6237
41011,"Coos County, Oregon",64929,63043,62779,60273,64047,56515,54955,42265,32466,28373,22257,17959,10324
41013,"Crook County, Oregon",24738,20978,19182,14111,13091,9985,9430,8991,5533,3336,3424,9315,3964
41015,"Curry County, Oregon",23446,22364,21137,19327,16992,13006,13983,6048,4301,3257,3025,2044,1868
41017,"Deschutes County, Oregon",198253,157733,115367,74958,62142,30442,23100,21812,18631,14749,9622,0,0
41019,"Douglas County, Oregon",111201,107667,100399,94649,93748,71743,68458,54549,25728,21965,21332,19674,14565
41021,"Gilliam County, Oregon",1995,1871,1915,1717,2057,2342,3069,2817,2844,3467,3960,3701,3201
41023,"Grant County, Oregon",7233,7445,7935,7853,8210,6996,7726,8329,6380,5940,5496,5607,5948
41025,"Harney County, Oregon",7495,7422,7609,7060,8314,7215,6744,6113,5374,5920,3992,4059,2598
41027,"Hood River County, Oregon",23977,22346,20411,16903,15835,13187,13395,12740,11580,8938,8315,8016,0
41029,"Jackson County, Oregon",223259,203206,181269,146389,132456,94533,73962,58510,36213,32918,20405,25756,13698
41031,"Jefferson County, Oregon",24502,21720,19009,13676,11599,8548,7130,5536,2042,2291,3211,0,0
41033,"Josephine County, Oregon",88090,82713,75726,62649,58855,35746,29917,26542,16301,11498,7655,9567,7517
41035,"Klamath County, Oregon",69413,66380,63775,57702,59117,50021,47475,42150,40497,32407,11413,8554,3970
41037,"Lake County, Oregon",8160,7895,7422,7186,7532,6343,7158,6649,6293,4833,3991,4658,2847
41039,"Lane County, Oregon",382971,351715,322959,282912,275226,213358,162890,125776,69096,54493,36166,33783,19604
41041,"Lincoln County, Oregon",50395,46034,44479,38889,35264,25755,24635,21308,14549,9903,6084,5587,3575
41043,"Linn County, Oregon",128610,116672,103069,91227,89495,71914,58867,54317,30485,24700,24550,22662,18603
41045,"Malheur County, Oregon",31571,31313,31615,26038,26896,23169,22764,23223,19767,11269,10907,8601,4203
41047,"Marion County, Oregon",345920,315335,284834,228483,204692,151309,120888,101401,75246,60541,47187,39780,27713
41051,"Multnomah County, Oregon",815428,735334,660486,583887,562640,556667,522813,471537,355099,338241,275898,226261,103167
41055,"Sherman County, Oregon",1870,1765,1934,1918,2172,2139,2446,2271,2321,2978,3826,4242,3477
41057,"Tillamook County, Oregon",27390,25250,24262,21570,21164,17930,18955,18606,12263,11824,8810,6266,4471
41061,"Union County, Oregon",26196,25748,24530,23598,23921,19377,18180,17962,17399,17492,16636,16191,16070
41063,"Wallowa County, Oregon",7391,7008,7226,6911,7273,6247,7102,7264,7623,7814,9778,8364,5538
41067,"Washington County, Oregon",600372,529710,445342,311554,245808,157920,92237,61269,39194,30275,26376,21522,14467
41069,"Wheeler County, Oregon",1451,1441,1547,1396,1513,1849,2722,3313,2974,2799,2791,2484,2443
44001,"Bristol County, Rhode Island",50793,49875,50648,48859,46942,45937,37146,29079,25548,25089,23113,17602,13144
44003,"Kent County, Rhode Island",170363,166158,167090,161135,154163,142382,112619,77763,58311,51390,38269,36378,29976
44007,"Providence County, Rhode Island",660741,626667,621602,596270,571349,580261,568778,574973,550298,540016,475190,424353,328683
44009,"Washington County, Rhode Island",129839,126979,123546,110006,93317,83586,59054,48542,32493,29334,24932,24942,24154
42003,"Allegheny County, Pennsylvania",1250578,1223348,1281666,1336449,1450085,1605016,1628587,1515237,1411539,1374410,1185808,1018463,775058
42005,"Armstrong County, Pennsylvania",65558,68941,72392,73478,77768,75590,79524,80842,81087,79298,75568,67880,52551
42009,"Bedford County, Pennsylvania",47577,49762,49984,47919,46784,42353,42451,40775,40809,37309,38277,38879,39468
42011,"Berks County, Pennsylvania",428849,411442,373638,336523,312509,296382,275414,255740,241884,231717,200854,183222,159615
42015,"Bradford County, Pennsylvania",59967,62622,62761,60967,62919,57962,54925,51722,50615,49039,53166,54526,59403
42017,"Bucks County, Pennsylvania",646538,625249,597635,541174,479211,415056,308567,144620,107715,96727,82476,76530,71190
42021,"Cambria County, Pennsylvania",133472,143679,152598,163029,183263,186785,203283,209541,213459,203146,197839,166131,104837
42023,"Cameron County, Pennsylvania",4547,5085,5974,5913,6674,7096,7586,7023,6852,5307,6297,7644,7048
42027,"Centre County, Pennsylvania",158172,153990,135758,123786,112760,99267,78580,65922,52608,46294,44304,43424,42894
13321,"Worth County, Georgia",20784,21679,21967,19745,18064,14770,16682,19357,21374,21094,23863,19147,18664
16035,"Clearwater County, Idaho",8734,8761,8930,8505,10390,10871,8548,8217,8243,6599,4993,0,0
16039,"Elmore County, Idaho",28666,27038,29130,21205,21565,17479,16719,6687,5518,4491,5087,4785,2286
16045,"Gem County, Idaho",19123,16719,15181,11844,11972,9387,9127,8730,9544,7419,6427,0,0
16051,"Jefferson County, Idaho",30891,26140,19155,16543,15304,11619,11672,10495,10762,9171,9441,0,0
16055,"Kootenai County, Idaho",171362,138494,108685,69795,59770,35332,29556,24947,22283,19469,17878,22747,10216
16061,"Lewis County, Idaho",3533,3821,3747,3516,4118,3867,4423,4208,4666,5238,5851,0,0
16067,"Minidoka County, Idaho",21613,20069,20174,19361,19718,15731,14394,9785,9870,8403,9035,0,0
16071,"Oneida County, Idaho",4564,4286,4125,3492,3258,2864,3603,4387,5417,5870,6723,15170,8933
16077,"Power County, Idaho",7878,7817,7538,7086,6844,4864,4111,3988,3965,4457,5105,0,0
16083,"Twin Falls County, Idaho",90046,77230,64284,53580,52927,41807,41842,40979,36403,29828,28398,13543,0
17001,"Adams County, Illinois",65737,67103,68277,66090,71622,70861,68467,64690,65229,62784,62188,64588,67058
17005,"Bond County, Illinois",16725,17768,17633,14991,16224,14012,14060,14157,14540,14406,16045,17075,16078
17011,"Bureau County, Illinois",33244,34978,35503,35688,39114,38541,37594,37711,37600,38845,42648,43975,41112
17017,"Cass County, Illinois",13042,13642,13695,13437,15084,14219,14539,15097,16425,16537,17896,17372,17222
17021,"Christian County, Illinois",34032,34800,35372,34418,36446,35948,37207,38816,38564,37538,38458,34594,32790
17027,"Clinton County, Illinois",36899,37762,35535,33944,32617,28315,24029,22594,22912,21369,22947,22832,19824
17033,"Crawford County, Illinois",18679,19817,20452,19464,20818,19824,20751,21137,21294,21085,22771,26281,19240
17039,"De Witt County, Illinois",15516,16561,16798,16516,18108,16975,17253,16894,18244,18598,19252,18906,18972
17043,"DuPage County, Illinois",932877,916924,904161,781666,658835,491882,313459,154599,103480,91998,42120,33432,28196
17049,"Effingham County, Illinois",34668,34242,34264,31704,30944,24608,23107,21675,22034,19013,19556,20055,20465
17055,"Franklin County, Illinois",37804,39561,39018,40319,43201,38329,39281,48685,53137,59442,57293,25943,19675
17061,"Greene County, Illinois",11985,13886,14761,15317,16661,17014,17460,18852,20292,20417,22883,22363,23402
17065,"Hamilton County, Illinois",7993,8457,8621,8499,9172,8665,10010,12256,13454,12995,15920,18227,20197
17071,"Henderson County, Illinois",6387,7331,8213,8096,9114,8451,8237,8416,8949,8778,9770,9724,10836
17077,"Jackson County, Illinois",52974,60218,59612,61067,61522,55008,42151,38124,37920,35680,37091,35143,33871
17121,"Marion County, Illinois",37729,39437,41691,41561,43523,38986,39349,41700,47989,35635,37497,35094,30446
17127,"Massac County, Illinois",14169,15429,15161,14752,14990,13889,14341,13594,14937,14081,13559,14200,13110
17133,"Monroe County, Illinois",34962,32957,27619,22422,20117,18831,15507,13282,12754,12369,12839,13508,13847
17139,"Moultrie County, Illinois",14526,14846,14287,13930,14546,13263,13635,13171,13477,13247,14839,14630,15224
17143,"Peoria County, Illinois",181830,186494,183433,182827,200466,195318,189044,174347,153374,141344,111710,100255,88608
17149,"Pike County, Illinois",14739,16430,17384,17577,18896,19185,20552,22155,25340,24357,26866,28622,31595
17155,"Putnam County, Illinois",5637,6006,6086,5730,6085,5007,4570,4746,5289,5235,7579,7561,4746
17161,"Rock Island County, Illinois",144672,147546,149374,148723,165968,166734,150991,133558,113323,98191,92297,70404,55249
17165,"Saline County, Illinois",23768,24913,26733,26551,28448,25721,26227,33420,38066,37100,38353,30204,21685
17171,"Scott County, Illinois",4949,5355,5537,5644,6142,6096,6377,7245,8176,8539,9489,10067,10455
17177,"Stephenson County, Illinois",44630,47711,48979,48052,49536,48861,46207,41595,40646,40064,37743,36821,34933
17183,"Vermilion County, Illinois",74188,81625,83919,88257,95222,97047,96176,87079,86791,89339,86162,77996,65635
17189,"Washington County, Illinois",13761,14716,15148,14965,15472,13780,13569,14460,15801,16286,18035,18759,19526
17193,"White County, Illinois",13877,14665,15371,16522,17864,17312,19373,20935,20027,18149,20081,23052,25386
17199,"Williamson County, Illinois",67153,66357,61296,57733,56538,49021,46117,48621,51424,53880,61092,45098,27796
19001,"Adair County, Iowa",7496,7682,8243,8409,9509,9487,10893,12292,13196,13891,14259,14420,16192
19007,"Appanoose County, Iowa",12317,12887,13721,13743,15511,15007,16015,19683,24245,24835,30535,28701,25927
19011,"Benton County, Iowa",25575,26076,25308,22429,23649,22885,23422,22656,22879,22851,24080,23156,25177
19017,"Bremer County, Iowa",24988,24276,23325,22813,24820,22737,21108,18884,17932,17046,16728,15843,16305
19021,"Buena Vista County, Iowa",20823,20260,20411,19965,20774,20693,21189,21113,19838,18667,18556,15981,16975
19027,"Carroll County, Iowa",20760,20816,21421,21423,22951,22912,23431,23065,22770,22326,21549,20117,20319
19033,"Cerro Gordo County, Iowa",43127,44151,46447,46733,48458,49335,49894,46053,43845,38476,34675,25011,20672
19039,"Clarke County, Iowa",9748,9286,9133,8287,8612,7581,8222,9369,10233,10384,10506,10736,12440
19043,"Clayton County, Iowa",17043,18129,18678,19054,21098,20606,21962,22522,24334,24559,25032,25576,27750
19049,"Dallas County, Iowa",99678,66135,40750,29755,29513,26085,24123,23661,24649,25493,25120,23628,23058
19055,"Delaware County, Iowa",17488,17764,18404,18035,18933,18770,18483,17734,18487,18122,18183,17888,19185
19099,"Jasper County, Iowa",37813,36842,37213,34795,36425,35425,35282,32305,31496,32936,27855,27034,26976
19105,"Jones County, Iowa",20646,20638,20221,19444,20401,19868,20693,19401,19950,19206,18607,19050,21954
19109,"Kossuth County, Iowa",14828,15543,17163,18591,21891,22937,25314,26241,26630,25452,25082,21971,22720
19115,"Louisa County, Iowa",10837,11387,12183,11592,12055,10682,10290,11101,11384,11575,12179,12855,13516
19121,"Madison County, Iowa",16548,15679,14019,12483,12597,11558,12295,13131,14525,14331,15020,15621,17710
19125,"Marion County, Iowa",33414,33309,32052,30001,29669,26352,25886,25930,27019,25727,24957,22995,24159
19131,"Mitchell County, Iowa",10565,10776,10874,10928,12329,13108,14043,13945,14121,14065,13921,13435,14916
19137,"Montgomery County, Iowa",10330,10740,11771,12076,13413,12781,14467,15685,15697,16752,17048,16604,17803
35055,"Taos County, New Mexico",34489,32937,29979,23118,19456,17516,15934,17146,18528,14394,12773,12008,10889
35059,"Union County, New Mexico",4079,4549,4174,4124,4725,4925,6068,7372,9095,11036,16680,11404,4528
35061,"Valencia County, New Mexico",76205,76569,66152,45235,61115,40539,39085,22481,20245,16186,13795,13320,13895
38003,"Barnes County, North Dakota",10853,11066,11775,12545,13960,14669,16719,16884,17814,18804,18678,18066,13159
38005,"Benson County, North Dakota",5964,6660,6964,7198,7944,8245,9435,10675,12629,13327,13095,12681,8320
38009,"Bottineau County, North Dakota",6379,6429,7149,8011,9239,9496,11315,12140,13253,14853,15109,17295,7532
38011,"Bowman County, North Dakota",2993,3151,3242,3596,4229,3901,4154,4001,3860,5119,4768,4668,0
38015,"Burleigh County, North Dakota",98458,81308,69416,60131,54811,40714,34016,25673,22736,19769,15578,13087,6081
38017,"Cass County, North Dakota",184525,149778,123138,102874,88247,73653,66947,58877,52849,48735,41477,33935,28625
38021,"Dickey County, North Dakota",4999,5289,5757,6107,7207,6976,8147,9121,9696,10877,10499,9839,6061
38025,"Dunn County, North Dakota",4095,3536,3600,4005,4627,4895,6350,7212,8376,9566,8828,5302,0
38027,"Eddy County, North Dakota",2347,2385,2757,2951,3554,4103,4936,5372,5741,6346,6493,4800,3330
38031,"Foster County, North Dakota",3397,3343,3759,3983,4611,4832,5361,5337,5824,6353,6108,5313,3770
38033,"Golden Valley County, North Dakota",1736,1680,1924,2108,2391,2611,3100,3499,3498,4122,4832,0,0
38037,"Grant County, North Dakota",2301,2394,2841,3549,4274,5009,6248,7114,8264,10134,9553,0,0
38039,"Griggs County, North Dakota",2306,2420,2754,3303,3714,4184,5023,5460,5818,6889,7402,6274,4744
38043,"Kidder County, North Dakota",2394,2435,2753,3332,3833,4362,5386,6168,6692,8031,7798,5962,1754
38045,"LaMoure County, North Dakota",4093,4139,4701,5383,6473,7117,8705,9498,10298,11517,11564,10724,6048
38049,"McHenry County, North Dakota",5345,5395,5987,6528,7858,8977,11099,12556,14034,15439,15544,17627,5253
38051,"McIntosh County, North Dakota",2530,2809,3390,4021,4800,5545,6702,7590,8984,9621,9010,7251,4818
38055,"McLean County, North Dakota",9771,8962,9311,10457,12383,11251,14030,18824,16082,17991,17266,14496,4791
38057,"Mercer County, North Dakota",8350,8424,8644,9808,9404,6175,6805,8686,9611,9516,8224,4747,1778
38061,"Mountrail County, North Dakota",9809,7673,6631,7021,7679,8437,10077,9418,10482,13544,12140,8491,0
38065,"Oliver County, North Dakota",1877,1846,2065,2381,2495,2322,2610,3091,3859,4262,4425,3577,990
38067,"Pembina County, North Dakota",6844,7413,8585,9238,10399,10728,12946,13990,15671,14757,15177,14749,17869
38071,"Ramsey County, North Dakota",11605,11451,12066,12681,13048,12915,13443,14373,15626,16252,15427,15199,9198
38073,"Ransom County, North Dakota",5703,5457,5890,5921,6698,7102,8078,8876,10061,10983,11618,10345,6919
38077,"Richland County, North Dakota",16529,16321,17998,18148,19207,18089,18824,19865,20519,21008,20887,19659,17387
38079,"Rolette County, North Dakota",12187,13937,13674,12772,12177,11549,10641,11102,12583,10760,10061,9558,7995
38083,"Sheridan County, North Dakota",1265,1321,1710,2148,2819,3232,4350,5253,6616,7373,7935,8103,0
38085,"Sioux County, North Dakota",3898,4153,4044,3761,3620,3632,3662,3696,4419,4687,3308,0,0
38089,"Stark County, North Dakota",33646,24199,22636,22832,23697,19613,18451,16137,15414,15340,13542,12504,7621
38091,"Steele County, North Dakota",1798,1975,2258,2420,3106,3749,4719,5145,6193,6972,7401,7616,5888
38095,"Towner County, North Dakota",2162,2246,2876,3627,4052,4645,5624,6360,7200,8393,8327,8963,6491
38097,"Traill County, North Dakota",7997,8121,8477,8752,9624,9571,10583,11359,12300,12600,12210,12545,13107
38101,"Ward County, North Dakota",69919,61675,58795,57921,58392,58560,47072,34782,31981,33597,28811,25281,7961
38105,"Williams County, North Dakota",40950,22398,19761,21129,22237,19301,22051,16442,16315,19553,17980,14234,1530
4001,"Apache County, Arizona",66021,71518,69423,61591,52108,32298,30438,27767,24095,17765,13196,9196,8297
4003,"Cochise County, Arizona",125447,131346,117755,97624,85686,61910,55039,31488,34627,40998,46465,34591,9251
4005,"Coconino County, Arizona",145101,134421,116320,96591,75008,48326,41857,23910,18770,14064,9982,8130,5514
4007,"Gila County, Arizona",53272,53597,51335,40216,37080,29255,25745,24158,23867,31016,25678,16348,4973
4009,"Graham County, Arizona",38533,37220,33489,26554,22862,16578,14045,12985,12113,10373,10148,23999,14162
4011,"Greenlee County, Arizona",9563,8437,8547,8008,11406,10330,11509,12805,8698,9886,15362,0,0
4012,"La Paz County, Arizona",16557,20489,19715,13844,0,0,0,0,0,0,0,0,0
4013,"Maricopa County, Arizona",4420568,3817117,3072149,2122101,1509052,967522,663510,331770,186193,150970,89576,34488,20457
4015,"Mohave County, Arizona",213267,200186,155032,93497,55865,25857,7736,8510,8591,5572,5259,3773,3426
4017,"Navajo County, Arizona",106717,107449,97470,77658,67629,47715,37994,29446,25309,21202,16077,11471,8829
4019,"Pima County, Arizona",1043433,980263,843746,666880,531443,351667,265660,141216,72838,55676,34680,22818,14689
4021,"Pinal County, Arizona",425264,375770,179727,116379,90918,67916,62673,43191,28841,22081,16130,9045,7779
4023,"Santa Cruz County, Arizona",47669,47420,38381,29676,20459,13966,10808,9344,9482,9684,12689,6766,4545
4025,"Yavapai County, Arizona",236209,211033,167517,107714,68145,36733,28912,24991,26511,28470,24016,15996,13799
4027,"Yuma County, Arizona",203881,195751,160026,106895,90554,60827,46235,28006,19326,17816,14904,7733,4145
20001,"Allen County, Kansas",12526,13371,14385,14638,15654,15043,16369,18187,19874,21391,23509,27640,19507
20003,"Anderson County, Kansas",7836,8102,8110,7803,8749,8501,9035,10267,11658,13355,12986,13829,13938
20005,"Atchison County, Kansas",16348,16924,16774,16932,18397,19165,20898,21496,22222,23945,23411,28107,28606
20007,"Barber County, Kansas",4228,4861,5307,5874,6548,7016,8713,8521,9073,10178,9739,9916,6594
20009,"Barton County, Kansas",25493,27674,28205,29382,31343,30663,32368,29909,25010,19776,18422,17876,13784
20011,"Bourbon County, Kansas",14360,15173,15379,14966,15969,15215,16090,19153,20944,22386,23198,24007,24712
42029,"Chester County, Pennsylvania",534413,498886,433501,376396,316660,278311,210608,159141,135626,126629,115120,109213,95695
42033,"Clearfield County, Pennsylvania",80562,81642,83382,78097,83578,74619,81534,85957,92094,86727,103236,93768,80614
42035,"Clinton County, Pennsylvania",37450,39238,37914,37182,38971,37721,37619,36532,34557,32319,33555,31545,29197
42039,"Crawford County, Pennsylvania",83938,88765,90366,86169,88869,81342,77956,78948,71644,62980,60667,61565,63643
42041,"Cumberland County, Pennsylvania",259469,235406,213674,195257,178541,158177,124816,94457,74806,68236,58578,54479,50344
42045,"Delaware County, Pennsylvania",576830,558979,550864,547651,555007,600035,553154,414234,310756,280264,173084,117906,94762
42047,"Elk County, Pennsylvania",30990,31946,35112,34878,38338,37770,37328,34503,34443,33431,34981,35871,32903
42051,"Fayette County, Pennsylvania",128804,136606,148644,145351,159417,154667,169340,189899,200999,198542,188104,167449,110412
42053,"Forest County, Pennsylvania",6973,7716,4946,4802,5072,4926,4485,4944,5791,5180,7477,9435,11039
42057,"Fulton County, Pennsylvania",14556,14845,14261,13837,12842,10776,10597,10387,10673,9231,9617,9703,9924
42059,"Greene County, Pennsylvania",35954,38686,40672,39550,40476,36090,39424,45394,44671,41767,30804,28882,28281
42063,"Indiana County, Pennsylvania",83246,88880,89605,89994,92281,79451,75366,77106,79854,75395,80910,66210,42556
42065,"Jefferson County, Pennsylvania",44492,45200,45932,46083,48303,43695,46792,49147,54090,52114,62104,63090,59113
42069,"Lackawanna County, Pennsylvania",215896,214437,213295,219039,227908,234107,234531,257396,301243,310397,286311,259570,193831
42071,"Lancaster County, Pennsylvania",552984,519445,470658,422822,362346,319693,278359,234717,212504,196882,173797,167029,159241
42075,"Lebanon County, Pennsylvania",143257,133568,120327,113744,108582,99665,90853,81683,72641,67103,63152,59565,53827
42077,"Lehigh County, Pennsylvania",374557,349497,312090,291130,272349,255304,227536,198207,177533,172893,148101,118832,93893
42081,"Lycoming County, Pennsylvania",114188,116111,120044,118710,118416,113296,109367,101249,93633,93421,83100,80813,75663
42083,"McKean County, Pennsylvania",40432,43450,45936,47131,50635,51915,54517,56607,56673,55167,48934,47868,51343
42085,"Mercer County, Pennsylvania",110652,116638,120293,121003,128299,127175,127519,111954,101039,99246,93788,77699,57387
42089,"Monroe County, Pennsylvania",168327,169842,138687,95709,69409,45422,39567,33773,29802,28286,24295,22941,21161
42091,"Montgomery County, Pennsylvania",856553,799874,750097,678111,643621,623799,516682,353068,289247,265804,199310,169590,138995
42093,"Montour County, Pennsylvania",18136,18267,18236,17735,16675,16508,16730,16001,15466,14517,14080,14868,15526
42095,"Northampton County, Pennsylvania",312951,297735,267066,247105,225418,214368,201412,185243,168959,169304,153506,127667,99687
42097,"Northumberland County, Pennsylvania",91647,94528,94556,96771,100381,99190,104138,117115,126887,128504,122079,111420,90911
42099,"Perry County, Pennsylvania",45842,45969,43602,41172,35718,28615,26582,24782,23213,21744,22875,24136,26263
42101,"Philadelphia County, Pennsylvania",1603797,1526006,1517550,1585577,1688210,1948609,2002512,2071605,1931334,1950961,1823779,1549008,1293697
42103,"Pike County, Pennsylvania",58535,57369,46302,27966,18271,11818,9158,8425,7452,7483,6818,8033,8766
42105,"Potter County, Pennsylvania",16396,17457,18080,16717,17726,16395,16483,16810,18201,17489,21089,29729,30621
42107,"Schuylkill County, Pennsylvania",143049,148289,150336,152585,160630,160089,173027,200577,228331,235505,217754,207894,172927
42109,"Snyder County, Pennsylvania",39736,39702,37546,36680,33584,29269,25922,22912,20208,18836,17129,16800,17304
42111,"Somerset County, Pennsylvania",74129,77742,80023,78218,81243,76037,77450,81813,84957,80764,82112,67717,49461
42113,"Sullivan County, Pennsylvania",5840,6428,6556,6104,6349,5961,6251,6745,7504,7499,9520,11293,12134
42115,"Susquehanna County, Pennsylvania",38434,43356,42238,40380,37876,34344,33137,31970,33893,33806,34763,37746,40043
42117,"Tioga County, Pennsylvania",41045,41981,41373,41126,40973,39691,36614,35474,35004,31871,37118,42829,49086
42119,"Union County, Pennsylvania",42681,44947,41624,36176,32870,28603,25646,23150,20247,17468,15850,16249,17592
42121,"Venango County, Pennsylvania",50454,54984,57565,59381,64444,62353,65295,65328,63958,63226,59184,56359,49648
42123,"Warren County, Pennsylvania",38587,41815,43863,45050,47449,47682,45582,42698,42789,41453,40024,39573,38946
42125,"Washington County, Pennsylvania",209349,207820,202897,204584,217074,210876,217271,209628,210852,204802,188992,143680,92181
42127,"Wayne County, Pennsylvania",51155,52822,47722,39944,35237,29581,28237,28478,29934,28420,27435,29236,30171
42131,"Wyoming County, Pennsylvania",26069,28276,28080,28076,26433,19082,16813,16766,16702,15517,14101,15509,17152
42133,"York County, Pennsylvania",456438,434972,381751,339574,312963,272603,238336,202737,178022,167135,144521,136405,116413
45001,"Abbeville County, South Carolina",24295,25417,26167,23862,22627,21112,21417,22456,22931,23323,27139,34804,33400
45005,"Allendale County, South Carolina",8039,10419,11211,11722,10700,9692,11362,11773,13040,13294,16098,0,0
45007,"Anderson County, South Carolina",203718,187126,165740,145196,133235,105474,98478,90664,88712,80949,76349,69568,55728
45011,"Barnwell County, South Carolina",20589,22621,23478,20293,19868,17176,17659,17266,20138,21221,23081,34209,35504
45013,"Beaufort County, South Carolina",187117,162233,120937,86425,65364,51136,44187,26993,22037,21815,22269,30355,35495
45017,"Calhoun County, South Carolina",14119,15175,15185,12753,12206,10780,12256,14753,16229,16707,18384,16634,0
45019,"Charleston County, South Carolina",408235,350209,309969,295039,276974,247650,216382,164856,121105,101050,108450,88594,88006
45023,"Chester County, South Carolina",32294,33140,34068,32170,30148,29811,30888,32597,32579,31803,33389,29425,28616
45025,"Chesterfield County, South Carolina",43273,46734,42768,38577,38161,33667,33717,36236,35963,34334,31969,26301,20401
45029,"Colleton County, South Carolina",38604,38892,38264,34377,31776,27622,27816,28242,26268,25821,29897,35390,33452
45031,"Darlington County, South Carolina",62905,68681,67394,61851,62717,53442,52928,50016,45198,41427,39126,36027,32388
45033,"Dillon County, South Carolina",28292,32062,30722,29114,31083,28838,30584,30930,29625,25733,25278,22615,0
45037,"Edgefield County, South Carolina",25657,26985,24595,18375,17528,15692,15735,16591,17894,19326,23928,28281,25478
45039,"Fairfield County, South Carolina",20948,23956,23454,22295,20700,19999,20713,21780,24187,23287,27159,29442,29425
45043,"Georgetown County, South Carolina",63404,60158,55797,46302,42461,33500,34798,31762,26352,21738,21716,22270,22846
19141,"O'Brien County, Iowa",14182,14398,15102,15444,16972,17522,18840,18970,19293,18409,19051,17262,16985
19147,"Palo Alto County, Iowa",8996,9421,10147,10669,12721,13289,14736,15891,16170,15398,15486,13845,14354
19153,"Polk County, Iowa",492401,430640,374601,327140,303170,286101,266315,226010,195835,172837,154029,110438,82624
19157,"Poweshiek County, Iowa",18662,18914,18815,19033,19306,18803,19300,19344,18758,18727,19910,19589,19414
19163,"Scott County, Iowa",174669,165224,158668,150979,160022,142687,119067,100698,84748,77332,73952,60000,51558
19169,"Story County, Iowa",98537,89542,79981,74252,72326,62783,49327,44294,33434,31141,26185,24083,23159
19173,"Taylor County, Iowa",5896,6317,6958,7114,8353,8790,10288,12420,14258,14859,15514,16312,18784
19179,"Wapello County, Iowa",35437,35625,36051,35687,40241,42149,46126,47397,44280,40480,37937,37743,35426
19185,"Wayne County, Iowa",6497,6403,6730,7067,8199,8405,9800,11737,13308,13787,15378,16184,17491
19189,"Winnebago County, Iowa",10679,10866,11723,12122,13010,12990,13099,13450,13972,13143,13489,11914,12725
19195,"Worth County, Iowa",7443,7598,7909,7991,9075,8968,10259,11068,11449,11164,11630,9950,10887
24003,"Anne Arundel County, Maryland",588261,537656,489656,427239,370775,297539,206634,117392,68375,55167,43408,39553,39620
24009,"Calvert County, Maryland",92783,88737,74563,51372,34638,20682,15826,12100,10484,9528,9744,10325,10223
24015,"Cecil County, Maryland",103725,101108,85951,71347,60430,53291,48408,33356,26407,25827,23612,23759,24662
24021,"Frederick County, Maryland",271717,233385,195277,150208,114792,84927,71930,62287,57312,54440,52541,52673,51920
24027,"Howard County, Maryland",332317,287085,247842,187328,118572,61911,36152,23119,17175,16169,15826,16106,16715
24031,"Montgomery County, Maryland",1062061,971777,873341,757027,579053,522809,340928,164401,83912,49206,34921,32089,30451
24037,"St. Mary's County, Maryland",113777,105151,86211,75974,59895,47388,38915,29111,14626,15189,16112,17030,17182
26031,"Cheboygan County, Michigan",25579,26152,26448,21398,20649,16573,14550,13731,13644,11502,13991,17872,15516
26037,"Clinton County, Michigan",79128,75382,64753,57883,55893,48492,37969,31195,26671,24174,23110,23129,25136
26043,"Dickinson County, Michigan",25947,26168,27472,26831,25341,23753,23917,24844,28731,29941,19456,20524,17890
26047,"Emmet County, Michigan",34112,32694,31437,25040,22992,18331,15904,16534,15791,15109,15639,18561,15931
26053,"Gogebic County, Michigan",14380,16427,17370,18052,19686,20676,24370,27053,31797,31577,33225,23333,16738
26059,"Hillsdale County, Michigan",45746,46688,46527,43431,42071,37171,34742,31916,29092,27417,28161,29673,29865
26065,"Ingham County, Michigan",284900,280895,279320,281912,275520,261039,211296,172941,130616,116587,81554,53310,39818
26069,"Iosco County, Michigan",25237,25887,27339,30209,28349,24905,16505,10906,8560,7517,8199,9753,10246
26075,"Jackson County, Michigan",160366,160248,158422,149756,151495,143274,131994,107925,93108,92304,72539,53426,48222
26081,"Kent County, Michigan",657974,602622,574335,500631,444506,411044,363187,288292,246338,240511,183041,159145,129714
26087,"Lapeer County, Michigan",88619,88319,87904,74768,70038,52317,41926,35794,32116,28348,25782,26033,27641
26091,"Lenawee County, Michigan",99423,99892,98890,91476,89948,81609,77789,64629,53110,49849,47767,47907,48406
26097,"Mackinac County, Michigan",10834,11113,11943,10674,10178,9660,10853,9287,9438,8783,8026,9249,7703
26103,"Marquette County, Michigan",66017,67077,64634,70887,74101,64686,56154,47654,47144,44076,45786,46739,41239
26109,"Menominee County, Michigan",23502,24029,25326,24920,26201,24587,24685,25299,24883,23652,23778,25648,27046
26113,"Missaukee County, Michigan",15052,14849,14478,12147,10009,7126,6784,7458,8034,6992,9004,10606,9308
26119,"Montmorency County, Michigan",9153,9765,10315,8936,7492,5247,4424,4125,3840,2814,4089,3755,3234
26125,"Oakland County, Michigan",1274395,1202362,1194156,1083592,1011793,907871,690259,396001,254068,211251,90050,49576,44792
26131,"Ontonagon County, Michigan",5816,6780,7818,8854,9861,10548,10584,10282,11359,11114,12428,8650,6197
26137,"Otsego County, Michigan",25091,24164,23301,17957,14993,10422,7545,6435,5827,5554,6043,6552,6175
26141,"Presque Isle County, Michigan",12982,13376,14411,13743,14267,12836,13117,11996,12250,11330,12131,11249,8821
26147,"St. Clair County, Michigan",160383,163040,164235,145607,138802,120175,107201,91599,76222,67563,58009,52341,55228
26153,"Schoolcraft County, Michigan",8047,8485,8903,8302,8575,8226,8953,9148,9524,8451,9977,8681,7889
26159,"Van Buren County, Michigan",75587,76258,76263,70060,66814,56173,48395,39184,35111,32637,30715,33185,33274
28039,"George County, Mississippi",24350,22578,19144,16673,15297,12459,11098,10012,8704,7523,5564,6599,0
28045,"Hancock County, Mississippi",46053,43929,42967,31760,24537,17387,14039,11891,11328,11415,10380,11207,11886
28051,"Holmes County, Mississippi",17000,19198,21609,21604,22970,23120,27096,33301,39710,38534,34513,39088,36828
28057,"Itawamba County, Mississippi",23863,23401,22770,20017,20518,16847,15080,17216,19922,18225,15647,14526,13544
28063,"Jefferson County, Mississippi",7260,7726,9740,8653,9181,9295,10142,11306,13969,14291,15946,18221,21292
28069,"Kemper County, Mississippi",8988,10456,10453,10356,10148,10233,12277,15893,21867,21881,19619,20348,20492
28073,"Lamar County, Mississippi",64222,55658,39070,30424,23821,15209,13675,13225,12096,12848,12869,11741,0
28079,"Leake County, Mississippi",21275,23805,20940,18436,18790,17085,18660,21610,24570,21803,16973,18298,17360
28085,"Lincoln County, Mississippi",34907,34869,33166,30278,30174,26198,26759,27899,27506,26357,24652,28597,21552
28091,"Marion County, Mississippi",24441,27088,25595,25544,25708,22871,23293,23967,24085,19923,17144,15599,13501
28097,"Montgomery County, Mississippi",9822,10925,12189,12388,13366,12918,13320,14470,15703,15009,13805,17706,16536
28101,"Newton County, Mississippi",21291,21720,21838,20291,19944,18983,19517,22681,24249,22910,20727,23085,19708
28107,"Panola County, Mississippi",33208,34707,34274,29996,28164,26829,28791,31271,34421,28648,27845,31274,29027
28113,"Pike County, Mississippi",40324,40404,38940,36882,36173,31756,35063,35137,35002,32201,28725,37272,27545
28119,"Quitman County, Mississippi",6176,8223,10117,10490,12636,15888,21019,25885,27191,25304,19861,11593,5435
28125,"Sharkey County, Mississippi",3800,4916,6580,7066,7964,8937,10738,12903,15433,13877,14190,15694,12178
28129,"Smith County, Mississippi",14209,16491,16182,14798,15077,13561,14303,16740,19403,18405,16178,16603,13055
20015,"Butler County, Kansas",67380,65880,59482,50580,44782,38658,38395,31001,32013,35904,43842,23059,23363
20019,"Chautauqua County, Kansas",3379,3669,4359,4407,5016,4642,5956,7376,9233,10352,11598,11429,11804
20021,"Cherokee County, Kansas",19362,21603,22605,21374,22304,21549,22279,25144,29817,31457,33609,38162,42694
20025,"Clark County, Kansas",1991,2215,2390,2418,2599,2896,3396,3946,4081,4796,4989,4093,1701
20027,"Clay County, Kansas",8117,8535,8822,9158,9802,9890,10675,11697,13281,14556,14365,15251,15833
20031,"Coffey County, Kansas",8360,8601,8865,8404,9370,7397,8403,10408,12278,13653,14254,15205,16643
20033,"Comanche County, Kansas",1689,1891,1967,2313,2554,2702,3271,3888,4412,5238,5302,3281,1619
20037,"Crawford County, Kansas",38972,39134,38242,35568,37916,37850,37032,40231,44191,49329,61800,51178,38809
20041,"Dickinson County, Kansas",18402,19754,19344,18958,20175,19993,21572,21190,22929,25870,25777,24361,21816
20043,"Doniphan County, Kansas",7510,7945,8249,8134,9268,9107,9574,10499,12936,14063,13438,14422,15079
20047,"Edwards County, Kansas",2907,3037,3449,3787,4271,4581,5118,5936,6377,7295,7057,7033,3682
20049,"Elk County, Kansas",2483,2882,3261,3327,3918,3858,5048,6679,8180,9210,9034,10128,11443
20053,"Ellsworth County, Kansas",6376,6497,6525,6586,6640,6146,7677,8465,9855,10132,10379,10444,9626
20055,"Finney County, Kansas",38470,36776,40523,33070,23825,18947,16093,15092,10092,11014,7674,6908,3469
20059,"Franklin County, Kansas",25996,25992,24784,21994,22062,20007,19548,19928,20889,22024,21946,20884,21354
20061,"Geary County, Kansas",36739,34362,27947,30453,29852,28111,28779,21671,15222,14366,13452,12681,10744
20065,"Graham County, Kansas",2415,2597,2946,3543,3995,4751,5586,5020,6071,7772,7624,8700,5173
20069,"Gray County, Kansas",5653,6006,5904,5396,5138,4516,4380,4894,4773,6211,4711,3121,1264
20071,"Greeley County, Kansas",1284,1247,1534,1774,1845,1819,2087,2010,1638,1712,1028,1335,493
20075,"Hamilton County, Kansas",2518,2690,2670,2388,2514,2747,3144,3696,2645,3328,2586,3360,1426
20077,"Harper County, Kansas",5485,6034,6536,7124,7778,7871,9541,10263,12068,12823,13656,14748,10310
20081,"Haskell County, Kansas",3780,4256,4307,3886,3814,3672,2990,2606,2088,2805,1455,993,457
20083,"Hodgeman County, Kansas",1723,1916,2085,2177,2269,2662,3115,3310,3535,4157,3734,2930,2032
20087,"Jefferson County, Kansas",18368,19126,18426,15905,15207,11945,11252,11084,12718,14129,14750,15826,17533
20091,"Johnson County, Kansas",609863,544179,451086,355054,270269,217662,143792,62783,33327,27179,18314,18288,18104
20093,"Kearny County, Kansas",3983,3977,4531,4027,3435,3047,3108,3492,2525,3196,2617,3206,1107
20097,"Kiowa County, Kansas",2460,2553,3278,3660,4046,4088,4626,4743,5112,6035,6164,6174,2365
20099,"Labette County, Kansas",20184,21607,22835,23693,25682,25775,26805,29285,30352,31346,34047,31423,27387
20103,"Leavenworth County, Kansas",81881,76227,68691,64371,54809,53340,48524,42361,41112,42673,38402,41207,40940
20105,"Lincoln County, Kansas",2939,3241,3578,3653,4145,4582,5556,6643,8338,9707,9894,10142,9886
20109,"Logan County, Kansas",2762,2756,3046,3081,3478,3814,4036,4206,3688,4145,3223,4240,1962
20113,"McPherson County, Kansas",30223,29180,29554,27268,26855,24778,24285,23670,24152,23588,21845,21521,21421
20115,"Marion County, Kansas",11823,12660,13361,12888,13522,13935,15143,16307,18951,20739,22923,22415,20676
20119,"Meade County, Kansas",4055,4575,4631,4247,4788,4912,5505,5710,5522,6858,5542,5055,1581
20121,"Miami County, Kansas",34191,32787,28351,23466,21618,19254,19884,19698,19489,21243,19809,20030,21641
20125,"Montgomery County, Kansas",31486,35471,36252,38816,42281,39949,45007,46487,49729,51411,49645,49474,29039
20127,"Morris County, Kansas",5386,5923,6104,6198,6419,6432,7392,8485,10363,11859,12005,12397,11967
20131,"Nemaha County, Kansas",10273,10178,10717,10446,11211,11825,12897,14341,16761,18342,18487,19072,20376
20133,"Neosho County, Kansas",15904,16512,16997,17035,18967,18812,19455,20348,22210,22665,24000,23754,19254
20137,"Norton County, Kansas",5459,5671,5953,5947,6689,7279,8035,8808,9831,11701,11423,11614,11325
20141,"Osborne County, Kansas",3500,3858,4452,4867,5959,6416,7506,8558,9835,11568,12441,12827,11844
20143,"Ottawa County, Kansas",5735,6091,6163,5634,5971,6183,6779,7265,9224,9819,10714,11811,11182
20145,"Pawnee County, Kansas",6253,6973,7233,7555,8065,8484,10254,11041,10300,10510,9323,8859,5084
20147,"Phillips County, Kansas",4981,5642,6001,6590,7406,7888,8709,9273,10435,12159,12505,14150,14442
20149,"Pottawatomie County, Kansas",25348,21604,18209,16128,14782,11755,11957,12344,14015,15862,16154,17522,18470
20151,"Pratt County, Kansas",9157,9656,9647,9702,10275,10056,12122,12156,12348,13312,12909,11156,7085
20153,"Rawlins County, Kansas",2561,2519,2966,3404,4105,4393,5279,5728,6618,7362,6799,6380,5241
20155,"Reno County, Kansas",61898,64511,64790,62389,64983,60765,59055,54058,52165,47785,44423,37853,29027
20157,"Republic County, Kansas",4674,4980,5835,6482,7569,8498,9768,11478,13124,14745,15855,17447,18248
20159,"Rice County, Kansas",9427,10083,10761,10610,11900,12320,13909,15635,17213,13800,14832,15106,14745
20161,"Riley County, Kansas",71959,71115,62843,67139,63505,56788,41914,33405,20617,19882,20650,15783,13828
20163,"Rooks County, Kansas",4919,5181,5685,6039,7006,7628,9734,9043,8497,9534,9966,11282,7960
20165,"Rush County, Kansas",2956,3307,3551,3842,4516,5117,6160,7231,8285,9093,8360,7826,6134
20167,"Russell County, Kansas",6691,6970,7370,7835,8868,9428,11348,13406,13464,11045,10748,10800,8489
20169,"Saline County, Kansas",54303,55606,53597,49301,48905,46592,54715,33409,29535,29337,25103,20338,17076
20171,"Scott County, Kansas",5151,4936,5120,5289,5782,5606,5228,4921,3773,3976,3121,3047,1098
20173,"Sedgwick County, Kansas",523824,498365,452869,403662,366531,350694,343231,222290,143311,136330,92234,73095,44037
20175,"Seward County, Kansas",21964,22952,22510,18743,17071,15744,15930,9972,6540,8075,6220,4091,822
20177,"Shawnee County, Kansas",178909,177934,169871,160976,154916,155322,141286,105418,91247,85200,69159,61874,53727
20179,"Sheridan County, Kansas",2447,2556,2813,3043,3544,3859,4267,4607,5312,6038,5484,5651,3819
45049,"Hampton County, South Carolina",18561,21090,21386,18191,18159,15878,17425,18027,17465,17243,19550,25126,23738
45051,"Horry County, South Carolina",351029,269291,196629,144053,101419,69992,68247,59820,51951,39376,32077,26995,23364
45055,"Kershaw County, South Carolina",65403,61697,52647,43599,39015,34727,33585,32287,32913,32070,29398,27094,24696
45057,"Lancaster County, South Carolina",96016,76652,61351,54516,53361,43328,39352,37071,33542,27980,28628,26650,24311
45059,"Laurens County, South Carolina",67539,66537,69567,58092,52214,49713,47609,46974,44185,42094,42560,41550,37382
45063,"Lexington County, South Carolina",293991,262391,216014,167611,140353,89012,60726,44279,35994,36494,35676,32040,27264
45065,"McCormick County, South Carolina",9526,10233,9958,8868,7797,7955,8629,9577,10367,11471,16444,0,0
45069,"Marlboro County, South Carolina",26667,28933,28818,29361,31634,27151,28529,31766,33281,31634,33180,31189,27639
45071,"Newberry County, South Carolina",37719,37508,36108,33172,31242,29273,29416,31771,33577,34681,35552,34586,30182
45075,"Orangeburg County, South Carolina",84223,92501,91582,84803,82276,69789,68559,68726,63707,63864,64907,55893,59663
45077,"Pickens County, South Carolina",131404,119224,110757,93894,79292,58956,46030,40058,37111,33709,28329,25422,19375
45081,"Saluda County, South Carolina",18862,19875,19181,16357,16150,14528,14554,15924,17192,18148,22088,20943,18966
45083,"Spartanburg County, South Carolina",327997,284307,253791,226800,201861,173724,156830,150349,127733,116323,94265,83465,65560
45087,"Union County, South Carolina",27244,28961,29881,30337,30751,29230,30015,31334,31360,30920,30372,29911,25501
45089,"Williamsburg County, South Carolina",31026,34423,37217,36815,38226,34243,40932,43807,41011,34914,38539,37626,31685
45091,"York County, South Carolina",282090,226073,164614,131497,106720,85216,78760,71596,58663,53418,50536,47718,41684
46005,"Beadle County, South Dakota",19149,17398,17023,18253,19195,20877,21682,21082,19648,22917,19273,15776,8081
46007,"Bennett County, South Dakota",3381,3431,3574,3206,3044,3088,3053,3396,3983,4590,1924,96,0
46011,"Brookings County, South Dakota",34375,31965,28220,25207,24332,22158,20046,17851,16560,16847,16119,14178,12561
46013,"Brown County, South Dakota",38301,36531,35460,35580,36962,36920,34106,32617,29676,31458,29509,25867,15286
46017,"Buffalo County, South Dakota",1948,1912,2032,1759,1795,1739,1547,1615,1853,1931,1715,1589,1790
46019,"Butte County, South Dakota",10243,10110,9094,7914,8372,7825,8592,8161,8004,8589,6819,4993,2907
46021,"Campbell County, South Dakota",1377,1466,1782,1965,2243,2866,3531,4046,5033,5629,5305,5244,4527
46023,"Charles Mix County, South Dakota",9373,9129,9350,9131,9680,9994,11785,15558,13449,16703,16256,14899,8498
46025,"Clark County, South Dakota",3837,3691,4143,4403,4894,5515,7134,8369,8955,11022,11136,10901,6942
46027,"Clay County, South Dakota",14967,13864,13537,13186,13689,12923,10810,10993,9592,10088,9654,8711,9316
46029,"Codington County, South Dakota",28325,27227,25897,22698,20885,19140,20220,18944,17014,17457,16549,14092,8770
46031,"Corson County, South Dakota",3902,4050,4181,4195,5196,4994,5798,6168,6755,9535,7249,2929,0
46033,"Custer County, South Dakota",8318,8216,7275,6179,6000,4698,4906,5517,6023,5353,3907,4458,2728
46035,"Davison County, South Dakota",19956,19504,18741,17503,17820,17319,16681,16522,15336,16821,14139,11625,7483
46037,"Day County, South Dakota",5449,5710,6267,6978,8133,8713,10516,12294,13565,14606,15194,14372,12254
46039,"Deuel County, South Dakota",4295,4364,4498,4522,5289,5686,6782,7689,8450,8732,8759,7768,6656
46041,"Dewey County, South Dakota",5239,5301,5972,5523,5366,5170,5257,4916,5709,6476,4802,1145,0
46043,"Douglas County, South Dakota",2835,3002,3458,3746,4181,4569,5113,5636,6348,7236,6993,6400,5012
46045,"Edmunds County, South Dakota",3986,4071,4367,4356,5159,5548,6079,7275,7814,8712,8336,7654,4916
46047,"Fall River County, South Dakota",6973,7094,7453,7353,8439,7505,10688,10439,8089,8741,6985,7763,3541
46049,"Faulk County, South Dakota",2125,2364,2640,2744,3327,3893,4397,4752,5168,6895,6442,6716,3547
46051,"Grant County, South Dakota",7556,7356,7847,8372,9013,9005,9913,10233,10552,10729,10880,10303,9103
46053,"Gregory County, South Dakota",3994,4271,4792,5359,6015,6710,7399,8556,9554,11420,12700,13061,2211
46055,"Haakon County, South Dakota",1872,1937,2196,2624,2794,2802,3303,3167,3515,4679,4596,0,0
46057,"Hamlin County, South Dakota",6164,5903,5540,4974,5261,5172,6303,7058,7562,8299,8054,7475,5945
46059,"Hand County, South Dakota",3145,3431,3741,4272,4948,5883,6712,7149,7166,9485,8778,7870,4525
46063,"Harding County, South Dakota",1311,1255,1353,1669,1700,1855,2371,2289,3010,3589,3953,4228,0
46065,"Hughes County, South Dakota",17765,17022,16481,14817,14220,11632,12725,8111,6624,7009,5711,6271,3684
46069,"Hyde County, South Dakota",1262,1420,1671,1696,2069,2515,2602,2811,3113,3690,3315,3307,1492
46071,"Jackson County, South Dakota",2806,3031,2930,2811,3437,1531,1985,1768,1955,2636,2472,0,0
46075,"Jones County, South Dakota",917,1006,1193,1324,1463,1882,2066,2281,2509,3177,3004,0,0
46077,"Kingsbury County, South Dakota",5187,5148,5815,5925,6679,7657,9227,9962,10831,12805,12802,12560,9866
45045,"Greenville County, South Carolina",525534,451225,379616,320167,287913,240546,209776,168152,136580,117009,88498,68377,53490
46079,"Lake County, South Dakota",11059,11200,11276,10550,10724,11456,11764,11792,12412,12379,12257,10711,9137
46083,"Lincoln County, South Dakota",65161,44828,24131,15427,13942,11761,12371,12767,13171,13918,13893,12712,12161
46085,"Lyman County, South Dakota",3718,3755,3895,3638,3864,4060,4428,4572,5045,6335,6591,10848,2632
46089,"McPherson County, South Dakota",2411,2459,2904,3228,4027,5022,5821,7071,8353,8774,7705,6791,6327
46091,"Marshall County, South Dakota",4306,4656,4576,4844,5404,5965,6663,7835,8880,9540,9596,8021,5942
46095,"Mellette County, South Dakota",1918,2048,2083,2137,2249,2420,2664,3046,4107,5293,3850,1700,0
46097,"Miner County, South Dakota",2298,2389,2884,3272,3739,4454,5398,6268,6836,8376,8560,7661,5864
46101,"Moody County, South Dakota",6336,6486,6595,6507,6692,7622,8810,9252,9341,9603,9742,8695,8326
28135,"Tallahatchie County, Mississippi",12715,15378,14903,15210,17157,19338,24081,30486,34166,35568,35953,29078,19600
28141,"Tishomingo County, Mississippi",18850,19593,19163,17683,18434,14940,13889,15544,16974,16411,15091,13067,10124
28147,"Walthall County, Mississippi",13884,15443,15156,14352,13761,12500,13512,15563,17534,13871,13455,0,0
28153,"Wayne County, Mississippi",19779,20747,21216,19517,19135,16650,16258,17010,16928,15295,15467,14709,12539
28159,"Winston County, Mississippi",17714,19198,20160,19433,19474,18406,19246,22231,22751,21239,18139,17139,14124
35001,"Bernalillo County, New Mexico",676444,662564,556678,480577,419700,315774,262199,145673,69391,45430,29855,23606,28630
35041,"Roosevelt County, New Mexico",19191,19846,18018,16702,15695,16479,16198,16409,14549,11109,6548,12064,0
35047,"San Miguel County, New Mexico",27201,29393,30126,25743,22751,21951,23468,26512,27910,23636,22867,22930,22053
35051,"Sierra County, New Mexico",11576,11988,13270,9912,8454,7189,6409,7186,6962,5184,4619,3536,3158
35057,"Torrance County, New Mexico",15045,16383,16911,10285,7491,5290,6497,8012,11026,9269,9731,10119,0
38001,"Adams County, North Dakota",2200,2343,2593,3174,3584,3832,4449,4910,4664,6343,5593,5407,0
38007,"Billings County, North Dakota",945,783,888,1108,1138,1198,1513,1777,2531,3140,3126,10186,975
38013,"Burke County, North Dakota",2201,1968,2242,3002,3822,4739,5886,6621,7653,9998,9511,9064,0
38019,"Cavalier County, North Dakota",3704,3993,4831,6064,7636,8213,10064,11840,13923,14554,15555,15659,12580
38023,"Divide County, North Dakota",2195,2071,2283,2899,3494,4564,5566,5967,7086,9636,9637,6015,0
38029,"Emmons County, North Dakota",3301,3550,4331,4830,5877,7200,8462,9715,11699,12467,11288,9796,4349
38035,"Grand Forks County, North Dakota",73170,66861,66109,70683,66100,61102,48677,39443,34518,31956,28795,27888,24459
38041,"Hettinger County, North Dakota",2489,2477,2715,3445,4275,5075,6317,7100,7457,8796,7685,6557,0
38047,"Logan County, North Dakota",1876,1990,2308,2847,3493,4245,5369,6357,7561,8089,7723,6168,1625
38053,"McKenzie County, North Dakota",14704,6360,5737,6383,7132,6127,7296,6849,8426,9709,9544,5720,0
38059,"Morton County, North Dakota",33291,27471,25303,23700,25177,20310,20992,19295,20184,19647,18714,25289,8069
38063,"Nelson County, North Dakota",3015,3126,3715,4410,5233,5776,7034,8090,9129,10203,10362,10140,7316
38069,"Pierce County, North Dakota",3990,4357,4675,5052,6166,6323,7394,8326,9208,9074,9283,9740,4765
38075,"Renville County, North Dakota",2282,2470,2610,3160,3608,3828,4698,5405,5533,7263,7776,7840,0
38081,"Sargent County, North Dakota",3862,3829,4366,4549,5512,5937,6856,7616,8693,9298,9655,9202,6039
38087,"Slope County, North Dakota",706,727,767,907,1157,1484,1893,2315,2932,4150,4940,0,0
38093,"Stutsman County, North Dakota",21593,21100,21908,22241,24154,23550,25137,24158,23495,26100,24575,18189,9143
38099,"Walsh County, North Dakota",10563,11119,12389,13840,15371,16251,17997,18859,20747,20047,19078,19491,20288
38103,"Wells County, North Dakota",3982,4207,5102,5864,6979,7847,9237,10417,11198,13285,12957,11814,8310
20013,"Brown County, Kansas",9508,9984,10724,11128,11955,11685,13229,14651,17395,20553,20949,21314,22369
20017,"Chase County, Kansas",2572,2790,3030,3021,3309,3408,3921,4831,6345,6952,7144,7527,8246
20023,"Cheyenne County, Kansas",2616,2726,3165,3243,3678,4256,4708,5668,6221,6948,5587,4248,2640
20029,"Cloud County, Kansas",9032,9533,10268,11023,12494,13466,14407,16104,17247,18006,17714,18388,18071
20035,"Cowley County, Kansas",34549,36311,36291,36915,36824,35012,37861,36905,38139,40903,35155,31790,30156
20039,"Decatur County, Kansas",2764,2961,3472,4021,4509,4988,5778,6185,7434,8866,8121,8976,9234
20045,"Douglas County, Kansas",118785,110826,99962,81798,67640,57932,43720,34086,25171,25143,23998,24724,25096
20051,"Ellis County, Kansas",28934,28452,27507,26004,26098,24730,21270,19043,17508,15907,14138,12170,8626
20057,"Ford County, Kansas",34287,33848,32458,27463,24315,22587,20938,19670,17254,20647,14273,11393,5497
20063,"Gove County, Kansas",2718,2695,3068,3231,3726,3940,4107,4447,4793,5643,4748,6044,2441
20067,"Grant County, Kansas",7352,7829,7909,7159,6977,5961,5269,4638,1946,3092,1087,1087,422
20073,"Greenwood County, Kansas",6016,6689,7673,7847,8764,9141,11253,13574,16495,19235,14715,16060,16196
20079,"Harvey County, Kansas",34024,34684,32869,31028,30531,27236,25865,21698,21712,22120,20744,19200,17591
20085,"Jackson County, Kansas",13232,13462,12657,11525,11644,10342,10309,11098,13382,14776,15495,16861,17117
20089,"Jewell County, Kansas",2932,3077,3791,4251,5241,6099,7217,9698,11970,14462,16240,18148,19420
20095,"Kingman County, Kansas",7470,7858,8673,8292,8960,8886,9958,10324,12001,11674,12119,13386,10663
20101,"Lane County, Kansas",1574,1750,2155,2375,2472,2707,3060,2808,2821,3372,2848,2603,1563
20107,"Linn County, Kansas",9591,9656,9570,8254,8234,7770,8274,10053,11969,13534,13815,14735,16689
20111,"Lyon County, Kansas",32179,33690,35935,34732,35108,32071,26928,26576,26424,29240,26154,24927,25074
20117,"Marshall County, Kansas",10038,10117,10965,11705,12787,13139,15598,17926,20986,23056,22730,23880,24355
20123,"Mitchell County, Kansas",5796,6373,6932,7203,8117,8010,8866,10320,11339,12774,13886,14089,14647
20129,"Morton County, Kansas",2701,3233,3496,3480,3454,3576,3354,2610,2186,4092,3177,1333,304
20135,"Ness County, Kansas",2687,3107,3454,4033,4498,4791,5470,6322,6864,8358,7490,5883,4535
20139,"Osage County, Kansas",15766,16295,16712,15248,15319,13352,12886,12811,15118,17538,18621,19905,23659
20185,"Stafford County, Kansas",4072,4437,4789,5365,5694,5943,7451,8816,10487,10460,11559,12510,9829
20191,"Sumner County, Kansas",22382,24132,25946,25841,24928,23553,25316,23646,26163,28960,29213,30654,25631
20197,"Wabaunsee County, Kansas",6877,7053,6885,6603,6867,6397,6648,7212,9219,10830,11424,12721,12813
20203,"Wichita County, Kansas",2152,2234,2531,2758,3041,3274,2765,2640,2185,2579,1856,2006,1197
20207,"Woodson County, Kansas",3115,3309,3788,4116,4600,4789,5423,6711,8014,8526,8984,9450,10022
21003,"Allen County, Kentucky",20588,19956,17800,14628,14128,12598,12269,13787,15496,15180,16761,14882,14657
20181,"Sherman County, Kansas",5927,6010,6760,6926,7759,7792,6682,7373,6421,7400,5592,4549,3341
20183,"Smith County, Kansas",3570,3853,4536,5078,5947,6757,7776,8846,10582,13545,14985,15365,16384
20187,"Stanton County, Kansas",2084,2235,2406,2333,2339,2287,2108,2263,1443,2152,908,1034,327
20189,"Stevens County, Kansas",5250,5724,5463,5048,4736,4198,4400,4516,3193,4655,3943,2453,620
20193,"Thomas County, Kansas",7930,7900,8180,8258,8451,7501,7358,7572,6425,7334,5517,5455,4112
20195,"Trego County, Kansas",2808,3001,3319,3694,4165,4436,5473,5868,5822,6470,5880,5398,2722
20199,"Wallace County, Kansas",1512,1485,1749,1821,2045,2215,2069,2508,2216,2882,2424,2759,1178
20201,"Washington County, Kansas",5530,5799,6483,7073,8543,9249,10739,12977,15921,17112,17984,20229,21963
20205,"Wilson County, Kansas",8624,9409,10332,10289,12128,11317,13077,14815,17723,18646,21157,19810,15621
20209,"Wyandotte County, Kansas",169245,157505,157882,161993,172335,186845,185495,165318,145071,141211,122218,100068,73227
21001,"Adair County, Kentucky",18903,18656,17244,15360,15233,13037,14699,17603,18566,16401,17289,16503,14888
21005,"Anderson County, Kentucky",23852,21421,19111,14571,12567,9358,8618,8984,8936,8494,9982,10146,10051
21007,"Ballard County, Kentucky",7728,8249,8286,7902,8798,8276,8291,8545,9480,9910,12045,12690,10761
21011,"Bath County, Kentucky",12750,11591,11085,9692,10025,9235,9114,10410,11451,11075,11996,13988,14734
21013,"Bell County, Kentucky",24097,28691,30060,31506,34330,31087,35336,47602,43812,38747,33988,28447,15701
21017,"Bourbon County, Kentucky",20252,19985,19360,19236,19405,18476,18178,17752,17932,18060,18418,17462,18069
21019,"Boyd County, Kentucky",48261,49542,49752,51150,55513,52376,52163,49949,45938,43849,29281,23444,18834
21023,"Bracken County, Kentucky",8400,8488,8279,7766,7738,7227,7422,8424,9389,9616,10210,10308,12137
21027,"Breckinridge County, Kentucky",20432,20059,18648,16312,16861,14789,14734,15528,17744,17368,19652,21034,20534
21029,"Bullitt County, Kentucky",82217,74319,61236,47567,43346,26090,15726,11349,9511,8868,9328,9487,9602
21033,"Caldwell County, Kentucky",12649,12984,13060,13232,13473,13179,13073,13199,14499,13781,13975,14063,14510
21035,"Calloway County, Kentucky",37103,37191,34177,30735,30031,27692,20972,20147,19041,17662,20802,19867,17633
21039,"Carlisle County, Kentucky",4826,5104,5351,5238,5487,5354,5608,6206,7650,7363,8231,9048,10195
21041,"Carroll County, Kentucky",10810,10811,10155,9292,9270,8523,7978,8517,8657,8155,8346,8110,9825
21045,"Casey County, Kentucky",15941,15955,15447,14211,14818,12930,14327,17446,19962,16747,17213,15479,15144
21047,"Christian County, Kentucky",72748,73955,72265,68941,66878,56224,56904,42359,36129,34283,35883,38845,37962
21051,"Clay County, Kentucky",20345,21730,24556,21746,22752,18481,20748,23116,23901,18526,19795,17789,15364
21053,"Clinton County, Kentucky",9253,10272,9634,9135,9321,8174,8886,10605,10279,9004,8589,8153,7871
21057,"Cumberland County, Kentucky",5888,6856,7147,6784,7289,6850,7835,9309,11923,10204,10648,9846,8962
21059,"Daviess County, Kentucky",103312,96656,91545,87189,85949,79486,70588,57241,52335,43779,40733,41020,38667
21063,"Elliott County, Kentucky",7354,7852,6748,6455,6908,5933,6330,7085,8713,7571,8887,9814,10387
21067,"Fayette County, Kentucky",322570,295803,260512,225366,204165,174323,131906,100746,78899,68543,54664,47715,42071
21069,"Fleming County, Kentucky",15082,14348,13792,12292,12323,11366,10890,11962,13327,12931,15614,16066,17074
21073,"Franklin County, Kentucky",51541,49285,47687,43781,41830,34481,29421,25933,23308,21064,19357,21135,20852
21075,"Fulton County, Kentucky",6515,6813,7752,8271,8971,10183,11256,13668,15413,14927,15197,14114,11546
21079,"Garrard County, Kentucky",16953,16912,14792,11579,10853,9457,9747,11029,11910,11562,12503,11894,12042
21081,"Grant County, Kentucky",24941,24662,22384,15737,13308,9999,9489,9809,9876,9876,10435,10581,13239
21085,"Grayson County, Kentucky",26420,25746,24053,21050,20854,16445,15834,17063,17562,17055,19927,19958,19878
21087,"Green County, Kentucky",11107,11258,11518,10371,11043,10350,11249,11261,12321,11401,11391,11871,12255
21091,"Hancock County, Kentucky",9095,8565,8392,7864,7742,7080,5330,6009,6807,6147,6945,8512,8914
21093,"Hardin County, Kentucky",110702,105543,94174,89240,88917,78421,67789,50312,29108,20913,24287,22696,22937
21097,"Harrison County, Kentucky",18692,18846,17983,16248,15166,14158,13704,13736,15124,14859,15798,16873,18570
21101,"Henderson County, Kentucky",44793,46250,44829,43044,40849,36031,33519,30715,27020,26295,27609,29352,32907
21103,"Henry County, Kentucky",15678,15416,15060,12823,12740,10910,10987,11394,12220,12564,13411,13716,14620
21105,"Hickman County, Kentucky",4521,4902,5262,5566,6065,6264,6747,7778,9142,8725,10244,11750,11745
21107,"Hopkins County, Kentucky",45423,46920,46519,46126,46174,38167,38458,38815,37789,37449,34133,34291,30995
21109,"Jackson County, Kentucky",12955,13494,13495,11955,11996,10005,10677,13101,16339,10467,11687,10734,10561
21111,"Jefferson County, Kentucky",782969,741096,693604,664937,685004,695055,610947,484615,385392,355350,286369,262920,232549
21113,"Jessamine County, Kentucky",52991,48586,39041,30508,26146,17430,13625,12458,12174,12431,12205,12613,11925
21115,"Johnson County, Kentucky",22680,23356,23445,23248,24432,17539,19748,23846,25771,22968,19622,17482,13730
21117,"Kenton County, Kentucky",169064,159720,151464,142031,137058,129440,120700,104254,93139,93534,73453,70355,63591
21119,"Knott County, Kentucky",14251,16346,17649,17906,17940,14698,17362,20320,20007,15230,11655,10791,8704
21121,"Knox County, Kentucky",30193,31883,31795,29676,30239,23689,25258,30409,31029,26266,24172,22116,17372
21123,"Larue County, Kentucky",14867,14193,13373,11679,11922,10672,10346,9956,9622,9093,10004,10701,10764
21125,"Laurel County, Kentucky",62613,58849,52715,43438,38982,27386,24901,25797,25640,21109,19814,19872,17592
21127,"Lawrence County, Kentucky",16293,15860,15569,13998,14121,10726,12134,14418,17275,16713,17643,20067,19612
21129,"Lee County, Kentucky",7395,7887,7916,7422,7754,6587,7420,8739,10860,9729,11918,9531,7988
21131,"Leslie County, Kentucky",10513,11310,12401,13642,14882,11623,10941,15537,14981,10765,10097,8976,6753
21133,"Letcher County, Kentucky",21548,24519,25277,27000,30687,23165,30102,39522,40592,35702,24467,10623,9172
46102,"Oglala Lakota County, South Dakota",13672,13586,12466,9902,11323,8198,6000,5669,5366,4058,2003,0,0
46105,"Perkins County, South Dakota",2835,2982,3363,3932,4700,4769,5977,6776,6585,8717,7993,11348,0
46107,"Potter County, South Dakota",2472,2329,2693,3190,3674,4449,4926,4688,4614,5762,4382,4466,2988
46109,"Roberts County, South Dakota",10280,10149,10016,9914,10911,11678,13190,14929,15887,15782,16514,14897,12216
46115,"Spink County, South Dakota",6361,6415,7454,7981,9201,10595,11706,12204,12527,15304,15768,15981,9487
46117,"Stanley County, South Dakota",2980,2966,2772,2453,2533,2457,4085,2055,1959,2381,2908,14975,1341
46121,"Todd County, South Dakota",9319,9612,9050,8352,7328,6606,4661,4758,5714,5898,2784,2164,0
46123,"Tripp County, South Dakota",5624,5644,6430,6924,7268,8171,8761,9139,9937,12712,11970,8323,0
46127,"Union County, South Dakota",16811,14399,12584,10189,10938,9643,10197,10792,11675,11480,11099,10676,11153
46129,"Walworth County, South Dakota",5315,5438,5974,6087,7011,7842,8097,7648,7274,8791,8447,6488,3839
46137,"Ziebach County, South Dakota",2413,2801,2519,2220,2308,2221,2495,2606,2875,4039,3718,0,0
47001,"Anderson County, Tennessee",77123,75129,71330,68250,67346,60300,60032,59407,26504,19722,18298,17717,17634
47005,"Benton County, Tennessee",15864,16489,16537,14524,14901,12126,10662,11495,11976,11237,12046,12452,11888
47007,"Bledsoe County, Tennessee",14913,12876,12367,9669,9478,7643,7811,8561,8358,7128,7218,6329,6626
47011,"Bradley County, Tennessee",108620,98963,87965,73712,67547,50686,38324,32338,28498,22870,18652,16336,15759
47013,"Campbell County, Tennessee",39272,40716,39854,35079,34923,26045,27936,34369,31131,26827,28265,27387,17317
47017,"Carroll County, Tennessee",28440,28522,29475,27514,28285,25741,23476,26553,25978,26132,24361,23971,24250
47019,"Carter County, Tennessee",56356,57424,56742,51505,50205,42575,41578,42432,35127,29223,21488,19838,16688
47023,"Chester County, Tennessee",17341,17131,15540,12819,12727,9927,9569,11149,11124,10603,9669,9090,9896
47025,"Claiborne County, Tennessee",32043,32213,29862,26137,24595,19420,19067,24788,24657,24313,23286,23504,20696
47029,"Cocke County, Tennessee",35999,35662,33565,29141,28792,25283,23390,22991,24083,21775,20782,19399,19153
47031,"Coffee County, Tennessee",57889,52796,48014,40339,38311,32572,28603,23049,18959,16801,17344,15625,15574
47035,"Cumberland County, Tennessee",61145,56053,46802,34736,28676,20733,19135,18877,15592,11440,10094,9327,8311
47037,"Davidson County, Tennessee",715884,626681,569891,510784,477811,448003,399743,321758,257267,222854,167815,149478,122815
47041,"DeKalb County, Tennessee",20080,18723,17423,14360,13589,11151,10774,11680,14588,14213,15370,15434,16460
47043,"Dickson County, Tennessee",54315,49666,43156,35061,30037,21977,18839,18805,19718,18491,19342,19955,18635
47045,"Dyer County, Tennessee",36801,38335,37279,34854,34663,30427,29537,33473,34920,31405,29983,27721,23776
47047,"Fayette County, Tennessee",41990,38413,28806,25559,25305,22692,24577,27535,30322,28891,31499,30257,29701
47049,"Fentress County, Tennessee",18489,17959,16625,14669,14826,12593,13288,14917,14262,11036,10435,7446,6106
47051,"Franklin County, Tennessee",42774,41052,39270,34725,31983,27244,25528,25431,23892,21796,20641,20491,20392
47053,"Gibson County, Tennessee",50429,49683,48152,46315,49467,47871,44699,48132,44835,46528,43388,41630,39408
47055,"Giles County, Tennessee",30346,29485,29447,25741,24625,22138,22410,26961,29240,28016,30948,32629,33035
47057,"Grainger County, Tennessee",23527,22657,20659,17095,16751,13948,12506,13086,14356,12737,13369,13888,15512
47059,"Greene County, Tennessee",70152,68831,62909,55853,54422,47630,42163,41048,39405,35119,32824,31083,30596
47061,"Grundy County, Tennessee",13529,13703,14332,13362,13787,10631,11512,12558,11552,9717,9753,8322,7802
47063,"Hamblen County, Tennessee",64499,62544,58128,50480,49300,38696,33092,23976,18611,16616,15056,13650,12728
47065,"Hamilton County, Tennessee",366207,336463,307896,285536,287740,254236,237905,208255,180478,159497,115954,89267,61695
47067,"Hancock County, Tennessee",6662,6819,6786,6739,6887,6719,7757,9116,11231,9673,10454,10778,11147
47069,"Hardeman County, Tennessee",25462,27253,28105,23377,23873,22435,21517,23311,23590,22193,22278,23011,22976
47071,"Hardin County, Tennessee",26831,26026,25578,22633,22280,18212,17397,16908,17806,16213,17291,17521,19246
47073,"Hawkins County, Tennessee",56721,56833,53563,44565,43751,33726,30468,30494,28523,24117,22918,23587,24267
47075,"Haywood County, Tennessee",17864,18787,19797,19437,20318,19596,23393,26212,27699,26063,25386,25910,25189
47077,"Henderson County, Tennessee",27842,27769,25522,21844,21390,17291,16115,17173,19220,17655,18436,17030,18117
47079,"Henry County, Tennessee",32199,32330,31115,27888,28656,23749,22275,23828,25877,26432,27151,25434,24208
47081,"Hickman County, Tennessee",24925,24690,22295,16754,15151,12096,11862,13353,14873,13613,16216,16527,16367
47083,"Houston County, Tennessee",8283,8426,8088,7018,6871,5845,4794,5318,6432,5555,6212,6224,6476
47085,"Humphreys County, Tennessee",18990,18538,17929,15795,15957,13560,11511,11030,12421,12039,13482,13908,13398
47089,"Jefferson County, Tennessee",54683,51407,44294,33016,31284,24940,21493,19667,18621,17914,17677,17755,18590
47091,"Johnson County, Tennessee",17948,18244,17499,13766,13745,11569,10765,12278,12998,12209,12230,13191,10589
47095,"Lake County, Tennessee",7005,7832,7954,7129,7455,7896,9572,11655,11235,10486,9075,8704,7368
47097,"Lauderdale County, Tennessee",25143,27815,27101,23491,24555,20271,21844,25047,24461,23406,21494,21105,21971
47101,"Lewis County, Tennessee",12582,12161,11367,9247,9700,6761,6269,6078,5849,5258,5707,6033,4455
47103,"Lincoln County, Tennessee",35319,33361,31340,28157,26483,24318,23829,25624,27214,25422,25786,25908,26304
47107,"McMinn County, Tennessee",53276,52266,49015,42383,41878,35462,33662,32024,30781,29019,25133,21046,19163
47109,"McNairy County, Tennessee",25866,26075,24653,22422,22525,18369,18085,20390,20424,19901,18350,16356,17760
47113,"Madison County, Tennessee",98823,98294,91837,77982,74546,65727,60655,60128,54115,51059,43824,39357,36333
47115,"Marion County, Tennessee",28837,28237,27776,24860,24416,20577,21036,20520,19140,17549,17402,18820,17281
47119,"Maury County, Tennessee",100974,80956,69498,54812,51095,43376,41699,40368,40357,34016,35403,40456,42703
21015,"Boone County, Kentucky",135968,118811,85991,57589,45842,32812,21940,13015,10820,9595,9572,9420,11170
21021,"Boyle County, Kentucky",30614,28432,27697,25641,25066,21090,21257,20532,17075,16282,14998,14668,13817
21025,"Breathitt County, Kentucky",13718,13878,16100,15703,17004,14221,15490,19964,23946,21143,20614,17540,14322
21031,"Butler County, Kentucky",12371,12690,13010,11245,11064,9723,9586,11309,14371,12620,15197,15805,15896
21037,"Campbell County, Kentucky",93076,90336,88616,83866,83317,88501,86803,76196,71918,73391,61868,59369,54223
21043,"Carter County, Kentucky",26627,27720,26889,24340,25060,19850,20817,22559,25545,23839,22474,21966,20228
21049,"Clark County, Kentucky",36972,35613,33144,29496,28322,24090,21075,18898,17988,17640,17901,17987,16694
21055,"Crittenden County, Kentucky",8990,9315,9384,9196,9207,8493,8648,10818,12115,11931,13125,13296,15191
21061,"Edmonson County, Kentucky",12126,12161,11644,10357,9962,8751,8085,9376,11344,11475,10894,10469,10080
21065,"Estill County, Kentucky",14163,14672,15307,14614,14495,12752,12466,14677,17978,17079,15569,12273,11669
21071,"Floyd County, Kentucky",35942,39451,42441,43586,48764,35889,41642,53500,52986,41942,27427,18623,15552
21077,"Gallatin County, Kentucky",8690,8589,7870,5393,4842,4134,3867,3969,4307,4437,4664,4697,5163
21083,"Graves County, Kentucky",36649,37121,37028,33550,34049,30939,30021,31364,31763,30778,32483,33539,33204
21089,"Greenup County, Kentucky",35962,36910,36891,36742,39132,33192,29238,24887,24917,24554,20062,18475,15432
21095,"Harlan County, Kentucky",26831,29278,33202,36574,41889,37370,51107,71751,75275,64557,31546,10566,9838
21099,"Hart County, Kentucky",19288,18199,17445,14890,15402,13980,14119,15321,17239,16169,18544,18173,18390
21149,"McLean County, Kentucky",9152,9531,9938,9628,10090,9062,9355,10021,11446,11072,12502,13241,12448
21153,"Magoffin County, Kentucky",11637,13333,13332,13077,13515,10443,11156,13839,17490,15719,13859,13654,12006
21159,"Martin County, Kentucky",11287,12929,12578,12526,13925,9377,10201,11677,10970,8584,7654,7291,5780
21165,"Menifee County, Kentucky",6113,6306,6556,5092,5117,4050,4276,4798,5691,4958,5779,6153,6818
21171,"Monroe County, Kentucky",11338,10963,11756,11401,12353,11642,11799,13770,14070,13077,14214,13663,13053
21177,"Muhlenberg County, Kentucky",30928,31499,31839,31318,32238,27537,27791,32501,37554,37784,33353,28598,20741
21183,"Ohio County, Kentucky",23772,23842,22916,21105,21765,18790,17725,20840,24421,24469,26473,27642,27287
21189,"Owsley County, Kentucky",4051,4755,4858,5036,5709,5023,5369,7324,8957,7223,7820,7979,6874
21193,"Perry County, Kentucky",28473,28712,29390,30283,33763,25714,34961,46566,47828,42186,26042,11255,8276
21199,"Pulaski County, Kentucky",65034,63063,56217,49489,45803,35234,34403,38452,39863,35640,34010,35986,31293
21205,"Rowan County, Kentucky",24662,23333,22094,20353,19049,17010,12808,12708,12734,10893,9467,9438,8277
21211,"Shelby County, Kentucky",48065,42074,33337,24824,23328,18999,18493,17912,17759,17679,18532,18041,18340
21217,"Taylor County, Kentucky",26023,24512,22927,21146,21178,17138,16285,14403,13556,12047,12236,11961,11075
21221,"Trigg County, Kentucky",14061,14339,12597,10361,9384,8620,8870,9683,12784,12531,14208,14539,14073
21227,"Warren County, Kentucky",134554,113792,92522,76673,71828,57432,45491,42758,36631,33676,30858,30579,29970
21233,"Webster County, Kentucky",13017,13621,14120,13955,14832,13282,14244,15555,19198,20534,20762,20974,20097
21239,"Woodford County, Kentucky",26871,24939,23208,19955,17778,14434,11913,11212,11847,10981,11784,12571,13134
23005,"Cumberland County, Maine",303069,281674,265612,243135,215789,192528,182751,169201,146000,134645,124376,112014,100689
23011,"Kennebec County, Maine",123642,122151,117114,115904,109889,95247,89150,83881,77231,70691,63844,62863,59117
23017,"Oxford County, Maine",57777,57833,54755,52602,48968,43457,44345,44221,42662,41483,37700,36256,32238
23023,"Sagadahoc County, Maine",36699,35293,35214,33535,28795,23452,22793,20911,19123,16927,23021,18574,20330
23027,"Waldo County, Maine",39607,38786,36280,33018,28414,23328,22632,21687,21159,20286,21328,23383,24185
27001,"Aitkin County, Minnesota",15697,16202,15301,12425,13404,11403,12162,14327,17865,15009,15043,10371,6743
27047,"Freeborn County, Minnesota",30895,31255,32584,33060,36329,38064,37891,34517,31780,28741,24692,22282,21838
27053,"Hennepin County, Minnesota",1281565,1152425,1116200,1032431,941411,960080,842854,676579,568899,517785,415419,333480,228340
27059,"Isanti County, Minnesota",41135,37816,31287,25921,23600,16560,13530,12123,12950,12081,13278,12615,11675
27063,"Jackson County, Minnesota",9989,10266,11268,11677,13690,14352,15501,16306,16805,15863,15955,14491,14793
27069,"Kittson County, Minnesota",4207,4552,5285,5767,6672,6853,8343,9649,10717,9688,10638,9669,7889
27075,"Lake County, Minnesota",10905,10866,11058,10415,13043,13351,13702,7781,6956,7068,8251,8011,4654
27081,"Lincoln County, Minnesota",5640,5896,6429,6890,8207,8143,9651,10150,10797,11303,11268,9874,8966
27087,"Mahnomen County, Minnesota",5411,5413,5190,5044,5535,5638,6341,7059,8054,6153,6197,3249,0
27093,"Meeker County, Minnesota",23400,23300,22644,20846,20594,18810,18887,18966,19277,17914,18103,17022,17753
27099,"Mower County, Minnesota",40029,39163,38603,37385,40390,43783,48498,42277,36113,28065,25993,22640,22335
21009,"Barren County, Kentucky",44485,42173,38033,34001,34009,28677,28303,28461,27559,25844,25356,25293,23197
27105,"Nobles County, Minnesota",22290,21378,20832,20098,21840,23208,23365,22435,21215,18618,17917,15210,14932
27111,"Otter Tail County, Minnesota",60081,57303,57159,50714,51937,46097,48960,51320,53192,51006,50818,46036,45375
27117,"Pipestone County, Minnesota",9424,9596,9895,10491,11690,12791,13605,14003,13794,12238,12050,9553,9264
27123,"Ramsey County, Minnesota",552352,508640,511035,485765,459784,476255,422525,355332,309935,286721,244554,223675,170554
27129,"Renville County, Minnesota",14723,15730,17154,17673,20401,21139,23249,23954,24625,23645,23634,23123,23693
27135,"Roseau County, Minnesota",15331,15629,16338,15026,12574,11569,12154,14505,15103,12621,13305,11338,6994
27141,"Sherburne County, Minnesota",97183,88499,64417,41945,29908,18344,12861,10661,10456,9709,9651,8136,7281
27147,"Steele County, Minnesota",37406,36576,33680,30729,30328,26931,25029,21155,19749,18475,18061,16146,16524
27153,"Todd County, Minnesota",25262,24895,24426,23363,24991,22114,23119,25420,27438,26170,26059,23407,22214
